student_id,name,age,department,marks,attendance
1,Student_1,22,CSE,36,78.96
2,Student_2,19,IT,57,84.05
3,Student_3,18,ECE,67,84.33
4,Student_4,20,IT,70,76.95
5,Student_5,21,EEE,93,70.08
6,Student_6,21,EEE,85,83.38
7,Student_7,18,CIVIL,82,82.46
8,Student_8,22,CIVIL,71,71.94
9,Student_9,18,MECH,43,73.45
10,Student_10,20,IT,76,94.46
11,Student_11,20,IT,73,67.53
12,Student_12,22,ECE,42,92.22
13,Student_13,24,CIVIL,86,86.42
14,Student_14,23,ECE,38,86.22
15,Student_15,20,EEE,88,76.18
16,Student_16,23,CSE,59,73.73
17,Student_17,23,ECE,95,96.26
18,Student_18,23,EEE,99,72.01
19,Student_19,19,IT,58,71.75
20,Student_20,21,ECE,68,89.01
21,Student_21,22,ECE,77,86.18
22,Student_22,19,EEE,63,89.77
23,Student_23,20,MECH,77,74.87
24,Student_24,22,EEE,94,94.05
25,Student_25,21,CSE,44,78.89
26,Student_26,19,CIVIL,50,94.7
27,Student_27,21,CIVIL,73,76.52
28,Student_28,24,ECE,52,99.69
29,Student_29,20,MECH,93,65.73
30,Student_30,24,IT,58,91.16
31,Student_31,21,EEE,57,72.54
32,Student_32,18,CSE,92,70.94
33,Student_33,24,ECE,55,79.58
34,Student_34,24,CSE,51,84.58
35,Student_35,23,MECH,86,77.16
36,Student_36,21,MECH,35,61.51
37,Student_37,19,IT,82,98.0
38,Student_38,20,CIVIL,59,60.72
39,Student_39,18,IT,66,69.05
40,Student_40,20,EEE,51,64.11
41,Student_41,22,CIVIL,74,66.68
42,Student_42,24,CSE,73,97.94
43,Student_43,21,IT,78,77.35
44,Student_44,23,ECE,78,99.85
45,Student_45,21,EEE,59,66.6
46,Student_46,24,MECH,37,69.14
47,Student_47,23,ECE,62,89.36
48,Student_48,22,CIVIL,56,64.93
49,Student_49,23,IT,39,75.01
50,Student_50,23,EEE,41,83.76
51,Student_51,18,IT,48,86.14
52,Student_52,18,CSE,49,76.67
53,Student_53,21,CSE,67,78.98
54,Student_54,19,ECE,36,72.04
55,Student_55,23,CSE,69,84.91
56,Student_56,23,ECE,88,93.23
57,Student_57,18,CIVIL,50,71.31
58,Student_58,24,CSE,98,67.95
59,Student_59,19,EEE,60,74.32
60,Student_60,21,EEE,55,61.58
61,Student_61,21,ECE,96,73.22
62,Student_62,18,CSE,46,96.28
63,Student_63,24,CIVIL,98,65.97
64,Student_64,18,CIVIL,44,88.94
65,Student_65,18,EEE,64,78.27
66,Student_66,20,EEE,94,62.0
67,Student_67,24,ECE,40,94.09
68,Student_68,20,IT,75,77.04
69,Student_69,18,CSE,40,60.39
70,Student_70,19,IT,56,73.15
71,Student_71,21,CIVIL,69,95.14
72,Student_72,18,EEE,78,67.31
73,Student_73,21,MECH,93,70.87
74,Student_74,21,IT,96,92.0
75,Student_75,23,ECE,49,65.3
76,Student_76,23,CSE,55,64.15
77,Student_77,22,MECH,91,67.25
78,Student_78,21,EEE,38,94.5
79,Student_79,24,IT,51,79.32
80,Student_80,21,CSE,87,77.63
81,Student_81,18,EEE,75,60.49
82,Student_82,24,IT,63,99.12
83,Student_83,23,EEE,47,77.31
84,Student_84,23,ECE,96,73.83
85,Student_85,23,IT,84,65.95
86,Student_86,24,CIVIL,41,60.47
87,Student_87,19,CIVIL,95,94.07
88,Student_88,24,ECE,44,90.06
89,Student_89,20,ECE,77,98.81
90,Student_90,18,CIVIL,63,82.02
91,Student_91,21,MECH,65,63.15
92,Student_92,21,CIVIL,92,63.52
93,Student_93,21,MECH,75,64.75
94,Student_94,21,IT,37,64.11
95,Student_95,21,CSE,35,93.04
96,Student_96,24,CIVIL,73,95.6
97,Student_97,22,ECE,93,98.01
98,Student_98,20,CSE,63,93.77
99,Student_99,20,CIVIL,95,88.67
100,Student_100,20,IT,92,64.56
101,Student_101,24,IT,63,60.09
102,Student_102,20,IT,72,81.91
103,Student_103,20,IT,48,61.83
104,Student_104,19,MECH,52,92.87
105,Student_105,23,IT,87,64.28
106,Student_106,22,ECE,59,64.83
107,Student_107,24,MECH,62,78.28
108,Student_108,24,ECE,78,64.31
109,Student_109,21,CSE,50,90.89
110,Student_110,21,MECH,99,65.39
111,Student_111,21,CSE,41,82.13
112,Student_112,21,CIVIL,96,96.97
113,Student_113,24,ECE,57,89.22
114,Student_114,19,CSE,84,86.3
115,Student_115,22,EEE,99,95.26
116,Student_116,21,CIVIL,66,70.94
117,Student_117,20,EEE,92,92.19
118,Student_118,19,MECH,100,71.96
119,Student_119,23,CIVIL,75,88.47
120,Student_120,22,IT,62,68.04
121,Student_121,22,IT,72,87.46
122,Student_122,23,ECE,57,80.16
123,Student_123,23,IT,76,88.41
124,Student_124,24,EEE,96,83.31
125,Student_125,23,IT,88,86.97
126,Student_126,24,CIVIL,71,95.1
127,Student_127,21,CSE,48,61.01
128,Student_128,19,CSE,42,68.0
129,Student_129,24,ECE,71,87.34
130,Student_130,19,CSE,72,68.16
131,Student_131,22,CSE,80,92.56
132,Student_132,18,CIVIL,63,89.7
133,Student_133,22,MECH,65,80.44
134,Student_134,24,IT,71,87.72
135,Student_135,18,MECH,84,76.66
136,Student_136,24,IT,75,98.63
137,Student_137,18,CSE,67,68.12
138,Student_138,24,MECH,63,96.46
139,Student_139,23,IT,82,90.2
140,Student_140,22,IT,60,91.05
141,Student_141,19,EEE,92,67.1
142,Student_142,23,CSE,58,98.5
143,Student_143,23,CIVIL,50,75.09
144,Student_144,21,EEE,68,65.2
145,Student_145,22,EEE,35,73.22
146,Student_146,23,ECE,40,66.15
147,Student_147,20,CIVIL,41,90.95
148,Student_148,23,CIVIL,73,79.62
149,Student_149,22,CIVIL,80,62.92
150,Student_150,23,EEE,63,98.28
151,Student_151,22,CSE,99,66.37
152,Student_152,22,CIVIL,86,63.68
153,Student_153,19,ECE,77,73.24
154,Student_154,20,ECE,95,99.87
155,Student_155,24,IT,36,64.59
156,Student_156,20,MECH,65,96.18
157,Student_157,22,CIVIL,66,98.36
158,Student_158,23,EEE,83,96.64
159,Student_159,18,MECH,67,81.61
160,Student_160,20,CSE,82,80.57
161,Student_161,22,MECH,97,61.75
162,Student_162,23,ECE,76,80.56
163,Student_163,18,ECE,35,85.08
164,Student_164,19,IT,62,94.6
165,Student_165,21,CSE,61,81.51
166,Student_166,23,IT,90,85.86
167,Student_167,18,IT,54,60.95
168,Student_168,23,EEE,39,63.5
169,Student_169,18,ECE,67,82.32
170,Student_170,22,ECE,68,76.31
171,Student_171,21,IT,86,77.32
172,Student_172,18,MECH,50,81.39
173,Student_173,23,IT,43,90.24
174,Student_174,22,CSE,44,74.31
175,Student_175,22,CSE,72,91.48
176,Student_176,20,CIVIL,46,71.26
177,Student_177,21,MECH,85,92.88
178,Student_178,18,MECH,55,81.34
179,Student_179,19,IT,85,91.87
180,Student_180,24,CIVIL,72,98.41
181,Student_181,19,EEE,82,98.3
182,Student_182,18,CIVIL,53,64.93
183,Student_183,18,CIVIL,85,81.49
184,Student_184,18,EEE,61,89.93
185,Student_185,23,EEE,62,76.51
186,Student_186,23,CIVIL,53,66.44
187,Student_187,19,CIVIL,67,67.77
188,Student_188,19,IT,41,94.06
189,Student_189,22,MECH,44,71.63
190,Student_190,18,EEE,47,67.9
191,Student_191,22,MECH,77,74.29
192,Student_192,23,IT,65,64.0
193,Student_193,22,CSE,59,72.71
194,Student_194,21,EEE,74,87.74
195,Student_195,19,CIVIL,81,92.31
196,Student_196,21,ECE,35,72.53
197,Student_197,24,ECE,90,71.07
198,Student_198,20,ECE,77,95.12
199,Student_199,21,MECH,80,90.99
200,Student_200,21,CIVIL,48,67.03
201,Student_201,22,CSE,70,94.35
202,Student_202,19,CIVIL,60,70.53
203,Student_203,23,CSE,44,95.68
204,Student_204,24,CIVIL,38,92.51
205,Student_205,22,MECH,62,96.25
206,Student_206,22,EEE,95,86.16
207,Student_207,19,EEE,85,68.93
208,Student_208,24,CIVIL,72,65.36
209,Student_209,22,CIVIL,46,75.87
210,Student_210,22,CSE,65,93.92
211,Student_211,24,CIVIL,56,90.29
212,Student_212,19,MECH,55,67.17
213,Student_213,22,IT,53,89.44
214,Student_214,21,EEE,40,68.75
215,Student_215,21,ECE,43,70.57
216,Student_216,19,CSE,61,80.72
217,Student_217,24,EEE,84,78.79
218,Student_218,21,CSE,40,99.22
219,Student_219,20,CSE,70,93.39
220,Student_220,20,CIVIL,57,75.07
221,Student_221,21,EEE,44,80.67
222,Student_222,21,ECE,86,74.12
223,Student_223,24,EEE,97,91.71
224,Student_224,22,CSE,99,95.28
225,Student_225,21,ECE,64,63.08
226,Student_226,23,EEE,62,66.01
227,Student_227,19,EEE,50,86.44
228,Student_228,21,EEE,49,79.26
229,Student_229,21,MECH,61,83.63
230,Student_230,23,MECH,37,69.75
231,Student_231,19,CIVIL,55,65.39
232,Student_232,22,CSE,53,62.24
233,Student_233,20,ECE,86,83.97
234,Student_234,22,IT,37,95.14
235,Student_235,23,IT,71,97.89
236,Student_236,19,MECH,95,94.69
237,Student_237,19,ECE,87,84.03
238,Student_238,24,CIVIL,58,84.93
239,Student_239,22,EEE,56,88.97
240,Student_240,20,MECH,43,69.19
241,Student_241,21,ECE,48,60.66
242,Student_242,22,CIVIL,88,93.06
243,Student_243,22,CSE,57,79.03
244,Student_244,22,CIVIL,39,95.11
245,Student_245,22,CIVIL,50,63.73
246,Student_246,23,ECE,35,95.88
247,Student_247,24,IT,90,80.88
248,Student_248,20,CSE,89,69.18
249,Student_249,24,MECH,83,74.02
250,Student_250,24,IT,47,77.02
251,Student_251,20,MECH,64,96.4
252,Student_252,18,EEE,87,70.31
253,Student_253,18,IT,35,83.12
254,Student_254,18,CIVIL,35,75.0
255,Student_255,19,IT,75,76.35
256,Student_256,18,ECE,89,86.06
257,Student_257,20,EEE,89,82.59
258,Student_258,22,EEE,85,90.2
259,Student_259,21,CIVIL,96,67.15
260,Student_260,22,CIVIL,96,70.15
261,Student_261,20,CIVIL,79,90.97
262,Student_262,21,IT,52,94.2
263,Student_263,23,CSE,64,77.86
264,Student_264,23,ECE,47,68.58
265,Student_265,21,EEE,41,66.43
266,Student_266,23,CSE,46,92.93
267,Student_267,21,CIVIL,90,63.53
268,Student_268,20,ECE,82,63.2
269,Student_269,18,IT,84,97.23
270,Student_270,21,CIVIL,71,88.46
271,Student_271,22,CSE,57,85.61
272,Student_272,21,CSE,60,94.02
273,Student_273,24,CIVIL,71,67.79
274,Student_274,24,CIVIL,100,80.63
275,Student_275,19,CIVIL,56,86.96
276,Student_276,20,ECE,35,99.03
277,Student_277,18,EEE,86,74.13
278,Student_278,21,MECH,60,80.71
279,Student_279,23,IT,43,96.77
280,Student_280,22,EEE,79,73.9
281,Student_281,24,EEE,63,84.25
282,Student_282,19,MECH,86,83.0
283,Student_283,20,ECE,87,80.25
284,Student_284,22,CSE,99,71.77
285,Student_285,18,CIVIL,67,95.04
286,Student_286,24,CIVIL,67,87.77
287,Student_287,21,CIVIL,96,90.8
288,Student_288,24,EEE,93,87.26
289,Student_289,22,CSE,96,64.65
290,Student_290,18,MECH,63,87.08
291,Student_291,19,EEE,87,98.22
292,Student_292,22,CIVIL,36,88.03
293,Student_293,20,ECE,71,63.72
294,Student_294,23,IT,78,63.04
295,Student_295,19,MECH,75,74.14
296,Student_296,22,EEE,58,97.88
297,Student_297,23,ECE,98,89.48
298,Student_298,19,IT,65,94.91
299,Student_299,19,ECE,60,93.4
300,Student_300,24,CIVIL,80,66.24
301,Student_301,18,CSE,45,87.03
302,Student_302,23,MECH,35,90.57
303,Student_303,22,CSE,96,74.85
304,Student_304,20,MECH,70,79.63
305,Student_305,24,CIVIL,70,75.92
306,Student_306,24,CIVIL,51,62.17
307,Student_307,24,MECH,96,97.59
308,Student_308,18,CIVIL,79,75.75
309,Student_309,23,ECE,93,99.06
310,Student_310,23,CIVIL,93,72.63
311,Student_311,18,CSE,61,75.18
312,Student_312,18,EEE,81,84.51
313,Student_313,20,ECE,68,69.49
314,Student_314,21,CIVIL,78,74.64
315,Student_315,21,MECH,61,76.76
316,Student_316,24,EEE,81,94.17
317,Student_317,20,MECH,58,82.86
318,Student_318,22,IT,64,92.57
319,Student_319,23,EEE,65,82.21
320,Student_320,24,MECH,60,65.83
321,Student_321,23,ECE,95,92.23
322,Student_322,19,MECH,98,65.38
323,Student_323,24,IT,75,91.41
324,Student_324,20,EEE,41,75.94
325,Student_325,23,ECE,42,68.62
326,Student_326,20,MECH,47,77.99
327,Student_327,20,EEE,81,74.41
328,Student_328,22,EEE,79,60.79
329,Student_329,18,EEE,60,83.07
330,Student_330,23,IT,57,99.17
331,Student_331,20,EEE,76,86.93
332,Student_332,21,IT,92,95.59
333,Student_333,21,CIVIL,71,78.55
334,Student_334,19,ECE,78,76.87
335,Student_335,22,CIVIL,86,93.96
336,Student_336,18,CSE,55,73.75
337,Student_337,20,EEE,72,88.42
338,Student_338,22,IT,85,70.85
339,Student_339,21,EEE,92,76.56
340,Student_340,19,CSE,51,89.11
341,Student_341,23,EEE,45,68.42
342,Student_342,21,CSE,47,62.55
343,Student_343,21,CIVIL,41,61.05
344,Student_344,21,CIVIL,45,64.16
345,Student_345,22,ECE,45,86.19
346,Student_346,21,EEE,64,69.9
347,Student_347,20,MECH,51,65.25
348,Student_348,24,ECE,38,61.41
349,Student_349,20,EEE,95,78.69
350,Student_350,24,CIVIL,69,81.94
351,Student_351,19,IT,57,83.63
352,Student_352,21,IT,90,80.94
353,Student_353,23,CIVIL,74,96.36
354,Student_354,21,CIVIL,64,92.19
355,Student_355,21,EEE,81,76.49
356,Student_356,19,EEE,36,60.0
357,Student_357,24,ECE,79,71.47
358,Student_358,22,CSE,97,97.88
359,Student_359,21,EEE,36,90.63
360,Student_360,24,EEE,64,91.87
361,Student_361,22,EEE,59,76.47
362,Student_362,22,MECH,85,70.0
363,Student_363,23,IT,84,93.14
364,Student_364,19,EEE,45,76.89
365,Student_365,19,CIVIL,69,71.39
366,Student_366,23,CIVIL,69,76.52
367,Student_367,24,CSE,58,65.46
368,Student_368,18,IT,93,84.71
369,Student_369,20,IT,97,67.51
370,Student_370,18,ECE,41,98.79
371,Student_371,18,ECE,48,71.28
372,Student_372,19,IT,91,89.08
373,Student_373,19,CSE,54,60.59
374,Student_374,19,EEE,88,72.46
375,Student_375,24,MECH,82,78.55
376,Student_376,24,CSE,77,63.21
377,Student_377,24,ECE,42,70.66
378,Student_378,21,CSE,95,67.26
379,Student_379,24,EEE,83,93.13
380,Student_380,18,IT,66,75.39
381,Student_381,21,ECE,39,67.97
382,Student_382,23,CSE,61,78.91
383,Student_383,23,EEE,76,66.34
384,Student_384,23,CSE,50,70.13
385,Student_385,23,EEE,60,74.42
386,Student_386,18,IT,62,98.93
387,Student_387,19,IT,90,72.98
388,Student_388,19,EEE,50,75.83
389,Student_389,19,CSE,40,83.24
390,Student_390,23,MECH,54,74.86
391,Student_391,18,ECE,55,80.0
392,Student_392,23,CIVIL,78,97.23
393,Student_393,24,IT,42,62.39
394,Student_394,23,ECE,48,65.03
395,Student_395,19,EEE,79,92.22
396,Student_396,21,IT,59,60.85
397,Student_397,21,EEE,52,70.03
398,Student_398,18,MECH,91,82.36
399,Student_399,22,IT,97,67.59
400,Student_400,19,CIVIL,79,72.95
401,Student_401,21,EEE,55,62.76
402,Student_402,19,MECH,72,92.78
403,Student_403,22,EEE,93,60.03
404,Student_404,23,CIVIL,83,89.35
405,Student_405,18,CIVIL,81,91.04
406,Student_406,19,EEE,43,86.33
407,Student_407,22,MECH,59,80.96
408,Student_408,21,CIVIL,54,84.52
409,Student_409,20,MECH,76,64.42
410,Student_410,22,IT,43,61.75
411,Student_411,19,ECE,39,68.08
412,Student_412,21,ECE,47,61.27
413,Student_413,23,MECH,97,81.03
414,Student_414,23,CIVIL,67,61.96
415,Student_415,19,CIVIL,44,60.52
416,Student_416,19,IT,97,97.14
417,Student_417,24,CSE,94,92.04
418,Student_418,18,EEE,88,92.88
419,Student_419,24,IT,42,92.95
420,Student_420,20,CIVIL,40,89.37
421,Student_421,24,EEE,44,97.78
422,Student_422,22,CSE,47,89.01
423,Student_423,22,MECH,59,67.72
424,Student_424,23,ECE,57,82.34
425,Student_425,22,MECH,48,90.65
426,Student_426,22,EEE,93,88.1
427,Student_427,21,CSE,56,91.7
428,Student_428,22,MECH,99,73.5
429,Student_429,19,CIVIL,91,97.34
430,Student_430,20,CIVIL,76,93.79
431,Student_431,21,IT,90,93.05
432,Student_432,20,CIVIL,65,82.53
433,Student_433,19,MECH,67,74.4
434,Student_434,21,MECH,85,60.01
435,Student_435,18,EEE,37,80.7
436,Student_436,20,CSE,73,99.38
437,Student_437,19,EEE,37,90.86
438,Student_438,23,EEE,100,82.25
439,Student_439,22,ECE,47,61.51
440,Student_440,20,ECE,52,70.6
441,Student_441,22,ECE,64,70.25
442,Student_442,20,CSE,86,82.76
443,Student_443,19,IT,44,88.94
444,Student_444,24,MECH,57,79.53
445,Student_445,23,IT,47,83.81
446,Student_446,20,CSE,83,63.14
447,Student_447,18,EEE,79,95.19
448,Student_448,21,MECH,50,94.79
449,Student_449,19,IT,36,85.36
450,Student_450,23,MECH,41,72.19
451,Student_451,18,EEE,54,73.07
452,Student_452,23,ECE,54,62.02
453,Student_453,23,MECH,92,90.11
454,Student_454,22,CIVIL,46,68.88
455,Student_455,20,MECH,53,65.29
456,Student_456,18,MECH,41,81.93
457,Student_457,20,CSE,86,80.07
458,Student_458,24,IT,51,90.48
459,Student_459,21,CIVIL,60,79.51
460,Student_460,23,CIVIL,60,82.45
461,Student_461,23,CIVIL,66,69.69
462,Student_462,20,MECH,76,87.39
463,Student_463,22,CSE,49,86.87
464,Student_464,21,EEE,79,67.62
465,Student_465,20,CIVIL,38,90.79
466,Student_466,19,EEE,91,84.93
467,Student_467,21,CSE,64,67.99
468,Student_468,20,ECE,45,64.49
469,Student_469,18,ECE,53,94.75
470,Student_470,24,EEE,36,73.73
471,Student_471,24,CSE,74,78.0
472,Student_472,18,EEE,61,89.6
473,Student_473,19,ECE,68,81.95
474,Student_474,22,IT,53,87.8
475,Student_475,23,CSE,83,83.32
476,Student_476,23,CIVIL,40,70.22
477,Student_477,18,EEE,60,91.57
478,Student_478,22,EEE,41,78.6
479,Student_479,18,CSE,84,86.41
480,Student_480,23,IT,81,94.57
481,Student_481,18,EEE,84,69.25
482,Student_482,21,CIVIL,47,96.15
483,Student_483,21,CIVIL,46,67.46
484,Student_484,22,MECH,37,61.59
485,Student_485,22,EEE,77,79.6
486,Student_486,23,ECE,37,73.87
487,Student_487,20,EEE,73,69.45
488,Student_488,22,EEE,42,85.03
489,Student_489,21,CSE,70,69.02
490,Student_490,20,MECH,52,63.51
491,Student_491,21,CIVIL,64,76.69
492,Student_492,22,ECE,89,98.82
493,Student_493,22,EEE,92,81.69
494,Student_494,19,IT,52,83.24
495,Student_495,23,ECE,52,72.36
496,Student_496,23,CIVIL,52,77.2
497,Student_497,24,ECE,55,72.7
498,Student_498,22,CIVIL,50,67.37
499,Student_499,24,ECE,38,90.62
500,Student_500,21,MECH,73,77.72
501,Student_501,24,IT,70,66.08
502,Student_502,19,CSE,51,67.39
503,Student_503,24,CIVIL,69,84.22
504,Student_504,22,ECE,64,69.24
505,Student_505,18,EEE,45,87.53
506,Student_506,21,ECE,99,93.85
507,Student_507,21,IT,82,67.36
508,Student_508,21,MECH,95,65.5
509,Student_509,19,ECE,39,76.34
510,Student_510,18,EEE,87,68.9
511,Student_511,23,ECE,61,62.65
512,Student_512,21,CIVIL,97,87.51
513,Student_513,24,MECH,66,77.1
514,Student_514,24,CSE,83,88.81
515,Student_515,21,CIVIL,39,80.83
516,Student_516,21,MECH,40,95.11
517,Student_517,19,CIVIL,85,99.35
518,Student_518,18,CIVIL,84,80.65
519,Student_519,23,CSE,59,71.65
520,Student_520,21,EEE,71,78.45
521,Student_521,21,EEE,41,87.6
522,Student_522,19,MECH,92,63.62
523,Student_523,22,CSE,58,91.15
524,Student_524,23,CIVIL,52,75.72
525,Student_525,20,MECH,38,67.16
526,Student_526,22,IT,60,95.3
527,Student_527,18,EEE,76,87.67
528,Student_528,23,ECE,50,63.65
529,Student_529,23,MECH,81,63.41
530,Student_530,23,MECH,100,84.48
531,Student_531,19,MECH,83,61.76
532,Student_532,19,EEE,54,66.48
533,Student_533,19,ECE,41,76.78
534,Student_534,20,IT,92,71.55
535,Student_535,19,CSE,51,98.42
536,Student_536,18,CIVIL,67,60.49
537,Student_537,21,MECH,35,84.32
538,Student_538,21,ECE,62,83.55
539,Student_539,21,MECH,87,77.68
540,Student_540,22,CIVIL,35,69.79
541,Student_541,22,EEE,61,61.96
542,Student_542,19,CSE,79,61.47
543,Student_543,24,CSE,73,73.24
544,Student_544,18,CSE,48,76.68
545,Student_545,19,ECE,71,84.44
546,Student_546,23,IT,57,98.65
547,Student_547,23,CIVIL,81,97.26
548,Student_548,18,EEE,76,74.74
549,Student_549,21,CSE,89,93.73
550,Student_550,18,EEE,95,65.38
551,Student_551,23,EEE,77,81.08
552,Student_552,22,ECE,61,84.48
553,Student_553,18,CIVIL,46,79.35
554,Student_554,23,CIVIL,71,77.08
555,Student_555,24,EEE,68,81.02
556,Student_556,22,EEE,51,84.57
557,Student_557,21,CIVIL,98,79.7
558,Student_558,19,CIVIL,64,88.34
559,Student_559,19,CSE,50,60.96
560,Student_560,23,CSE,61,91.98
561,Student_561,21,MECH,40,73.35
562,Student_562,22,IT,62,60.45
563,Student_563,19,IT,71,70.18
564,Student_564,18,EEE,73,80.27
565,Student_565,20,CSE,49,87.43
566,Student_566,20,MECH,38,93.28
567,Student_567,19,EEE,78,96.89
568,Student_568,21,MECH,39,85.83
569,Student_569,21,ECE,93,95.68
570,Student_570,22,EEE,94,91.36
571,Student_571,21,IT,42,93.4
572,Student_572,20,CIVIL,75,82.21
573,Student_573,18,ECE,77,91.98
574,Student_574,24,EEE,43,98.78
575,Student_575,20,CSE,78,99.34
576,Student_576,23,CIVIL,56,82.84
577,Student_577,21,ECE,49,94.58
578,Student_578,24,EEE,75,88.39
579,Student_579,20,MECH,46,79.88
580,Student_580,19,EEE,92,93.18
581,Student_581,20,ECE,73,67.0
582,Student_582,20,CSE,60,96.53
583,Student_583,21,CIVIL,38,91.96
584,Student_584,22,ECE,59,73.6
585,Student_585,21,IT,74,91.02
586,Student_586,19,CSE,51,68.21
587,Student_587,18,MECH,84,88.55
588,Student_588,22,CSE,35,72.44
589,Student_589,18,IT,46,73.33
590,Student_590,18,CSE,74,60.9
591,Student_591,24,EEE,61,72.84
592,Student_592,19,EEE,70,81.29
593,Student_593,24,MECH,50,70.91
594,Student_594,19,EEE,49,60.61
595,Student_595,22,CIVIL,100,64.1
596,Student_596,22,EEE,75,70.84
597,Student_597,23,EEE,66,66.85
598,Student_598,20,CIVIL,78,81.62
599,Student_599,18,ECE,38,78.83
600,Student_600,23,CSE,48,75.34
601,Student_601,18,MECH,85,67.16
602,Student_602,22,CIVIL,92,84.65
603,Student_603,20,EEE,60,88.52
604,Student_604,23,CIVIL,45,98.95
605,Student_605,24,MECH,51,63.72
606,Student_606,24,IT,94,63.89
607,Student_607,20,IT,94,78.82
608,Student_608,19,ECE,68,96.51
609,Student_609,21,ECE,77,91.55
610,Student_610,20,MECH,97,61.21
611,Student_611,21,CSE,79,79.15
612,Student_612,24,ECE,71,90.72
613,Student_613,22,CIVIL,51,80.32
614,Student_614,21,IT,48,73.03
615,Student_615,23,CSE,73,81.31
616,Student_616,21,CIVIL,87,69.54
617,Student_617,19,CIVIL,55,98.96
618,Student_618,21,CSE,78,68.33
619,Student_619,23,CIVIL,90,91.37
620,Student_620,21,CIVIL,78,81.78
621,Student_621,19,ECE,44,89.57
622,Student_622,23,CIVIL,97,64.57
623,Student_623,22,MECH,76,82.2
624,Student_624,24,MECH,57,72.32
625,Student_625,21,CSE,48,87.42
626,Student_626,22,MECH,76,79.77
627,Student_627,23,CSE,46,68.7
628,Student_628,19,CIVIL,35,90.28
629,Student_629,23,ECE,92,81.25
630,Student_630,21,CIVIL,92,67.83
631,Student_631,23,EEE,73,82.81
632,Student_632,23,EEE,90,88.71
633,Student_633,20,CSE,36,84.46
634,Student_634,22,MECH,51,94.1
635,Student_635,18,EEE,41,60.03
636,Student_636,22,EEE,49,94.45
637,Student_637,24,CSE,65,77.27
638,Student_638,22,MECH,75,88.47
639,Student_639,21,MECH,90,81.8
640,Student_640,23,ECE,95,65.56
641,Student_641,22,MECH,81,93.6
642,Student_642,19,EEE,51,65.37
643,Student_643,18,IT,37,65.76
644,Student_644,21,IT,90,99.0
645,Student_645,19,CSE,52,85.69
646,Student_646,21,MECH,89,84.93
647,Student_647,21,CIVIL,89,82.08
648,Student_648,21,MECH,80,69.03
649,Student_649,21,CIVIL,35,83.12
650,Student_650,24,IT,65,88.49
651,Student_651,20,MECH,81,61.34
652,Student_652,18,CIVIL,96,88.2
653,Student_653,18,CIVIL,96,98.47
654,Student_654,18,ECE,70,78.6
655,Student_655,18,CIVIL,46,69.81
656,Student_656,23,IT,44,87.36
657,Student_657,22,CIVIL,74,84.52
658,Student_658,20,CIVIL,36,78.75
659,Student_659,22,MECH,77,76.84
660,Student_660,24,EEE,72,66.7
661,Student_661,23,CIVIL,73,89.08
662,Student_662,22,EEE,42,85.17
663,Student_663,22,ECE,41,86.25
664,Student_664,20,IT,38,71.47
665,Student_665,18,ECE,99,63.07
666,Student_666,24,EEE,67,65.3
667,Student_667,20,EEE,67,60.57
668,Student_668,18,CIVIL,57,96.41
669,Student_669,23,ECE,92,74.79
670,Student_670,19,EEE,65,79.4
671,Student_671,24,CIVIL,39,73.71
672,Student_672,18,ECE,54,93.5
673,Student_673,24,MECH,84,69.52
674,Student_674,21,IT,56,68.43
675,Student_675,23,EEE,41,85.69
676,Student_676,24,CSE,41,66.7
677,Student_677,21,MECH,73,79.05
678,Student_678,24,CIVIL,64,75.19
679,Student_679,23,MECH,95,70.51
680,Student_680,22,MECH,36,71.55
681,Student_681,24,MECH,83,87.14
682,Student_682,22,IT,40,63.89
683,Student_683,22,IT,80,98.25
684,Student_684,21,CIVIL,69,73.4
685,Student_685,20,CSE,67,86.17
686,Student_686,21,MECH,65,89.37
687,Student_687,22,ECE,78,87.11
688,Student_688,19,EEE,36,86.91
689,Student_689,24,CSE,36,76.45
690,Student_690,22,CSE,92,74.06
691,Student_691,23,EEE,67,67.72
692,Student_692,18,CIVIL,46,62.28
693,Student_693,22,IT,62,98.02
694,Student_694,23,CSE,50,63.46
695,Student_695,22,ECE,83,86.26
696,Student_696,23,CIVIL,58,95.84
697,Student_697,23,ECE,67,71.78
698,Student_698,23,CSE,93,96.91
699,Student_699,20,MECH,76,70.29
700,Student_700,24,CSE,70,91.08
701,Student_701,21,MECH,77,99.84
702,Student_702,20,EEE,57,77.62
703,Student_703,21,ECE,85,67.14
704,Student_704,21,CSE,53,81.63
705,Student_705,21,ECE,48,96.5
706,Student_706,23,EEE,48,61.39
707,Student_707,18,CIVIL,67,91.09
708,Student_708,18,MECH,54,86.11
709,Student_709,18,CSE,84,70.66
710,Student_710,23,EEE,85,82.99
711,Student_711,22,IT,97,79.13
712,Student_712,21,IT,43,81.61
713,Student_713,18,MECH,96,64.85
714,Student_714,22,EEE,77,87.27
715,Student_715,21,CSE,46,74.61
716,Student_716,24,EEE,45,93.65
717,Student_717,24,EEE,60,67.06
718,Student_718,18,MECH,59,71.95
719,Student_719,21,CSE,80,79.46
720,Student_720,23,MECH,59,65.6
721,Student_721,19,CSE,65,79.57
722,Student_722,18,CIVIL,74,79.99
723,Student_723,24,MECH,37,61.48
724,Student_724,18,EEE,40,76.22
725,Student_725,19,IT,93,97.6
726,Student_726,24,CIVIL,54,89.64
727,Student_727,19,CSE,39,89.42
728,Student_728,21,IT,37,78.85
729,Student_729,22,CSE,66,88.05
730,Student_730,19,CSE,57,85.31
731,Student_731,20,CSE,93,84.45
732,Student_732,24,CIVIL,43,92.71
733,Student_733,18,CSE,98,83.8
734,Student_734,22,ECE,43,92.18
735,Student_735,21,EEE,86,72.97
736,Student_736,23,CIVIL,52,72.86
737,Student_737,24,ECE,40,83.72
738,Student_738,20,CSE,50,70.96
739,Student_739,24,MECH,56,87.85
740,Student_740,22,ECE,91,69.75
741,Student_741,22,CSE,52,64.0
742,Student_742,24,IT,83,91.11
743,Student_743,18,MECH,45,60.25
744,Student_744,19,CSE,71,76.65
745,Student_745,24,MECH,51,68.25
746,Student_746,23,EEE,92,76.48
747,Student_747,19,CIVIL,39,83.85
748,Student_748,23,MECH,46,85.09
749,Student_749,24,EEE,79,76.75
750,Student_750,22,ECE,59,64.7
751,Student_751,22,CSE,81,94.51
752,Student_752,22,CIVIL,63,78.57
753,Student_753,23,IT,61,71.06
754,Student_754,19,CSE,54,87.41
755,Student_755,21,MECH,57,66.39
756,Student_756,18,CSE,81,71.4
757,Student_757,21,EEE,77,84.67
758,Student_758,24,MECH,40,64.18
759,Student_759,18,CIVIL,57,66.32
760,Student_760,18,MECH,100,64.64
761,Student_761,19,IT,91,83.71
762,Student_762,20,MECH,60,89.88
763,Student_763,20,ECE,49,73.05
764,Student_764,18,ECE,87,94.8
765,Student_765,21,ECE,44,78.84
766,Student_766,21,CSE,90,65.8
767,Student_767,22,MECH,57,75.49
768,Student_768,19,MECH,59,85.28
769,Student_769,20,ECE,77,65.09
770,Student_770,23,CIVIL,42,71.22
771,Student_771,18,MECH,93,76.73
772,Student_772,24,EEE,63,95.46
773,Student_773,22,ECE,56,83.12
774,Student_774,22,ECE,46,76.47
775,Student_775,22,MECH,62,83.66
776,Student_776,24,MECH,70,60.58
777,Student_777,21,IT,66,69.91
778,Student_778,21,CIVIL,63,95.67
779,Student_779,22,ECE,35,76.71
780,Student_780,18,CSE,95,89.34
781,Student_781,22,CSE,89,81.24
782,Student_782,21,IT,47,78.1
783,Student_783,19,CSE,36,87.73
784,Student_784,21,ECE,51,74.34
785,Student_785,19,IT,46,60.64
786,Student_786,23,EEE,55,88.13
787,Student_787,24,CIVIL,38,99.06
788,Student_788,21,ECE,86,67.4
789,Student_789,24,EEE,94,88.16
790,Student_790,18,IT,44,75.4
791,Student_791,23,EEE,39,71.86
792,Student_792,24,EEE,61,91.51
793,Student_793,18,CIVIL,77,89.43
794,Student_794,18,CIVIL,81,95.52
795,Student_795,18,MECH,81,78.61
796,Student_796,18,EEE,81,67.01
797,Student_797,22,IT,43,82.43
798,Student_798,24,ECE,52,99.25
799,Student_799,19,CIVIL,49,85.96
800,Student_800,23,CIVIL,61,90.13
801,Student_801,24,ECE,76,74.11
802,Student_802,20,CIVIL,89,71.09
803,Student_803,18,EEE,79,78.1
804,Student_804,22,CIVIL,50,78.81
805,Student_805,22,IT,72,78.08
806,Student_806,20,IT,43,67.53
807,Student_807,21,CSE,45,75.63
808,Student_808,19,EEE,44,64.37
809,Student_809,20,CSE,53,79.85
810,Student_810,24,ECE,37,71.73
811,Student_811,23,CIVIL,51,78.96
812,Student_812,21,MECH,37,71.66
813,Student_813,18,CSE,64,93.4
814,Student_814,22,IT,77,76.47
815,Student_815,20,IT,76,79.45
816,Student_816,23,IT,91,78.32
817,Student_817,22,ECE,74,66.87
818,Student_818,20,ECE,96,74.88
819,Student_819,20,CSE,53,74.12
820,Student_820,21,ECE,55,88.47
821,Student_821,20,ECE,57,93.57
822,Student_822,23,IT,54,66.45
823,Student_823,18,CSE,75,82.98
824,Student_824,21,EEE,82,67.38
825,Student_825,22,IT,39,86.62
826,Student_826,20,ECE,82,77.94
827,Student_827,19,CIVIL,73,64.86
828,Student_828,18,MECH,98,90.74
829,Student_829,21,EEE,54,60.17
830,Student_830,23,CIVIL,99,73.25
831,Student_831,23,EEE,95,95.84
832,Student_832,24,CIVIL,53,91.98
833,Student_833,23,MECH,78,87.57
834,Student_834,23,MECH,40,65.58
835,Student_835,22,CSE,74,60.99
836,Student_836,22,ECE,92,74.3
837,Student_837,20,CSE,59,83.34
838,Student_838,19,EEE,60,60.9
839,Student_839,22,MECH,46,99.03
840,Student_840,21,ECE,97,72.71
841,Student_841,22,CIVIL,42,96.34
842,Student_842,20,MECH,53,88.64
843,Student_843,21,EEE,84,74.91
844,Student_844,20,EEE,79,72.32
845,Student_845,21,CIVIL,46,68.63
846,Student_846,21,IT,88,92.15
847,Student_847,20,ECE,89,89.14
848,Student_848,21,ECE,46,65.75
849,Student_849,20,MECH,77,62.64
850,Student_850,22,MECH,46,60.26
851,Student_851,23,EEE,88,67.0
852,Student_852,21,IT,52,67.97
853,Student_853,24,MECH,72,82.15
854,Student_854,18,EEE,73,79.76
855,Student_855,23,MECH,63,61.07
856,Student_856,18,ECE,68,72.01
857,Student_857,23,IT,95,64.97
858,Student_858,23,EEE,88,67.17
859,Student_859,23,IT,66,61.14
860,Student_860,24,EEE,98,99.77
861,Student_861,18,CIVIL,81,83.24
862,Student_862,22,MECH,68,85.12
863,Student_863,21,IT,50,74.93
864,Student_864,23,CIVIL,37,93.81
865,Student_865,19,CIVIL,42,65.85
866,Student_866,21,IT,52,74.3
867,Student_867,18,EEE,81,76.78
868,Student_868,20,CSE,72,71.67
869,Student_869,23,CSE,100,67.75
870,Student_870,23,ECE,47,83.95
871,Student_871,19,CIVIL,76,94.9
872,Student_872,24,IT,73,70.86
873,Student_873,23,IT,81,63.83
874,Student_874,22,EEE,53,60.52
875,Student_875,22,EEE,82,91.15
876,Student_876,21,EEE,55,64.1
877,Student_877,19,CIVIL,63,93.26
878,Student_878,24,CIVIL,49,76.69
879,Student_879,18,CSE,51,96.94
880,Student_880,21,EEE,74,87.64
881,Student_881,19,MECH,78,66.89
882,Student_882,20,CSE,50,68.89
883,Student_883,24,IT,53,87.52
884,Student_884,20,ECE,61,65.21
885,Student_885,18,MECH,49,63.11
886,Student_886,24,MECH,90,61.7
887,Student_887,18,CSE,100,83.73
888,Student_888,21,CSE,67,61.73
889,Student_889,20,IT,36,90.18
890,Student_890,24,CSE,61,83.5
891,Student_891,19,ECE,79,61.17
892,Student_892,19,IT,70,97.95
893,Student_893,20,EEE,55,94.21
894,Student_894,24,IT,65,80.2
895,Student_895,18,CSE,36,81.15
896,Student_896,23,ECE,71,66.87
897,Student_897,24,CIVIL,35,98.94
898,Student_898,18,ECE,99,94.05
899,Student_899,21,EEE,58,77.59
900,Student_900,18,ECE,80,99.25
901,Student_901,21,ECE,100,69.1
902,Student_902,18,EEE,50,78.64
903,Student_903,22,ECE,98,90.49
904,Student_904,23,EEE,40,63.29
905,Student_905,21,CSE,84,71.34
906,Student_906,22,IT,74,87.48
907,Student_907,24,MECH,63,82.16
908,Student_908,20,MECH,59,94.27
909,Student_909,24,MECH,82,67.17
910,Student_910,23,MECH,48,75.85
911,Student_911,22,IT,45,64.77
912,Student_912,21,MECH,48,89.66
913,Student_913,19,CSE,81,99.01
914,Student_914,20,ECE,86,64.91
915,Student_915,24,MECH,98,71.14
916,Student_916,23,CIVIL,69,90.25
917,Student_917,24,IT,86,74.24
918,Student_918,23,CIVIL,86,99.5
919,Student_919,22,EEE,53,90.72
920,Student_920,18,CSE,67,79.57
921,Student_921,19,IT,52,61.19
922,Student_922,23,CSE,43,79.93
923,Student_923,18,ECE,83,84.18
924,Student_924,20,ECE,73,84.88
925,Student_925,18,CSE,98,91.71
926,Student_926,19,EEE,98,79.61
927,Student_927,20,CIVIL,78,92.38
928,Student_928,22,CIVIL,37,98.1
929,Student_929,18,MECH,50,75.35
930,Student_930,20,MECH,91,78.39
931,Student_931,18,ECE,73,95.39
932,Student_932,19,MECH,90,65.38
933,Student_933,23,MECH,97,90.56
934,Student_934,22,IT,97,86.4
935,Student_935,23,CIVIL,95,79.04
936,Student_936,24,ECE,99,62.23
937,Student_937,20,MECH,83,84.68
938,Student_938,20,EEE,76,62.46
939,Student_939,22,CSE,51,93.48
940,Student_940,20,IT,38,90.61
941,Student_941,23,EEE,83,63.89
942,Student_942,20,EEE,87,74.05
943,Student_943,23,ECE,66,69.38
944,Student_944,20,CIVIL,45,96.42
945,Student_945,18,EEE,49,73.5
946,Student_946,18,CIVIL,76,61.5
947,Student_947,23,MECH,100,96.06
948,Student_948,20,CSE,95,83.52
949,Student_949,20,MECH,84,72.9
950,Student_950,18,MECH,47,87.63
951,Student_951,19,EEE,98,80.11
952,Student_952,24,IT,78,66.67
953,Student_953,20,EEE,90,68.07
954,Student_954,23,CSE,62,71.49
955,Student_955,18,EEE,86,92.18
956,Student_956,22,IT,46,88.71
957,Student_957,22,CSE,78,70.93
958,Student_958,22,CIVIL,95,77.08
959,Student_959,20,CSE,73,80.19
960,Student_960,20,MECH,75,68.0
961,Student_961,21,EEE,100,78.13
962,Student_962,24,CIVIL,58,95.24
963,Student_963,23,IT,58,83.07
964,Student_964,19,IT,94,70.72
965,Student_965,23,CIVIL,90,97.39
966,Student_966,23,IT,42,80.89
967,Student_967,20,MECH,53,69.61
968,Student_968,23,IT,73,93.76
969,Student_969,21,EEE,43,85.36
970,Student_970,24,MECH,69,92.95
971,Student_971,23,ECE,67,87.47
972,Student_972,19,MECH,65,64.54
973,Student_973,19,CSE,66,91.88
974,Student_974,20,MECH,97,82.39
975,Student_975,21,MECH,39,68.08
976,Student_976,20,ECE,38,70.34
977,Student_977,24,EEE,57,85.77
978,Student_978,18,IT,97,91.29
979,Student_979,18,CSE,75,84.06
980,Student_980,24,CSE,87,95.87
981,Student_981,23,IT,46,75.88
982,Student_982,24,IT,52,69.44
983,Student_983,22,IT,99,97.32
984,Student_984,22,IT,67,79.86
985,Student_985,18,ECE,50,90.93
986,Student_986,20,EEE,84,92.23
987,Student_987,23,ECE,89,68.72
988,Student_988,18,ECE,62,98.8
989,Student_989,21,MECH,67,94.52
990,Student_990,18,MECH,82,87.98
991,Student_991,18,EEE,89,78.99
992,Student_992,19,EEE,53,74.52
993,Student_993,23,EEE,74,60.84
994,Student_994,22,CSE,41,87.63
995,Student_995,24,IT,65,70.12
996,Student_996,21,EEE,81,96.13
997,Student_997,23,CSE,65,94.31
998,Student_998,21,CSE,85,97.1
999,Student_999,20,EEE,46,97.45
1000,Student_1000,24,ECE,73,68.42
1001,Student_1001,19,MECH,75,95.18
1002,Student_1002,24,IT,87,91.57
1003,Student_1003,20,CSE,97,78.84
1004,Student_1004,21,EEE,89,95.07
1005,Student_1005,24,CSE,55,87.94
1006,Student_1006,22,CSE,80,76.83
1007,Student_1007,23,CIVIL,76,78.13
1008,Student_1008,18,CSE,58,85.21
1009,Student_1009,24,IT,52,60.12
1010,Student_1010,19,IT,74,72.55
1011,Student_1011,18,CSE,55,69.98
1012,Student_1012,23,IT,51,93.88
1013,Student_1013,23,MECH,75,78.06
1014,Student_1014,24,IT,52,70.43
1015,Student_1015,23,CIVIL,76,91.98
1016,Student_1016,19,CSE,88,74.7
1017,Student_1017,21,MECH,63,60.83
1018,Student_1018,18,CIVIL,64,96.27
1019,Student_1019,21,ECE,68,88.05
1020,Student_1020,19,CSE,86,84.72
1021,Student_1021,22,EEE,54,63.56
1022,Student_1022,20,ECE,50,60.56
1023,Student_1023,22,MECH,93,93.09
1024,Student_1024,21,CSE,63,88.54
1025,Student_1025,19,EEE,71,89.86
1026,Student_1026,21,ECE,90,94.25
1027,Student_1027,22,ECE,71,89.07
1028,Student_1028,19,MECH,58,76.34
1029,Student_1029,19,CSE,72,99.05
1030,Student_1030,19,CIVIL,92,96.29
1031,Student_1031,20,CIVIL,93,63.43
1032,Student_1032,21,ECE,76,98.98
1033,Student_1033,21,IT,62,88.53
1034,Student_1034,23,MECH,67,62.92
1035,Student_1035,22,CSE,41,73.31
1036,Student_1036,19,MECH,80,99.87
1037,Student_1037,23,CIVIL,40,60.21
1038,Student_1038,22,CIVIL,83,72.1
1039,Student_1039,21,IT,82,65.29
1040,Student_1040,22,CSE,57,70.41
1041,Student_1041,22,MECH,78,95.12
1042,Student_1042,19,CSE,75,88.41
1043,Student_1043,21,ECE,68,64.67
1044,Student_1044,18,ECE,98,94.87
1045,Student_1045,24,EEE,81,97.05
1046,Student_1046,20,EEE,68,80.68
1047,Student_1047,21,ECE,75,89.47
1048,Student_1048,21,ECE,91,62.13
1049,Student_1049,19,CSE,64,67.33
1050,Student_1050,21,EEE,55,88.24
1051,Student_1051,21,CSE,98,61.63
1052,Student_1052,20,IT,97,78.31
1053,Student_1053,18,IT,53,64.95
1054,Student_1054,18,ECE,71,67.23
1055,Student_1055,19,IT,100,92.9
1056,Student_1056,22,IT,62,83.34
1057,Student_1057,18,CIVIL,58,76.66
1058,Student_1058,18,ECE,98,87.08
1059,Student_1059,20,CSE,71,87.25
1060,Student_1060,23,CSE,85,74.94
1061,Student_1061,18,EEE,54,61.15
1062,Student_1062,21,IT,96,78.16
1063,Student_1063,20,CIVIL,35,73.18
1064,Student_1064,18,IT,92,73.0
1065,Student_1065,23,IT,51,68.45
1066,Student_1066,18,IT,71,72.93
1067,Student_1067,18,IT,44,81.89
1068,Student_1068,22,MECH,46,75.95
1069,Student_1069,19,ECE,86,63.57
1070,Student_1070,24,ECE,55,75.54
1071,Student_1071,21,EEE,54,64.82
1072,Student_1072,21,MECH,74,96.15
1073,Student_1073,22,ECE,80,86.62
1074,Student_1074,24,EEE,100,67.99
1075,Student_1075,21,MECH,95,70.74
1076,Student_1076,22,MECH,46,90.26
1077,Student_1077,24,EEE,58,77.36
1078,Student_1078,21,CSE,40,80.53
1079,Student_1079,21,IT,63,85.9
1080,Student_1080,23,ECE,98,81.09
1081,Student_1081,23,CIVIL,45,71.63
1082,Student_1082,21,CSE,96,72.02
1083,Student_1083,19,IT,73,93.66
1084,Student_1084,22,MECH,72,82.74
1085,Student_1085,22,CSE,40,80.54
1086,Student_1086,22,MECH,87,63.78
1087,Student_1087,23,IT,67,74.22
1088,Student_1088,22,CSE,99,60.65
1089,Student_1089,23,IT,94,67.18
1090,Student_1090,19,MECH,40,63.33
1091,Student_1091,23,EEE,75,83.49
1092,Student_1092,21,IT,92,84.95
1093,Student_1093,20,EEE,58,68.44
1094,Student_1094,18,IT,68,94.86
1095,Student_1095,18,MECH,37,60.23
1096,Student_1096,18,CSE,56,86.23
1097,Student_1097,21,IT,86,94.75
1098,Student_1098,23,CIVIL,97,72.11
1099,Student_1099,24,CIVIL,81,87.63
1100,Student_1100,23,IT,85,92.19
1101,Student_1101,18,ECE,52,60.56
1102,Student_1102,18,CSE,59,94.36
1103,Student_1103,19,MECH,53,85.99
1104,Student_1104,21,IT,59,63.44
1105,Student_1105,24,MECH,53,78.96
1106,Student_1106,18,CSE,56,96.1
1107,Student_1107,23,IT,91,98.55
1108,Student_1108,21,CSE,92,83.41
1109,Student_1109,19,EEE,85,62.04
1110,Student_1110,18,CSE,90,99.18
1111,Student_1111,24,MECH,72,61.48
1112,Student_1112,21,MECH,100,83.64
1113,Student_1113,22,IT,97,69.28
1114,Student_1114,18,CIVIL,37,76.88
1115,Student_1115,20,CIVIL,43,70.71
1116,Student_1116,23,MECH,95,64.68
1117,Student_1117,22,IT,79,77.93
1118,Student_1118,21,CSE,55,71.52
1119,Student_1119,19,MECH,79,77.52
1120,Student_1120,22,ECE,78,96.87
1121,Student_1121,24,IT,94,65.25
1122,Student_1122,20,IT,84,98.39
1123,Student_1123,24,IT,81,91.84
1124,Student_1124,24,ECE,61,71.3
1125,Student_1125,23,CSE,96,65.16
1126,Student_1126,19,ECE,97,64.04
1127,Student_1127,21,MECH,73,69.39
1128,Student_1128,22,CSE,37,74.35
1129,Student_1129,20,EEE,55,66.99
1130,Student_1130,24,CIVIL,39,92.27
1131,Student_1131,20,MECH,49,84.7
1132,Student_1132,18,CIVIL,63,79.45
1133,Student_1133,20,EEE,40,90.8
1134,Student_1134,22,EEE,54,94.14
1135,Student_1135,24,CIVIL,48,88.26
1136,Student_1136,21,MECH,49,98.99
1137,Student_1137,24,CIVIL,48,92.94
1138,Student_1138,18,CIVIL,48,66.68
1139,Student_1139,18,ECE,81,66.28
1140,Student_1140,20,IT,91,90.48
1141,Student_1141,21,IT,47,66.17
1142,Student_1142,20,EEE,52,64.92
1143,Student_1143,19,MECH,88,90.77
1144,Student_1144,18,ECE,95,73.65
1145,Student_1145,22,ECE,45,70.64
1146,Student_1146,23,MECH,81,85.18
1147,Student_1147,19,ECE,88,91.49
1148,Student_1148,19,MECH,87,96.72
1149,Student_1149,21,CIVIL,81,97.75
1150,Student_1150,21,ECE,36,88.71
1151,Student_1151,22,CSE,45,73.53
1152,Student_1152,21,ECE,90,62.46
1153,Student_1153,24,CSE,54,96.1
1154,Student_1154,18,IT,72,76.77
1155,Student_1155,23,IT,73,88.86
1156,Student_1156,20,EEE,36,93.08
1157,Student_1157,22,CIVIL,53,88.01
1158,Student_1158,21,IT,61,95.5
1159,Student_1159,22,CIVIL,91,87.9
1160,Student_1160,24,IT,86,91.02
1161,Student_1161,20,CSE,39,81.5
1162,Student_1162,21,IT,51,80.82
1163,Student_1163,22,EEE,62,63.71
1164,Student_1164,22,EEE,78,90.28
1165,Student_1165,19,CSE,38,95.61
1166,Student_1166,22,CIVIL,68,69.65
1167,Student_1167,24,EEE,89,99.48
1168,Student_1168,18,IT,42,93.66
1169,Student_1169,20,IT,99,74.18
1170,Student_1170,18,IT,50,77.95
1171,Student_1171,22,IT,35,78.13
1172,Student_1172,19,IT,64,74.01
1173,Student_1173,20,IT,52,88.57
1174,Student_1174,22,IT,66,64.21
1175,Student_1175,22,CIVIL,59,92.91
1176,Student_1176,20,MECH,47,65.86
1177,Student_1177,21,MECH,45,63.69
1178,Student_1178,21,ECE,95,68.59
1179,Student_1179,18,EEE,86,83.53
1180,Student_1180,22,MECH,68,83.37
1181,Student_1181,23,MECH,91,87.56
1182,Student_1182,21,IT,88,92.95
1183,Student_1183,19,CIVIL,51,79.39
1184,Student_1184,21,ECE,100,94.53
1185,Student_1185,18,IT,62,78.22
1186,Student_1186,18,IT,55,97.76
1187,Student_1187,20,CSE,87,64.41
1188,Student_1188,20,CIVIL,72,61.61
1189,Student_1189,19,CSE,82,72.2
1190,Student_1190,20,EEE,72,79.44
1191,Student_1191,24,ECE,53,91.35
1192,Student_1192,21,CSE,74,95.56
1193,Student_1193,19,ECE,97,60.08
1194,Student_1194,22,EEE,43,94.82
1195,Student_1195,21,MECH,74,82.63
1196,Student_1196,20,MECH,95,93.38
1197,Student_1197,24,CIVIL,51,90.48
1198,Student_1198,22,IT,93,90.47
1199,Student_1199,23,MECH,54,94.65
1200,Student_1200,20,CSE,87,75.49
1201,Student_1201,21,EEE,40,98.32
1202,Student_1202,21,IT,70,85.84
1203,Student_1203,24,ECE,38,82.88
1204,Student_1204,24,IT,74,82.44
1205,Student_1205,18,IT,45,67.7
1206,Student_1206,22,CIVIL,41,98.29
1207,Student_1207,22,ECE,95,80.11
1208,Student_1208,18,CSE,58,98.5
1209,Student_1209,20,ECE,66,93.19
1210,Student_1210,24,CIVIL,91,63.39
1211,Student_1211,22,CIVIL,76,76.07
1212,Student_1212,18,MECH,37,73.6
1213,Student_1213,19,MECH,38,94.39
1214,Student_1214,20,MECH,67,63.64
1215,Student_1215,18,CIVIL,56,71.41
1216,Student_1216,19,EEE,46,66.17
1217,Student_1217,21,IT,56,62.36
1218,Student_1218,20,ECE,38,88.53
1219,Student_1219,20,MECH,47,72.8
1220,Student_1220,21,EEE,68,75.02
1221,Student_1221,24,CSE,41,68.1
1222,Student_1222,24,CIVIL,65,79.72
1223,Student_1223,24,CIVIL,84,97.97
1224,Student_1224,20,CSE,75,78.59
1225,Student_1225,21,CSE,96,61.16
1226,Student_1226,23,ECE,37,70.77
1227,Student_1227,22,IT,47,69.85
1228,Student_1228,22,IT,51,72.18
1229,Student_1229,21,MECH,45,93.85
1230,Student_1230,22,ECE,53,74.93
1231,Student_1231,19,ECE,89,98.45
1232,Student_1232,22,MECH,40,60.04
1233,Student_1233,21,CIVIL,72,86.12
1234,Student_1234,19,CSE,42,97.34
1235,Student_1235,21,EEE,67,93.58
1236,Student_1236,21,EEE,62,83.41
1237,Student_1237,22,EEE,40,66.46
1238,Student_1238,22,CIVIL,43,72.03
1239,Student_1239,21,IT,50,93.22
1240,Student_1240,23,CIVIL,70,95.13
1241,Student_1241,19,CIVIL,99,98.3
1242,Student_1242,20,IT,78,85.41
1243,Student_1243,24,IT,92,70.92
1244,Student_1244,23,EEE,78,68.42
1245,Student_1245,22,EEE,37,96.56
1246,Student_1246,19,IT,35,84.35
1247,Student_1247,18,CSE,57,76.53
1248,Student_1248,23,IT,97,90.5
1249,Student_1249,22,CSE,44,81.55
1250,Student_1250,24,IT,91,86.89
1251,Student_1251,20,MECH,80,75.47
1252,Student_1252,24,IT,36,64.99
1253,Student_1253,20,ECE,91,60.37
1254,Student_1254,23,CSE,70,87.22
1255,Student_1255,23,EEE,59,63.6
1256,Student_1256,22,IT,73,92.34
1257,Student_1257,19,ECE,98,98.69
1258,Student_1258,18,EEE,98,96.18
1259,Student_1259,23,CIVIL,61,60.29
1260,Student_1260,24,IT,85,64.44
1261,Student_1261,20,CIVIL,99,79.76
1262,Student_1262,22,ECE,57,62.61
1263,Student_1263,19,IT,43,65.1
1264,Student_1264,22,ECE,70,67.67
1265,Student_1265,23,CSE,67,87.23
1266,Student_1266,21,CSE,89,85.64
1267,Student_1267,23,CSE,76,77.3
1268,Student_1268,21,EEE,50,87.21
1269,Student_1269,21,MECH,81,80.69
1270,Student_1270,18,IT,63,61.88
1271,Student_1271,21,CIVIL,92,72.65
1272,Student_1272,21,ECE,77,63.27
1273,Student_1273,22,CSE,63,99.12
1274,Student_1274,21,CSE,66,67.88
1275,Student_1275,20,EEE,43,85.04
1276,Student_1276,18,CSE,96,77.28
1277,Student_1277,18,CIVIL,77,93.62
1278,Student_1278,19,CSE,95,69.53
1279,Student_1279,20,CSE,77,80.79
1280,Student_1280,19,CSE,91,90.56
1281,Student_1281,23,MECH,50,63.42
1282,Student_1282,18,CSE,83,72.53
1283,Student_1283,24,IT,43,91.31
1284,Student_1284,18,MECH,42,72.06
1285,Student_1285,23,MECH,43,64.07
1286,Student_1286,18,CIVIL,41,71.8
1287,Student_1287,21,MECH,47,84.69
1288,Student_1288,21,ECE,36,78.14
1289,Student_1289,21,MECH,47,73.58
1290,Student_1290,23,CSE,93,80.69
1291,Student_1291,22,ECE,48,64.11
1292,Student_1292,22,IT,43,83.72
1293,Student_1293,24,ECE,51,85.49
1294,Student_1294,20,EEE,88,79.26
1295,Student_1295,22,MECH,58,69.73
1296,Student_1296,24,CSE,42,65.11
1297,Student_1297,22,MECH,100,98.39
1298,Student_1298,24,EEE,74,83.35
1299,Student_1299,22,ECE,53,78.78
1300,Student_1300,22,EEE,72,74.75
1301,Student_1301,18,CIVIL,53,62.29
1302,Student_1302,22,CIVIL,41,76.88
1303,Student_1303,19,ECE,60,91.41
1304,Student_1304,20,ECE,95,87.79
1305,Student_1305,21,CIVIL,77,94.08
1306,Student_1306,22,EEE,73,76.75
1307,Student_1307,19,CSE,93,95.04
1308,Student_1308,18,MECH,63,96.8
1309,Student_1309,23,ECE,64,78.66
1310,Student_1310,19,ECE,96,89.38
1311,Student_1311,24,EEE,83,68.21
1312,Student_1312,19,CSE,81,60.4
1313,Student_1313,20,CSE,49,65.7
1314,Student_1314,21,ECE,81,61.76
1315,Student_1315,18,ECE,60,71.36
1316,Student_1316,19,EEE,57,73.59
1317,Student_1317,22,ECE,57,67.84
1318,Student_1318,19,EEE,47,60.84
1319,Student_1319,23,ECE,83,86.19
1320,Student_1320,18,EEE,61,72.2
1321,Student_1321,19,EEE,82,86.44
1322,Student_1322,22,CIVIL,90,95.14
1323,Student_1323,18,CSE,53,95.31
1324,Student_1324,19,ECE,59,81.3
1325,Student_1325,23,EEE,75,83.98
1326,Student_1326,23,ECE,40,90.52
1327,Student_1327,22,ECE,72,91.58
1328,Student_1328,20,ECE,41,85.18
1329,Student_1329,20,ECE,100,98.74
1330,Student_1330,21,ECE,45,91.39
1331,Student_1331,24,IT,43,66.7
1332,Student_1332,21,IT,100,74.97
1333,Student_1333,22,MECH,57,72.87
1334,Student_1334,20,CIVIL,96,88.63
1335,Student_1335,21,MECH,69,83.25
1336,Student_1336,23,CIVIL,39,68.29
1337,Student_1337,19,MECH,65,75.84
1338,Student_1338,20,MECH,83,82.85
1339,Student_1339,24,EEE,67,82.02
1340,Student_1340,19,CSE,72,77.78
1341,Student_1341,20,ECE,40,78.61
1342,Student_1342,22,EEE,89,78.05
1343,Student_1343,21,MECH,82,92.18
1344,Student_1344,20,EEE,83,60.99
1345,Student_1345,21,ECE,68,85.81
1346,Student_1346,20,CSE,72,93.7
1347,Student_1347,22,CIVIL,45,91.43
1348,Student_1348,19,CSE,50,62.85
1349,Student_1349,18,CIVIL,60,73.35
1350,Student_1350,23,EEE,67,72.11
1351,Student_1351,24,IT,70,67.63
1352,Student_1352,22,ECE,68,60.34
1353,Student_1353,20,EEE,79,91.33
1354,Student_1354,21,MECH,36,78.88
1355,Student_1355,22,ECE,85,69.1
1356,Student_1356,23,IT,61,78.98
1357,Student_1357,22,CIVIL,94,88.9
1358,Student_1358,21,EEE,45,72.52
1359,Student_1359,19,MECH,88,68.38
1360,Student_1360,21,CIVIL,38,74.99
1361,Student_1361,22,ECE,74,97.73
1362,Student_1362,18,MECH,80,73.59
1363,Student_1363,21,MECH,86,90.51
1364,Student_1364,23,CIVIL,73,73.04
1365,Student_1365,18,CIVIL,39,96.89
1366,Student_1366,19,EEE,85,99.21
1367,Student_1367,19,MECH,43,81.38
1368,Student_1368,19,MECH,48,73.15
1369,Student_1369,21,IT,73,63.73
1370,Student_1370,18,IT,57,61.28
1371,Student_1371,23,CIVIL,97,61.07
1372,Student_1372,19,CSE,84,71.35
1373,Student_1373,19,EEE,43,78.19
1374,Student_1374,20,CIVIL,36,66.87
1375,Student_1375,24,MECH,85,66.28
1376,Student_1376,18,ECE,88,79.13
1377,Student_1377,18,MECH,61,65.2
1378,Student_1378,19,EEE,90,92.72
1379,Student_1379,23,MECH,55,84.15
1380,Student_1380,20,CIVIL,60,80.1
1381,Student_1381,23,MECH,70,68.07
1382,Student_1382,19,MECH,43,92.98
1383,Student_1383,22,ECE,77,96.41
1384,Student_1384,21,MECH,94,83.05
1385,Student_1385,23,CSE,71,85.85
1386,Student_1386,21,EEE,73,75.64
1387,Student_1387,24,ECE,88,69.97
1388,Student_1388,22,IT,90,78.31
1389,Student_1389,23,ECE,47,75.74
1390,Student_1390,18,ECE,55,70.95
1391,Student_1391,23,CIVIL,72,86.67
1392,Student_1392,18,IT,62,96.35
1393,Student_1393,21,CIVIL,50,99.81
1394,Student_1394,18,CSE,99,90.66
1395,Student_1395,20,MECH,92,66.59
1396,Student_1396,19,CIVIL,40,78.49
1397,Student_1397,18,IT,94,75.25
1398,Student_1398,23,MECH,59,75.87
1399,Student_1399,18,EEE,49,88.36
1400,Student_1400,19,EEE,94,79.39
1401,Student_1401,18,CSE,66,88.54
1402,Student_1402,21,ECE,95,92.82
1403,Student_1403,24,ECE,56,93.54
1404,Student_1404,22,CSE,57,71.77
1405,Student_1405,22,IT,85,66.74
1406,Student_1406,23,CSE,69,66.14
1407,Student_1407,20,ECE,62,88.58
1408,Student_1408,23,CIVIL,62,77.68
1409,Student_1409,18,IT,48,75.62
1410,Student_1410,20,MECH,41,83.93
1411,Student_1411,18,MECH,60,97.15
1412,Student_1412,20,ECE,60,63.66
1413,Student_1413,21,CSE,36,73.48
1414,Student_1414,19,IT,43,68.82
1415,Student_1415,18,IT,56,88.96
1416,Student_1416,18,MECH,100,64.31
1417,Student_1417,20,EEE,59,84.99
1418,Student_1418,22,MECH,89,64.83
1419,Student_1419,19,CSE,80,72.93
1420,Student_1420,18,MECH,75,60.48
1421,Student_1421,19,MECH,63,62.64
1422,Student_1422,24,EEE,82,61.76
1423,Student_1423,19,MECH,73,90.7
1424,Student_1424,21,CSE,56,70.08
1425,Student_1425,18,CIVIL,76,99.26
1426,Student_1426,23,MECH,52,73.28
1427,Student_1427,23,IT,75,99.12
1428,Student_1428,23,MECH,43,73.4
1429,Student_1429,22,CIVIL,92,75.29
1430,Student_1430,23,IT,64,80.14
1431,Student_1431,23,CSE,64,60.85
1432,Student_1432,24,CSE,74,69.46
1433,Student_1433,21,ECE,45,62.4
1434,Student_1434,20,MECH,72,68.08
1435,Student_1435,21,ECE,39,69.52
1436,Student_1436,23,CIVIL,91,89.57
1437,Student_1437,20,ECE,70,72.7
1438,Student_1438,24,CSE,88,85.92
1439,Student_1439,20,CSE,64,93.88
1440,Student_1440,20,EEE,66,68.23
1441,Student_1441,18,IT,66,92.06
1442,Student_1442,23,IT,63,84.32
1443,Student_1443,21,CIVIL,76,67.34
1444,Student_1444,23,CSE,43,94.79
1445,Student_1445,18,ECE,41,85.37
1446,Student_1446,19,ECE,51,63.67
1447,Student_1447,22,CIVIL,61,69.45
1448,Student_1448,18,MECH,94,72.46
1449,Student_1449,23,ECE,66,76.96
1450,Student_1450,22,ECE,73,71.41
1451,Student_1451,21,IT,60,70.87
1452,Student_1452,24,MECH,45,98.04
1453,Student_1453,20,MECH,83,66.71
1454,Student_1454,21,MECH,99,84.38
1455,Student_1455,21,ECE,96,60.79
1456,Student_1456,21,MECH,45,90.35
1457,Student_1457,20,CIVIL,54,82.11
1458,Student_1458,19,EEE,83,78.55
1459,Student_1459,21,EEE,83,82.49
1460,Student_1460,21,CSE,77,65.47
1461,Student_1461,21,ECE,54,96.65
1462,Student_1462,18,CSE,99,89.21
1463,Student_1463,20,MECH,86,97.03
1464,Student_1464,21,IT,82,75.36
1465,Student_1465,20,IT,44,76.35
1466,Student_1466,18,CSE,84,97.29
1467,Student_1467,19,ECE,90,98.28
1468,Student_1468,24,IT,79,80.38
1469,Student_1469,21,IT,82,87.86
1470,Student_1470,23,MECH,89,89.43
1471,Student_1471,19,MECH,39,96.86
1472,Student_1472,20,IT,38,87.9
1473,Student_1473,23,ECE,68,84.22
1474,Student_1474,23,ECE,67,69.9
1475,Student_1475,22,IT,55,60.49
1476,Student_1476,24,CSE,84,75.91
1477,Student_1477,22,CSE,59,95.04
1478,Student_1478,19,MECH,67,87.67
1479,Student_1479,22,CIVIL,83,83.44
1480,Student_1480,23,MECH,46,64.37
1481,Student_1481,22,EEE,53,70.76
1482,Student_1482,19,IT,85,87.96
1483,Student_1483,18,ECE,97,60.06
1484,Student_1484,18,IT,88,81.0
1485,Student_1485,23,EEE,90,66.83
1486,Student_1486,20,ECE,52,67.92
1487,Student_1487,19,CIVIL,49,78.03
1488,Student_1488,24,ECE,58,68.04
1489,Student_1489,23,ECE,59,70.37
1490,Student_1490,24,MECH,91,85.07
1491,Student_1491,22,CSE,56,63.19
1492,Student_1492,18,MECH,50,71.07
1493,Student_1493,20,CSE,65,79.12
1494,Student_1494,23,CSE,36,62.44
1495,Student_1495,24,CSE,40,63.87
1496,Student_1496,22,CSE,83,84.12
1497,Student_1497,24,EEE,97,78.93
1498,Student_1498,20,CIVIL,89,73.46
1499,Student_1499,23,EEE,75,92.67
1500,Student_1500,20,IT,86,75.14
1501,Student_1501,18,EEE,77,92.25
1502,Student_1502,18,MECH,86,89.01
1503,Student_1503,19,CSE,50,94.76
1504,Student_1504,20,IT,66,74.74
1505,Student_1505,22,IT,95,80.6
1506,Student_1506,23,ECE,35,99.45
1507,Student_1507,24,EEE,37,85.35
1508,Student_1508,24,CSE,76,87.12
1509,Student_1509,19,CIVIL,97,76.01
1510,Student_1510,22,CSE,79,77.12
1511,Student_1511,21,IT,47,89.37
1512,Student_1512,20,CIVIL,59,88.48
1513,Student_1513,24,CIVIL,99,61.27
1514,Student_1514,21,CSE,73,93.29
1515,Student_1515,22,MECH,56,95.86
1516,Student_1516,18,MECH,65,69.73
1517,Student_1517,19,IT,46,64.22
1518,Student_1518,23,CSE,55,97.16
1519,Student_1519,20,MECH,70,68.82
1520,Student_1520,20,IT,95,98.06
1521,Student_1521,23,CSE,52,96.91
1522,Student_1522,23,IT,97,63.62
1523,Student_1523,23,EEE,63,97.27
1524,Student_1524,24,CIVIL,43,85.76
1525,Student_1525,21,IT,83,86.16
1526,Student_1526,24,CIVIL,90,92.34
1527,Student_1527,19,EEE,49,71.64
1528,Student_1528,18,CSE,78,89.62
1529,Student_1529,19,IT,49,82.91
1530,Student_1530,19,EEE,83,83.08
1531,Student_1531,18,EEE,42,83.6
1532,Student_1532,19,MECH,89,72.79
1533,Student_1533,20,IT,51,80.79
1534,Student_1534,22,CIVIL,63,64.26
1535,Student_1535,18,CIVIL,93,72.64
1536,Student_1536,24,EEE,63,79.99
1537,Student_1537,21,ECE,71,65.83
1538,Student_1538,23,IT,39,83.96
1539,Student_1539,20,CIVIL,50,70.94
1540,Student_1540,24,IT,96,85.24
1541,Student_1541,19,MECH,72,88.17
1542,Student_1542,21,CSE,77,66.11
1543,Student_1543,23,ECE,63,88.02
1544,Student_1544,18,ECE,97,89.1
1545,Student_1545,20,IT,55,99.64
1546,Student_1546,22,MECH,78,76.9
1547,Student_1547,21,EEE,85,75.64
1548,Student_1548,22,IT,71,71.29
1549,Student_1549,19,IT,85,63.89
1550,Student_1550,20,CIVIL,41,93.99
1551,Student_1551,23,EEE,93,86.19
1552,Student_1552,22,ECE,91,87.84
1553,Student_1553,20,ECE,61,68.73
1554,Student_1554,23,ECE,36,74.49
1555,Student_1555,24,CIVIL,48,87.13
1556,Student_1556,24,ECE,83,98.02
1557,Student_1557,21,IT,56,97.04
1558,Student_1558,18,EEE,95,67.19
1559,Student_1559,18,CSE,100,86.0
1560,Student_1560,22,MECH,54,85.08
1561,Student_1561,21,ECE,39,64.75
1562,Student_1562,21,MECH,73,87.52
1563,Student_1563,19,IT,83,91.03
1564,Student_1564,24,IT,46,91.11
1565,Student_1565,24,IT,83,71.01
1566,Student_1566,23,MECH,82,60.46
1567,Student_1567,18,CSE,50,79.57
1568,Student_1568,23,CIVIL,63,60.92
1569,Student_1569,22,CIVIL,96,70.95
1570,Student_1570,23,CSE,58,75.36
1571,Student_1571,23,IT,90,71.93
1572,Student_1572,19,CSE,76,62.54
1573,Student_1573,24,CIVIL,58,76.21
1574,Student_1574,23,CSE,85,82.24
1575,Student_1575,22,CIVIL,97,62.56
1576,Student_1576,24,CIVIL,50,90.14
1577,Student_1577,19,IT,50,67.23
1578,Student_1578,22,IT,58,60.21
1579,Student_1579,21,EEE,50,61.57
1580,Student_1580,22,ECE,55,63.51
1581,Student_1581,20,CSE,45,99.2
1582,Student_1582,22,EEE,81,98.65
1583,Student_1583,19,MECH,35,69.93
1584,Student_1584,18,CIVIL,72,86.37
1585,Student_1585,21,ECE,97,87.8
1586,Student_1586,22,EEE,100,68.39
1587,Student_1587,18,IT,40,69.48
1588,Student_1588,19,ECE,73,94.24
1589,Student_1589,19,ECE,62,83.67
1590,Student_1590,20,ECE,89,62.97
1591,Student_1591,20,EEE,83,85.99
1592,Student_1592,19,MECH,93,63.33
1593,Student_1593,20,IT,89,97.61
1594,Student_1594,19,CIVIL,61,62.82
1595,Student_1595,23,EEE,59,88.58
1596,Student_1596,22,IT,100,84.2
1597,Student_1597,21,ECE,75,99.7
1598,Student_1598,21,MECH,38,98.56
1599,Student_1599,19,CSE,69,64.98
1600,Student_1600,18,IT,87,62.64
1601,Student_1601,23,CSE,81,96.37
1602,Student_1602,24,EEE,53,94.75
1603,Student_1603,19,EEE,36,63.92
1604,Student_1604,19,MECH,48,91.31
1605,Student_1605,18,ECE,74,83.55
1606,Student_1606,24,MECH,47,81.16
1607,Student_1607,23,CIVIL,71,82.06
1608,Student_1608,22,CSE,41,66.83
1609,Student_1609,24,MECH,58,73.81
1610,Student_1610,23,IT,86,79.07
1611,Student_1611,19,EEE,36,87.47
1612,Student_1612,23,ECE,51,65.71
1613,Student_1613,22,IT,69,62.11
1614,Student_1614,23,IT,82,88.3
1615,Student_1615,19,IT,88,88.27
1616,Student_1616,19,MECH,80,91.94
1617,Student_1617,22,EEE,70,98.1
1618,Student_1618,22,IT,64,72.21
1619,Student_1619,24,CSE,74,76.26
1620,Student_1620,20,CSE,45,63.07
1621,Student_1621,19,CSE,56,83.01
1622,Student_1622,18,IT,71,82.17
1623,Student_1623,21,CSE,89,87.08
1624,Student_1624,23,ECE,96,79.91
1625,Student_1625,23,IT,50,76.22
1626,Student_1626,22,ECE,35,88.57
1627,Student_1627,23,CIVIL,79,69.77
1628,Student_1628,23,IT,40,84.29
1629,Student_1629,19,IT,63,66.99
1630,Student_1630,20,ECE,100,74.13
1631,Student_1631,18,MECH,98,75.16
1632,Student_1632,20,CSE,78,96.56
1633,Student_1633,19,CIVIL,50,71.6
1634,Student_1634,21,EEE,68,68.52
1635,Student_1635,23,IT,85,68.7
1636,Student_1636,20,IT,100,93.03
1637,Student_1637,18,MECH,97,62.3
1638,Student_1638,18,CIVIL,93,73.14
1639,Student_1639,20,CSE,35,73.99
1640,Student_1640,23,ECE,86,74.18
1641,Student_1641,18,MECH,97,67.9
1642,Student_1642,22,CIVIL,54,76.43
1643,Student_1643,21,CSE,54,90.78
1644,Student_1644,20,ECE,95,75.81
1645,Student_1645,20,EEE,89,95.69
1646,Student_1646,22,EEE,48,99.57
1647,Student_1647,23,MECH,55,65.59
1648,Student_1648,23,MECH,35,74.37
1649,Student_1649,24,IT,60,64.43
1650,Student_1650,20,CSE,52,75.78
1651,Student_1651,23,EEE,39,66.41
1652,Student_1652,19,MECH,69,64.75
1653,Student_1653,21,CIVIL,98,91.99
1654,Student_1654,23,ECE,76,90.04
1655,Student_1655,24,MECH,99,89.04
1656,Student_1656,23,MECH,51,64.39
1657,Student_1657,18,CSE,51,66.22
1658,Student_1658,22,CSE,65,62.08
1659,Student_1659,24,EEE,89,99.06
1660,Student_1660,23,CSE,90,79.21
1661,Student_1661,20,MECH,45,90.44
1662,Student_1662,19,CIVIL,54,89.17
1663,Student_1663,19,ECE,70,90.67
1664,Student_1664,24,EEE,66,86.65
1665,Student_1665,21,ECE,95,88.26
1666,Student_1666,24,CSE,99,84.44
1667,Student_1667,19,CIVIL,54,69.18
1668,Student_1668,19,MECH,39,70.95
1669,Student_1669,19,ECE,89,60.71
1670,Student_1670,19,CSE,41,75.21
1671,Student_1671,22,EEE,64,68.87
1672,Student_1672,21,MECH,42,80.39
1673,Student_1673,23,CSE,73,64.4
1674,Student_1674,20,EEE,79,88.46
1675,Student_1675,19,EEE,41,67.27
1676,Student_1676,18,CSE,76,68.48
1677,Student_1677,21,EEE,47,77.24
1678,Student_1678,20,MECH,81,73.37
1679,Student_1679,18,CSE,36,87.32
1680,Student_1680,24,ECE,77,74.42
1681,Student_1681,24,EEE,82,69.53
1682,Student_1682,20,ECE,84,63.49
1683,Student_1683,18,ECE,50,61.64
1684,Student_1684,23,ECE,59,88.19
1685,Student_1685,18,CSE,78,72.06
1686,Student_1686,21,ECE,54,61.75
1687,Student_1687,19,MECH,67,95.66
1688,Student_1688,24,CIVIL,79,95.8
1689,Student_1689,21,IT,50,96.43
1690,Student_1690,18,MECH,88,80.95
1691,Student_1691,22,CSE,56,83.97
1692,Student_1692,23,ECE,72,61.82
1693,Student_1693,22,CSE,59,89.63
1694,Student_1694,21,MECH,100,98.86
1695,Student_1695,19,MECH,100,75.37
1696,Student_1696,24,MECH,86,84.29
1697,Student_1697,19,ECE,35,66.4
1698,Student_1698,19,CIVIL,36,95.17
1699,Student_1699,24,CIVIL,93,80.15
1700,Student_1700,23,CIVIL,68,72.14
1701,Student_1701,19,EEE,69,82.09
1702,Student_1702,19,ECE,40,81.34
1703,Student_1703,20,CSE,53,97.68
1704,Student_1704,20,ECE,69,94.94
1705,Student_1705,18,IT,66,99.58
1706,Student_1706,19,CIVIL,49,60.06
1707,Student_1707,20,IT,82,72.98
1708,Student_1708,23,CIVIL,68,88.88
1709,Student_1709,21,CIVIL,72,72.99
1710,Student_1710,18,IT,36,92.96
1711,Student_1711,19,IT,70,67.07
1712,Student_1712,18,CIVIL,48,88.9
1713,Student_1713,23,MECH,67,94.8
1714,Student_1714,23,CIVIL,61,92.67
1715,Student_1715,19,EEE,69,68.16
1716,Student_1716,23,MECH,54,77.84
1717,Student_1717,23,IT,90,74.75
1718,Student_1718,21,CSE,98,67.26
1719,Student_1719,19,ECE,59,82.79
1720,Student_1720,23,ECE,71,60.84
1721,Student_1721,19,ECE,85,87.49
1722,Student_1722,19,CSE,53,62.88
1723,Student_1723,19,MECH,86,64.01
1724,Student_1724,22,ECE,36,84.13
1725,Student_1725,21,MECH,37,64.4
1726,Student_1726,18,IT,40,65.29
1727,Student_1727,24,CSE,69,65.71
1728,Student_1728,23,CIVIL,36,91.7
1729,Student_1729,18,CSE,78,94.11
1730,Student_1730,18,ECE,52,79.22
1731,Student_1731,22,MECH,55,72.3
1732,Student_1732,21,ECE,66,62.24
1733,Student_1733,23,EEE,50,60.85
1734,Student_1734,18,CSE,72,64.1
1735,Student_1735,24,MECH,53,60.05
1736,Student_1736,19,CSE,64,77.09
1737,Student_1737,19,EEE,71,69.04
1738,Student_1738,23,MECH,49,79.67
1739,Student_1739,18,ECE,48,98.26
1740,Student_1740,20,EEE,44,84.63
1741,Student_1741,18,EEE,45,95.82
1742,Student_1742,22,ECE,57,77.15
1743,Student_1743,20,CIVIL,58,87.18
1744,Student_1744,19,IT,73,84.99
1745,Student_1745,20,EEE,48,70.84
1746,Student_1746,21,IT,82,97.32
1747,Student_1747,24,IT,44,91.55
1748,Student_1748,24,ECE,53,72.81
1749,Student_1749,21,MECH,96,92.59
1750,Student_1750,18,CIVIL,89,98.38
1751,Student_1751,20,ECE,46,72.92
1752,Student_1752,19,ECE,84,74.1
1753,Student_1753,21,MECH,96,87.74
1754,Student_1754,21,CIVIL,77,65.53
1755,Student_1755,23,ECE,84,76.75
1756,Student_1756,21,CIVIL,98,81.3
1757,Student_1757,24,ECE,84,63.34
1758,Student_1758,23,MECH,63,88.12
1759,Student_1759,19,EEE,35,68.13
1760,Student_1760,24,CSE,81,82.33
1761,Student_1761,19,CSE,42,96.45
1762,Student_1762,20,ECE,72,78.42
1763,Student_1763,24,CIVIL,88,69.7
1764,Student_1764,24,ECE,42,89.88
1765,Student_1765,18,IT,53,75.1
1766,Student_1766,18,IT,89,74.87
1767,Student_1767,23,CSE,44,79.07
1768,Student_1768,22,ECE,38,65.88
1769,Student_1769,19,CSE,66,63.08
1770,Student_1770,22,MECH,54,90.62
1771,Student_1771,21,IT,52,89.92
1772,Student_1772,23,EEE,95,76.46
1773,Student_1773,20,MECH,36,71.47
1774,Student_1774,19,CSE,39,84.17
1775,Student_1775,19,CIVIL,55,60.43
1776,Student_1776,24,MECH,93,82.17
1777,Student_1777,24,EEE,99,72.24
1778,Student_1778,19,MECH,55,70.87
1779,Student_1779,18,CIVIL,83,99.12
1780,Student_1780,19,IT,62,76.02
1781,Student_1781,18,ECE,85,67.35
1782,Student_1782,23,CIVIL,44,92.66
1783,Student_1783,21,MECH,75,86.11
1784,Student_1784,21,MECH,56,62.19
1785,Student_1785,20,IT,89,67.79
1786,Student_1786,18,CSE,44,74.51
1787,Student_1787,24,EEE,38,69.58
1788,Student_1788,19,CIVIL,48,62.61
1789,Student_1789,22,CSE,74,67.51
1790,Student_1790,19,IT,39,69.61
1791,Student_1791,18,CIVIL,40,82.55
1792,Student_1792,24,MECH,40,61.92
1793,Student_1793,18,EEE,36,99.22
1794,Student_1794,24,EEE,85,80.01
1795,Student_1795,20,MECH,80,98.95
1796,Student_1796,23,IT,47,73.25
1797,Student_1797,23,CIVIL,47,80.09
1798,Student_1798,24,ECE,38,83.49
1799,Student_1799,21,MECH,39,71.6
1800,Student_1800,19,IT,94,63.15
1801,Student_1801,23,CSE,64,95.38
1802,Student_1802,24,IT,53,90.75
1803,Student_1803,19,CIVIL,78,77.9
1804,Student_1804,19,EEE,72,74.41
1805,Student_1805,24,MECH,40,95.63
1806,Student_1806,24,IT,84,69.56
1807,Student_1807,22,CIVIL,44,98.32
1808,Student_1808,22,IT,98,63.9
1809,Student_1809,18,ECE,74,81.89
1810,Student_1810,24,CSE,98,63.76
1811,Student_1811,20,ECE,72,66.46
1812,Student_1812,20,CIVIL,81,74.13
1813,Student_1813,18,ECE,93,70.32
1814,Student_1814,21,EEE,91,86.01
1815,Student_1815,19,CSE,97,61.58
1816,Student_1816,24,EEE,86,76.36
1817,Student_1817,22,IT,51,77.63
1818,Student_1818,22,CIVIL,75,74.95
1819,Student_1819,23,MECH,99,78.0
1820,Student_1820,23,CSE,42,89.64
1821,Student_1821,19,IT,36,66.18
1822,Student_1822,18,EEE,83,66.33
1823,Student_1823,21,CSE,63,75.53
1824,Student_1824,21,IT,46,73.96
1825,Student_1825,21,IT,94,64.36
1826,Student_1826,19,IT,48,96.7
1827,Student_1827,21,MECH,60,76.06
1828,Student_1828,18,EEE,78,99.86
1829,Student_1829,21,ECE,95,64.57
1830,Student_1830,21,CSE,54,97.94
1831,Student_1831,19,IT,62,72.81
1832,Student_1832,18,CIVIL,83,62.5
1833,Student_1833,24,EEE,90,99.14
1834,Student_1834,19,CSE,62,94.72
1835,Student_1835,24,IT,89,70.79
1836,Student_1836,23,ECE,45,65.67
1837,Student_1837,20,MECH,45,71.93
1838,Student_1838,23,MECH,88,80.99
1839,Student_1839,23,EEE,58,93.22
1840,Student_1840,18,MECH,78,98.53
1841,Student_1841,20,ECE,60,73.97
1842,Student_1842,21,MECH,95,81.42
1843,Student_1843,24,ECE,90,74.19
1844,Student_1844,23,CIVIL,84,92.92
1845,Student_1845,22,CIVIL,60,63.11
1846,Student_1846,23,CIVIL,53,72.95
1847,Student_1847,24,IT,75,60.57
1848,Student_1848,21,ECE,98,94.57
1849,Student_1849,18,IT,87,70.51
1850,Student_1850,23,CSE,92,97.73
1851,Student_1851,24,ECE,92,85.56
1852,Student_1852,22,CSE,39,68.74
1853,Student_1853,19,MECH,56,84.04
1854,Student_1854,19,EEE,61,98.1
1855,Student_1855,23,CIVIL,36,74.81
1856,Student_1856,20,CSE,73,95.87
1857,Student_1857,22,CSE,98,85.96
1858,Student_1858,21,MECH,87,74.07
1859,Student_1859,24,CIVIL,89,80.93
1860,Student_1860,24,EEE,49,97.05
1861,Student_1861,21,MECH,82,67.08
1862,Student_1862,22,ECE,90,75.26
1863,Student_1863,24,IT,90,85.36
1864,Student_1864,23,CIVIL,47,99.81
1865,Student_1865,24,CSE,46,85.98
1866,Student_1866,22,MECH,48,79.86
1867,Student_1867,24,CIVIL,47,85.34
1868,Student_1868,22,CIVIL,39,86.71
1869,Student_1869,24,MECH,62,68.92
1870,Student_1870,21,CIVIL,83,64.58
1871,Student_1871,24,MECH,50,74.02
1872,Student_1872,24,MECH,87,96.32
1873,Student_1873,23,IT,85,60.3
1874,Student_1874,20,ECE,99,71.34
1875,Student_1875,23,EEE,74,93.54
1876,Student_1876,24,MECH,65,60.17
1877,Student_1877,21,CSE,36,61.05
1878,Student_1878,24,EEE,75,73.4
1879,Student_1879,22,MECH,65,82.23
1880,Student_1880,21,ECE,85,93.14
1881,Student_1881,24,CIVIL,89,65.15
1882,Student_1882,23,MECH,57,76.12
1883,Student_1883,20,CIVIL,55,77.5
1884,Student_1884,18,IT,51,80.17
1885,Student_1885,23,CIVIL,85,93.72
1886,Student_1886,23,EEE,55,97.95
1887,Student_1887,19,CSE,46,61.03
1888,Student_1888,18,IT,54,61.11
1889,Student_1889,23,CIVIL,45,82.87
1890,Student_1890,18,IT,51,99.34
1891,Student_1891,23,IT,80,67.46
1892,Student_1892,23,ECE,73,67.75
1893,Student_1893,24,ECE,83,90.82
1894,Student_1894,23,CSE,70,63.32
1895,Student_1895,19,IT,37,85.54
1896,Student_1896,22,CSE,49,78.37
1897,Student_1897,22,CSE,48,65.67
1898,Student_1898,20,ECE,46,63.1
1899,Student_1899,24,EEE,61,75.63
1900,Student_1900,21,CSE,87,62.94
1901,Student_1901,23,CSE,61,87.49
1902,Student_1902,21,EEE,92,92.34
1903,Student_1903,19,EEE,36,96.15
1904,Student_1904,23,CIVIL,39,64.69
1905,Student_1905,20,EEE,96,99.8
1906,Student_1906,22,CIVIL,35,66.34
1907,Student_1907,23,EEE,50,67.71
1908,Student_1908,18,CIVIL,37,80.72
1909,Student_1909,24,ECE,62,94.67
1910,Student_1910,18,ECE,38,73.1
1911,Student_1911,19,CSE,51,70.7
1912,Student_1912,21,ECE,46,73.94
1913,Student_1913,22,IT,72,78.68
1914,Student_1914,24,MECH,90,80.51
1915,Student_1915,21,ECE,67,66.92
1916,Student_1916,23,IT,70,98.47
1917,Student_1917,18,CIVIL,74,66.63
1918,Student_1918,19,IT,97,77.34
1919,Student_1919,21,MECH,69,92.64
1920,Student_1920,22,CSE,84,77.17
1921,Student_1921,22,EEE,82,95.92
1922,Student_1922,24,CSE,92,66.69
1923,Student_1923,18,CIVIL,67,83.47
1924,Student_1924,20,CIVIL,80,75.93
1925,Student_1925,18,ECE,76,77.18
1926,Student_1926,19,EEE,66,62.91
1927,Student_1927,23,EEE,82,65.8
1928,Student_1928,20,CSE,36,72.74
1929,Student_1929,18,IT,77,68.55
1930,Student_1930,22,EEE,64,82.47
1931,Student_1931,21,EEE,62,81.09
1932,Student_1932,18,CIVIL,70,88.65
1933,Student_1933,24,IT,44,82.96
1934,Student_1934,23,MECH,90,72.71
1935,Student_1935,20,ECE,60,61.99
1936,Student_1936,21,MECH,40,99.61
1937,Student_1937,21,CSE,50,78.11
1938,Student_1938,22,EEE,84,69.46
1939,Student_1939,18,EEE,37,85.75
1940,Student_1940,24,CIVIL,35,96.47
1941,Student_1941,20,ECE,86,61.48
1942,Student_1942,22,CIVIL,40,73.5
1943,Student_1943,18,CSE,95,63.8
1944,Student_1944,24,MECH,73,70.99
1945,Student_1945,24,EEE,86,63.19
1946,Student_1946,24,EEE,98,84.49
1947,Student_1947,21,EEE,93,79.73
1948,Student_1948,23,CSE,82,97.51
1949,Student_1949,18,CSE,63,61.91
1950,Student_1950,18,ECE,48,99.74
1951,Student_1951,24,IT,90,69.05
1952,Student_1952,18,ECE,82,92.65
1953,Student_1953,22,CSE,41,70.39
1954,Student_1954,24,CSE,49,61.92
1955,Student_1955,20,CSE,68,73.17
1956,Student_1956,22,MECH,69,87.95
1957,Student_1957,19,CIVIL,93,64.8
1958,Student_1958,20,ECE,87,85.48
1959,Student_1959,23,CSE,65,83.12
1960,Student_1960,23,MECH,70,72.88
1961,Student_1961,23,MECH,63,63.67
1962,Student_1962,24,EEE,45,74.12
1963,Student_1963,24,ECE,61,87.8
1964,Student_1964,18,MECH,42,68.5
1965,Student_1965,23,ECE,94,92.74
1966,Student_1966,19,MECH,48,73.62
1967,Student_1967,24,CIVIL,100,94.34
1968,Student_1968,24,EEE,93,86.21
1969,Student_1969,24,CIVIL,48,96.57
1970,Student_1970,19,EEE,84,99.0
1971,Student_1971,24,CIVIL,100,68.12
1972,Student_1972,21,ECE,43,71.11
1973,Student_1973,19,IT,74,98.06
1974,Student_1974,22,IT,48,65.89
1975,Student_1975,18,IT,49,69.62
1976,Student_1976,21,ECE,69,61.14
1977,Student_1977,23,CIVIL,92,74.08
1978,Student_1978,18,CIVIL,45,74.18
1979,Student_1979,19,ECE,85,80.09
1980,Student_1980,22,EEE,41,77.65
1981,Student_1981,20,CSE,41,85.94
1982,Student_1982,23,MECH,59,71.76
1983,Student_1983,21,ECE,70,81.18
1984,Student_1984,21,CIVIL,90,64.37
1985,Student_1985,18,IT,66,98.36
1986,Student_1986,19,CSE,41,95.8
1987,Student_1987,22,EEE,65,62.63
1988,Student_1988,18,EEE,63,95.3
1989,Student_1989,23,IT,86,75.68
1990,Student_1990,18,ECE,69,79.81
1991,Student_1991,19,ECE,79,85.48
1992,Student_1992,23,CIVIL,71,89.36
1993,Student_1993,18,ECE,99,96.31
1994,Student_1994,22,MECH,74,94.1
1995,Student_1995,23,ECE,56,72.6
1996,Student_1996,18,ECE,58,73.29
1997,Student_1997,21,ECE,36,86.64
1998,Student_1998,21,EEE,37,67.1
1999,Student_1999,20,CSE,56,87.17
2000,Student_2000,24,CSE,80,98.78
2001,Student_2001,22,CSE,97,94.93
2002,Student_2002,21,CSE,40,92.76
2003,Student_2003,22,IT,72,93.41
2004,Student_2004,22,CIVIL,56,90.2
2005,Student_2005,24,CSE,47,72.18
2006,Student_2006,23,EEE,92,79.63
2007,Student_2007,20,CIVIL,67,86.54
2008,Student_2008,20,EEE,93,60.54
2009,Student_2009,20,EEE,77,95.65
2010,Student_2010,24,IT,96,64.51
2011,Student_2011,23,CIVIL,37,65.92
2012,Student_2012,21,ECE,53,74.29
2013,Student_2013,18,ECE,90,74.38
2014,Student_2014,23,CSE,59,96.83
2015,Student_2015,21,IT,48,98.62
2016,Student_2016,23,IT,92,99.49
2017,Student_2017,22,ECE,68,96.41
2018,Student_2018,20,EEE,85,83.57
2019,Student_2019,20,EEE,59,61.64
2020,Student_2020,22,IT,78,93.37
2021,Student_2021,18,MECH,93,82.67
2022,Student_2022,24,EEE,71,64.41
2023,Student_2023,18,MECH,53,78.65
2024,Student_2024,19,CIVIL,72,84.95
2025,Student_2025,23,ECE,73,79.47
2026,Student_2026,18,EEE,36,78.15
2027,Student_2027,19,EEE,50,62.13
2028,Student_2028,20,CSE,90,74.09
2029,Student_2029,24,CSE,41,70.06
2030,Student_2030,20,EEE,99,86.61
2031,Student_2031,24,CIVIL,54,98.15
2032,Student_2032,23,EEE,53,99.84
2033,Student_2033,19,MECH,45,71.63
2034,Student_2034,18,MECH,80,69.95
2035,Student_2035,23,IT,84,76.9
2036,Student_2036,18,EEE,73,83.88
2037,Student_2037,19,CIVIL,90,87.16
2038,Student_2038,20,CIVIL,52,87.33
2039,Student_2039,19,EEE,52,76.65
2040,Student_2040,19,EEE,74,63.42
2041,Student_2041,22,IT,94,81.83
2042,Student_2042,21,MECH,47,65.54
2043,Student_2043,21,IT,75,80.15
2044,Student_2044,23,IT,80,78.74
2045,Student_2045,21,MECH,88,98.46
2046,Student_2046,21,CSE,38,98.3
2047,Student_2047,21,CSE,52,84.61
2048,Student_2048,20,ECE,100,74.92
2049,Student_2049,22,CIVIL,72,62.14
2050,Student_2050,24,MECH,51,76.12
2051,Student_2051,18,MECH,93,93.57
2052,Student_2052,18,CSE,69,93.2
2053,Student_2053,23,CSE,77,83.77
2054,Student_2054,24,EEE,96,87.62
2055,Student_2055,24,CSE,50,89.62
2056,Student_2056,23,CIVIL,41,88.06
2057,Student_2057,22,ECE,98,65.46
2058,Student_2058,23,IT,54,72.04
2059,Student_2059,20,IT,35,92.22
2060,Student_2060,22,IT,60,64.59
2061,Student_2061,18,ECE,50,80.79
2062,Student_2062,19,ECE,48,78.95
2063,Student_2063,24,CIVIL,91,75.63
2064,Student_2064,18,EEE,86,79.35
2065,Student_2065,19,ECE,68,92.87
2066,Student_2066,23,MECH,50,77.29
2067,Student_2067,23,CSE,58,65.67
2068,Student_2068,23,IT,65,66.83
2069,Student_2069,23,IT,60,79.05
2070,Student_2070,20,EEE,47,98.36
2071,Student_2071,21,EEE,70,75.65
2072,Student_2072,23,CSE,94,76.68
2073,Student_2073,21,ECE,38,71.34
2074,Student_2074,18,CIVIL,84,60.44
2075,Student_2075,20,CSE,91,61.71
2076,Student_2076,20,ECE,94,95.3
2077,Student_2077,21,EEE,36,99.27
2078,Student_2078,20,CIVIL,99,68.43
2079,Student_2079,23,CIVIL,84,80.52
2080,Student_2080,19,IT,54,74.07
2081,Student_2081,23,CIVIL,78,78.38
2082,Student_2082,24,ECE,70,91.4
2083,Student_2083,23,EEE,85,62.73
2084,Student_2084,24,IT,96,75.06
2085,Student_2085,21,CIVIL,58,83.04
2086,Student_2086,22,IT,68,65.18
2087,Student_2087,20,CIVIL,79,83.38
2088,Student_2088,24,MECH,43,61.8
2089,Student_2089,24,IT,55,69.27
2090,Student_2090,23,CSE,98,97.37
2091,Student_2091,21,EEE,64,99.25
2092,Student_2092,24,IT,65,64.22
2093,Student_2093,19,IT,84,90.23
2094,Student_2094,21,CSE,42,84.48
2095,Student_2095,18,CSE,44,77.66
2096,Student_2096,20,CIVIL,38,96.94
2097,Student_2097,20,CSE,92,75.11
2098,Student_2098,23,CIVIL,60,67.83
2099,Student_2099,21,MECH,71,69.02
2100,Student_2100,23,ECE,90,92.55
2101,Student_2101,24,ECE,46,83.28
2102,Student_2102,23,IT,47,68.14
2103,Student_2103,24,ECE,35,74.38
2104,Student_2104,21,CIVIL,44,73.63
2105,Student_2105,23,IT,98,67.61
2106,Student_2106,19,CIVIL,95,80.03
2107,Student_2107,20,CIVIL,52,92.06
2108,Student_2108,21,MECH,83,94.96
2109,Student_2109,22,CSE,51,91.3
2110,Student_2110,20,CSE,50,79.95
2111,Student_2111,18,CIVIL,77,60.9
2112,Student_2112,24,EEE,67,75.62
2113,Student_2113,20,CSE,55,98.72
2114,Student_2114,18,CIVIL,65,94.13
2115,Student_2115,22,CIVIL,74,75.97
2116,Student_2116,18,CIVIL,49,83.31
2117,Student_2117,20,IT,38,61.29
2118,Student_2118,21,EEE,60,73.38
2119,Student_2119,24,CSE,52,68.17
2120,Student_2120,24,IT,77,96.97
2121,Student_2121,23,CSE,65,79.74
2122,Student_2122,24,CIVIL,39,73.83
2123,Student_2123,18,MECH,45,95.5
2124,Student_2124,21,ECE,69,88.93
2125,Student_2125,18,CSE,98,80.3
2126,Student_2126,23,EEE,90,79.1
2127,Student_2127,24,ECE,37,97.25
2128,Student_2128,18,ECE,83,87.28
2129,Student_2129,23,CSE,96,62.09
2130,Student_2130,24,MECH,51,77.19
2131,Student_2131,21,CIVIL,52,64.62
2132,Student_2132,18,CIVIL,82,74.07
2133,Student_2133,20,MECH,42,69.53
2134,Student_2134,18,CIVIL,36,69.09
2135,Student_2135,23,CIVIL,40,99.64
2136,Student_2136,18,IT,66,92.5
2137,Student_2137,18,CSE,51,77.54
2138,Student_2138,20,CSE,75,73.99
2139,Student_2139,23,ECE,72,65.19
2140,Student_2140,21,MECH,50,86.26
2141,Student_2141,18,EEE,61,79.8
2142,Student_2142,23,EEE,63,77.74
2143,Student_2143,20,EEE,72,94.76
2144,Student_2144,19,CIVIL,69,72.75
2145,Student_2145,22,CIVIL,48,62.16
2146,Student_2146,21,IT,97,71.19
2147,Student_2147,19,ECE,64,72.2
2148,Student_2148,22,ECE,50,74.9
2149,Student_2149,24,ECE,39,99.12
2150,Student_2150,23,MECH,93,98.12
2151,Student_2151,18,MECH,39,70.81
2152,Student_2152,22,MECH,73,93.09
2153,Student_2153,18,CSE,70,94.18
2154,Student_2154,21,MECH,37,94.51
2155,Student_2155,21,MECH,40,68.98
2156,Student_2156,21,ECE,90,81.3
2157,Student_2157,23,EEE,39,81.66
2158,Student_2158,20,CSE,78,96.91
2159,Student_2159,20,CIVIL,62,90.29
2160,Student_2160,20,IT,90,94.63
2161,Student_2161,24,IT,42,92.3
2162,Student_2162,22,MECH,71,94.34
2163,Student_2163,22,MECH,89,82.9
2164,Student_2164,22,CIVIL,68,66.5
2165,Student_2165,21,MECH,65,65.27
2166,Student_2166,18,EEE,70,63.42
2167,Student_2167,19,CIVIL,72,73.5
2168,Student_2168,21,CSE,70,74.47
2169,Student_2169,23,EEE,36,64.97
2170,Student_2170,22,IT,76,93.44
2171,Student_2171,24,ECE,91,78.51
2172,Student_2172,21,CSE,94,61.48
2173,Student_2173,20,MECH,62,76.34
2174,Student_2174,22,CSE,70,95.88
2175,Student_2175,22,EEE,43,77.62
2176,Student_2176,20,EEE,68,94.76
2177,Student_2177,19,ECE,57,65.88
2178,Student_2178,22,IT,41,69.31
2179,Student_2179,23,CSE,58,87.38
2180,Student_2180,24,MECH,75,61.68
2181,Student_2181,23,ECE,42,98.07
2182,Student_2182,20,EEE,37,87.14
2183,Student_2183,24,EEE,40,84.02
2184,Student_2184,20,CSE,44,80.28
2185,Student_2185,18,CIVIL,44,69.48
2186,Student_2186,20,CIVIL,82,93.17
2187,Student_2187,23,MECH,44,85.68
2188,Student_2188,20,ECE,38,73.06
2189,Student_2189,24,EEE,77,99.0
2190,Student_2190,23,EEE,95,97.7
2191,Student_2191,20,CIVIL,38,66.41
2192,Student_2192,18,EEE,54,96.47
2193,Student_2193,18,CSE,62,92.32
2194,Student_2194,22,IT,100,91.34
2195,Student_2195,23,EEE,62,75.15
2196,Student_2196,22,CSE,54,75.24
2197,Student_2197,23,CSE,44,98.35
2198,Student_2198,19,CIVIL,99,99.91
2199,Student_2199,23,CIVIL,88,81.56
2200,Student_2200,18,CIVIL,41,84.28
2201,Student_2201,23,CIVIL,91,72.68
2202,Student_2202,19,CIVIL,72,96.44
2203,Student_2203,20,ECE,81,69.24
2204,Student_2204,20,IT,49,87.72
2205,Student_2205,21,IT,87,74.48
2206,Student_2206,20,CIVIL,99,63.06
2207,Student_2207,20,IT,96,84.21
2208,Student_2208,21,MECH,64,82.77
2209,Student_2209,24,ECE,66,91.06
2210,Student_2210,21,IT,52,84.22
2211,Student_2211,24,EEE,78,72.55
2212,Student_2212,18,MECH,88,80.2
2213,Student_2213,19,CIVIL,98,85.31
2214,Student_2214,24,ECE,58,95.06
2215,Student_2215,18,ECE,50,76.75
2216,Student_2216,24,CIVIL,95,89.71
2217,Student_2217,19,CSE,90,60.96
2218,Student_2218,19,CSE,51,80.6
2219,Student_2219,22,MECH,89,74.17
2220,Student_2220,21,IT,65,88.48
2221,Student_2221,18,EEE,78,83.66
2222,Student_2222,22,CSE,40,62.95
2223,Student_2223,20,MECH,87,85.23
2224,Student_2224,23,MECH,72,90.31
2225,Student_2225,23,ECE,58,88.95
2226,Student_2226,22,CIVIL,45,66.09
2227,Student_2227,18,CIVIL,82,86.96
2228,Student_2228,21,MECH,76,77.54
2229,Student_2229,22,IT,70,97.79
2230,Student_2230,18,ECE,73,79.73
2231,Student_2231,18,CIVIL,100,93.76
2232,Student_2232,21,EEE,76,75.36
2233,Student_2233,24,ECE,53,61.68
2234,Student_2234,23,IT,61,77.22
2235,Student_2235,20,CIVIL,75,63.98
2236,Student_2236,20,ECE,50,71.51
2237,Student_2237,21,MECH,63,95.41
2238,Student_2238,20,EEE,48,96.98
2239,Student_2239,23,EEE,53,63.84
2240,Student_2240,22,CIVIL,56,61.09
2241,Student_2241,18,CIVIL,59,60.27
2242,Student_2242,24,CSE,82,68.13
2243,Student_2243,22,MECH,91,80.84
2244,Student_2244,24,MECH,72,96.72
2245,Student_2245,23,IT,50,77.78
2246,Student_2246,21,MECH,68,63.47
2247,Student_2247,19,EEE,49,98.74
2248,Student_2248,24,CSE,63,89.09
2249,Student_2249,20,ECE,99,73.41
2250,Student_2250,21,IT,100,86.88
2251,Student_2251,18,IT,75,95.69
2252,Student_2252,18,MECH,47,97.29
2253,Student_2253,24,CIVIL,75,67.62
2254,Student_2254,22,IT,39,97.97
2255,Student_2255,23,CSE,66,65.47
2256,Student_2256,21,ECE,60,70.61
2257,Student_2257,19,MECH,58,89.34
2258,Student_2258,20,ECE,60,85.39
2259,Student_2259,18,CIVIL,62,60.13
2260,Student_2260,18,MECH,61,88.4
2261,Student_2261,18,MECH,68,84.54
2262,Student_2262,23,CIVIL,65,85.51
2263,Student_2263,21,CIVIL,58,95.12
2264,Student_2264,24,ECE,72,86.72
2265,Student_2265,21,IT,85,83.91
2266,Student_2266,22,MECH,72,63.86
2267,Student_2267,18,EEE,88,98.77
2268,Student_2268,20,ECE,89,64.63
2269,Student_2269,21,EEE,49,73.9
2270,Student_2270,21,IT,51,90.95
2271,Student_2271,21,MECH,87,87.49
2272,Student_2272,18,EEE,69,80.3
2273,Student_2273,24,MECH,42,82.49
2274,Student_2274,20,EEE,75,76.45
2275,Student_2275,24,MECH,89,75.95
2276,Student_2276,18,EEE,97,89.13
2277,Student_2277,20,IT,40,72.34
2278,Student_2278,21,ECE,56,81.44
2279,Student_2279,24,IT,49,97.92
2280,Student_2280,22,CIVIL,77,65.17
2281,Student_2281,22,CSE,37,92.1
2282,Student_2282,18,IT,77,96.49
2283,Student_2283,24,CIVIL,43,86.2
2284,Student_2284,22,ECE,81,81.42
2285,Student_2285,19,CIVIL,85,94.39
2286,Student_2286,19,EEE,55,96.43
2287,Student_2287,20,MECH,62,82.12
2288,Student_2288,19,CSE,39,93.82
2289,Student_2289,24,CIVIL,48,80.06
2290,Student_2290,24,MECH,40,66.28
2291,Student_2291,20,CSE,64,85.26
2292,Student_2292,23,ECE,39,70.9
2293,Student_2293,18,MECH,86,65.25
2294,Student_2294,23,EEE,45,63.06
2295,Student_2295,22,IT,88,60.81
2296,Student_2296,23,CIVIL,54,63.82
2297,Student_2297,22,MECH,59,93.26
2298,Student_2298,24,EEE,76,77.01
2299,Student_2299,23,CSE,73,70.96
2300,Student_2300,19,CSE,68,98.77
2301,Student_2301,22,MECH,83,71.65
2302,Student_2302,18,ECE,87,82.44
2303,Student_2303,21,EEE,99,69.78
2304,Student_2304,18,MECH,85,98.06
2305,Student_2305,24,CIVIL,48,78.09
2306,Student_2306,22,CSE,85,90.85
2307,Student_2307,21,EEE,96,82.53
2308,Student_2308,23,EEE,77,65.75
2309,Student_2309,23,CSE,47,82.44
2310,Student_2310,19,MECH,66,63.36
2311,Student_2311,21,CIVIL,95,80.94
2312,Student_2312,24,CIVIL,64,62.36
2313,Student_2313,21,EEE,87,72.46
2314,Student_2314,20,ECE,39,72.86
2315,Student_2315,22,CIVIL,87,94.86
2316,Student_2316,20,IT,61,90.2
2317,Student_2317,24,MECH,98,72.52
2318,Student_2318,23,ECE,76,78.45
2319,Student_2319,21,CIVIL,45,96.85
2320,Student_2320,21,IT,44,75.03
2321,Student_2321,24,CSE,55,80.8
2322,Student_2322,18,ECE,60,77.5
2323,Student_2323,18,CSE,89,79.81
2324,Student_2324,23,CIVIL,97,65.59
2325,Student_2325,24,CIVIL,88,75.98
2326,Student_2326,20,CSE,90,99.83
2327,Student_2327,23,IT,69,80.9
2328,Student_2328,22,EEE,56,65.66
2329,Student_2329,22,IT,61,92.11
2330,Student_2330,23,EEE,67,78.88
2331,Student_2331,19,EEE,52,66.57
2332,Student_2332,23,MECH,36,72.71
2333,Student_2333,19,ECE,95,62.68
2334,Student_2334,18,EEE,59,67.97
2335,Student_2335,18,CIVIL,93,73.24
2336,Student_2336,18,CIVIL,94,83.78
2337,Student_2337,18,EEE,63,73.8
2338,Student_2338,18,ECE,70,71.37
2339,Student_2339,24,MECH,74,74.69
2340,Student_2340,24,MECH,67,82.44
2341,Student_2341,23,IT,60,63.1
2342,Student_2342,19,CSE,62,71.2
2343,Student_2343,20,CIVIL,48,65.07
2344,Student_2344,22,CIVIL,84,73.21
2345,Student_2345,24,CIVIL,70,98.67
2346,Student_2346,23,CIVIL,95,68.37
2347,Student_2347,18,ECE,62,63.65
2348,Student_2348,24,CIVIL,53,65.73
2349,Student_2349,21,CSE,76,63.11
2350,Student_2350,18,ECE,100,92.29
2351,Student_2351,21,IT,95,73.08
2352,Student_2352,22,CSE,65,82.41
2353,Student_2353,21,MECH,95,74.2
2354,Student_2354,24,CIVIL,75,81.23
2355,Student_2355,22,ECE,56,97.82
2356,Student_2356,24,EEE,53,93.6
2357,Student_2357,22,MECH,97,87.8
2358,Student_2358,20,IT,50,82.32
2359,Student_2359,21,IT,79,67.12
2360,Student_2360,24,EEE,94,90.83
2361,Student_2361,20,IT,89,68.55
2362,Student_2362,22,ECE,83,74.97
2363,Student_2363,23,CSE,60,77.68
2364,Student_2364,22,ECE,35,83.45
2365,Student_2365,20,CSE,82,96.63
2366,Student_2366,22,CSE,69,61.34
2367,Student_2367,20,IT,96,75.93
2368,Student_2368,23,IT,67,70.97
2369,Student_2369,18,CIVIL,38,94.53
2370,Student_2370,21,CIVIL,93,79.61
2371,Student_2371,21,IT,48,61.53
2372,Student_2372,18,CIVIL,54,88.23
2373,Student_2373,19,ECE,45,76.78
2374,Student_2374,24,CSE,42,77.74
2375,Student_2375,23,CSE,75,63.9
2376,Student_2376,22,EEE,59,86.2
2377,Student_2377,23,CSE,77,93.49
2378,Student_2378,24,EEE,56,96.23
2379,Student_2379,22,IT,81,80.65
2380,Student_2380,23,MECH,88,93.51
2381,Student_2381,23,CSE,43,67.72
2382,Student_2382,24,CIVIL,53,89.16
2383,Student_2383,18,ECE,91,61.78
2384,Student_2384,22,ECE,99,76.37
2385,Student_2385,23,IT,35,72.45
2386,Student_2386,22,EEE,50,73.66
2387,Student_2387,22,IT,46,82.65
2388,Student_2388,21,CSE,49,96.72
2389,Student_2389,19,IT,46,67.43
2390,Student_2390,22,IT,37,90.67
2391,Student_2391,24,CSE,62,85.52
2392,Student_2392,21,CSE,66,72.31
2393,Student_2393,23,IT,59,89.9
2394,Student_2394,23,ECE,74,62.13
2395,Student_2395,23,EEE,57,71.16
2396,Student_2396,22,EEE,87,69.04
2397,Student_2397,19,EEE,60,67.08
2398,Student_2398,20,EEE,91,70.58
2399,Student_2399,21,EEE,81,73.95
2400,Student_2400,23,CIVIL,92,93.18
2401,Student_2401,23,ECE,39,97.99
2402,Student_2402,22,MECH,54,81.52
2403,Student_2403,19,IT,90,73.88
2404,Student_2404,24,IT,71,68.3
2405,Student_2405,23,CIVIL,69,63.63
2406,Student_2406,24,ECE,68,68.73
2407,Student_2407,20,CSE,49,80.68
2408,Student_2408,23,ECE,95,65.59
2409,Student_2409,22,EEE,82,82.55
2410,Student_2410,23,CIVIL,39,72.89
2411,Student_2411,18,IT,80,94.77
2412,Student_2412,18,ECE,88,79.02
2413,Student_2413,20,IT,47,67.48
2414,Student_2414,20,EEE,55,78.67
2415,Student_2415,19,CSE,91,92.37
2416,Student_2416,21,CIVIL,90,89.24
2417,Student_2417,21,ECE,67,88.93
2418,Student_2418,22,EEE,96,87.14
2419,Student_2419,20,CSE,64,90.53
2420,Student_2420,22,CSE,88,77.04
2421,Student_2421,20,CIVIL,86,83.72
2422,Student_2422,19,CIVIL,56,96.89
2423,Student_2423,22,IT,60,98.06
2424,Student_2424,22,ECE,51,86.54
2425,Student_2425,24,CSE,46,72.37
2426,Student_2426,24,ECE,79,78.35
2427,Student_2427,19,MECH,35,86.34
2428,Student_2428,19,ECE,73,72.3
2429,Student_2429,19,ECE,61,77.46
2430,Student_2430,23,ECE,54,87.39
2431,Student_2431,24,EEE,35,79.09
2432,Student_2432,20,CSE,95,81.99
2433,Student_2433,21,IT,62,96.51
2434,Student_2434,23,MECH,94,88.25
2435,Student_2435,24,CSE,84,65.14
2436,Student_2436,24,ECE,86,90.93
2437,Student_2437,20,IT,89,83.88
2438,Student_2438,22,CSE,79,79.53
2439,Student_2439,23,CIVIL,38,68.87
2440,Student_2440,22,ECE,65,74.77
2441,Student_2441,20,CIVIL,35,84.42
2442,Student_2442,24,MECH,44,85.82
2443,Student_2443,19,MECH,59,61.77
2444,Student_2444,20,MECH,46,73.58
2445,Student_2445,23,ECE,89,66.03
2446,Student_2446,20,MECH,96,61.39
2447,Student_2447,21,ECE,55,75.93
2448,Student_2448,22,CSE,94,92.25
2449,Student_2449,20,IT,47,86.23
2450,Student_2450,21,CSE,55,72.76
2451,Student_2451,22,CIVIL,84,87.45
2452,Student_2452,18,MECH,86,76.9
2453,Student_2453,18,EEE,89,70.35
2454,Student_2454,23,CSE,92,80.08
2455,Student_2455,24,MECH,77,93.77
2456,Student_2456,20,CSE,57,99.23
2457,Student_2457,22,MECH,45,66.02
2458,Student_2458,20,IT,68,67.9
2459,Student_2459,24,CIVIL,93,77.4
2460,Student_2460,21,EEE,40,64.86
2461,Student_2461,21,MECH,81,62.0
2462,Student_2462,22,IT,82,70.09
2463,Student_2463,20,IT,72,90.67
2464,Student_2464,18,CIVIL,69,67.15
2465,Student_2465,20,MECH,37,77.87
2466,Student_2466,20,IT,39,83.83
2467,Student_2467,20,IT,39,81.25
2468,Student_2468,21,ECE,57,63.36
2469,Student_2469,18,ECE,53,85.32
2470,Student_2470,21,EEE,79,98.87
2471,Student_2471,23,CIVIL,66,96.75
2472,Student_2472,24,IT,93,61.63
2473,Student_2473,20,EEE,39,65.87
2474,Student_2474,23,IT,47,75.28
2475,Student_2475,23,CSE,78,97.1
2476,Student_2476,23,EEE,89,76.03
2477,Student_2477,19,IT,67,88.86
2478,Student_2478,23,CSE,90,98.61
2479,Student_2479,24,ECE,68,99.8
2480,Student_2480,22,CIVIL,66,87.77
2481,Student_2481,18,EEE,95,68.61
2482,Student_2482,21,EEE,58,71.07
2483,Student_2483,23,CSE,86,96.39
2484,Student_2484,23,EEE,69,60.2
2485,Student_2485,19,CSE,88,86.29
2486,Student_2486,20,EEE,94,83.96
2487,Student_2487,23,EEE,47,68.85
2488,Student_2488,18,IT,76,68.84
2489,Student_2489,22,EEE,93,83.52
2490,Student_2490,23,CIVIL,77,81.66
2491,Student_2491,21,CIVIL,36,73.72
2492,Student_2492,20,EEE,91,66.07
2493,Student_2493,24,IT,98,68.43
2494,Student_2494,23,ECE,84,70.23
2495,Student_2495,18,IT,45,85.26
2496,Student_2496,22,EEE,45,68.3
2497,Student_2497,22,EEE,73,71.67
2498,Student_2498,20,MECH,94,61.18
2499,Student_2499,22,CIVIL,56,84.97
2500,Student_2500,22,MECH,88,99.83
2501,Student_2501,18,EEE,97,99.59
2502,Student_2502,21,CIVIL,51,75.14
2503,Student_2503,24,CSE,47,75.83
2504,Student_2504,19,CSE,72,67.14
2505,Student_2505,19,IT,86,82.0
2506,Student_2506,20,ECE,88,96.02
2507,Student_2507,20,EEE,81,85.21
2508,Student_2508,23,IT,75,80.09
2509,Student_2509,22,MECH,63,94.36
2510,Student_2510,21,MECH,71,93.05
2511,Student_2511,21,ECE,57,76.0
2512,Student_2512,18,CIVIL,77,90.52
2513,Student_2513,23,ECE,47,75.33
2514,Student_2514,23,MECH,88,76.41
2515,Student_2515,23,CSE,63,65.54
2516,Student_2516,22,CIVIL,45,83.98
2517,Student_2517,23,MECH,37,73.0
2518,Student_2518,19,ECE,95,87.37
2519,Student_2519,20,CSE,84,82.08
2520,Student_2520,24,ECE,55,78.31
2521,Student_2521,23,ECE,57,78.89
2522,Student_2522,23,ECE,76,65.31
2523,Student_2523,18,CSE,61,83.1
2524,Student_2524,21,ECE,91,99.59
2525,Student_2525,24,ECE,94,80.01
2526,Student_2526,18,CIVIL,77,94.88
2527,Student_2527,19,ECE,94,88.88
2528,Student_2528,18,CSE,39,87.28
2529,Student_2529,21,CIVIL,95,94.49
2530,Student_2530,18,MECH,68,95.33
2531,Student_2531,22,CSE,38,77.54
2532,Student_2532,24,IT,42,71.72
2533,Student_2533,21,IT,40,74.53
2534,Student_2534,23,CIVIL,91,77.14
2535,Student_2535,18,CSE,53,93.88
2536,Student_2536,24,CIVIL,49,88.88
2537,Student_2537,20,MECH,78,65.68
2538,Student_2538,19,MECH,61,70.58
2539,Student_2539,20,IT,44,78.33
2540,Student_2540,23,MECH,66,90.28
2541,Student_2541,20,EEE,91,73.23
2542,Student_2542,21,IT,68,82.73
2543,Student_2543,22,CSE,52,65.92
2544,Student_2544,20,CSE,63,95.21
2545,Student_2545,22,EEE,72,72.27
2546,Student_2546,23,ECE,74,79.01
2547,Student_2547,21,IT,72,66.18
2548,Student_2548,24,IT,51,65.86
2549,Student_2549,20,MECH,67,85.47
2550,Student_2550,18,ECE,73,65.93
2551,Student_2551,18,EEE,81,88.85
2552,Student_2552,23,CIVIL,86,79.08
2553,Student_2553,19,EEE,54,83.49
2554,Student_2554,22,EEE,82,75.12
2555,Student_2555,21,IT,56,94.83
2556,Student_2556,21,ECE,96,95.89
2557,Student_2557,18,IT,43,73.69
2558,Student_2558,20,ECE,63,66.0
2559,Student_2559,22,IT,50,86.0
2560,Student_2560,20,MECH,93,82.78
2561,Student_2561,23,CSE,64,89.66
2562,Student_2562,20,IT,39,75.94
2563,Student_2563,18,EEE,99,62.69
2564,Student_2564,22,CIVIL,45,98.82
2565,Student_2565,18,MECH,66,69.79
2566,Student_2566,24,IT,58,87.59
2567,Student_2567,23,ECE,64,87.59
2568,Student_2568,21,ECE,40,99.18
2569,Student_2569,20,CIVIL,70,63.65
2570,Student_2570,19,IT,43,96.25
2571,Student_2571,19,CIVIL,73,62.43
2572,Student_2572,19,ECE,96,78.57
2573,Student_2573,22,CSE,75,91.6
2574,Student_2574,18,ECE,96,64.66
2575,Student_2575,18,MECH,60,64.0
2576,Student_2576,22,ECE,97,72.0
2577,Student_2577,18,CIVIL,90,94.45
2578,Student_2578,18,IT,91,91.1
2579,Student_2579,19,CIVIL,93,99.69
2580,Student_2580,20,MECH,69,79.7
2581,Student_2581,19,EEE,99,79.33
2582,Student_2582,20,IT,73,70.57
2583,Student_2583,22,ECE,78,71.01
2584,Student_2584,22,CIVIL,74,85.04
2585,Student_2585,18,ECE,97,60.26
2586,Student_2586,22,MECH,98,66.53
2587,Student_2587,18,MECH,73,63.78
2588,Student_2588,24,MECH,78,85.52
2589,Student_2589,22,ECE,59,91.15
2590,Student_2590,24,ECE,62,72.29
2591,Student_2591,20,EEE,95,64.12
2592,Student_2592,20,CIVIL,61,82.84
2593,Student_2593,19,EEE,55,67.68
2594,Student_2594,21,ECE,55,84.4
2595,Student_2595,19,EEE,95,86.14
2596,Student_2596,24,MECH,69,69.15
2597,Student_2597,20,MECH,73,74.83
2598,Student_2598,20,EEE,80,93.17
2599,Student_2599,20,MECH,74,77.01
2600,Student_2600,21,MECH,35,90.49
2601,Student_2601,21,CSE,87,74.14
2602,Student_2602,24,ECE,93,90.68
2603,Student_2603,18,IT,60,68.34
2604,Student_2604,23,EEE,72,93.3
2605,Student_2605,18,EEE,89,91.64
2606,Student_2606,20,CIVIL,60,91.9
2607,Student_2607,22,CIVIL,91,94.26
2608,Student_2608,18,CSE,66,66.42
2609,Student_2609,23,MECH,95,98.08
2610,Student_2610,18,IT,84,87.51
2611,Student_2611,23,MECH,66,71.21
2612,Student_2612,22,CIVIL,83,62.37
2613,Student_2613,18,IT,78,71.04
2614,Student_2614,20,MECH,71,64.44
2615,Student_2615,19,IT,44,72.98
2616,Student_2616,24,IT,87,92.97
2617,Student_2617,24,ECE,73,82.96
2618,Student_2618,22,CSE,91,69.81
2619,Student_2619,22,CIVIL,68,82.27
2620,Student_2620,24,EEE,37,65.62
2621,Student_2621,24,CSE,75,98.29
2622,Student_2622,20,MECH,62,67.37
2623,Student_2623,21,ECE,93,74.49
2624,Student_2624,19,IT,68,70.21
2625,Student_2625,23,CSE,52,64.77
2626,Student_2626,21,MECH,85,92.24
2627,Student_2627,24,CSE,42,96.52
2628,Student_2628,22,EEE,37,82.63
2629,Student_2629,18,CIVIL,76,91.61
2630,Student_2630,21,EEE,77,85.37
2631,Student_2631,23,CSE,46,98.97
2632,Student_2632,24,CSE,55,91.94
2633,Student_2633,24,CSE,94,84.4
2634,Student_2634,19,CSE,90,92.71
2635,Student_2635,21,MECH,54,86.02
2636,Student_2636,18,ECE,78,78.16
2637,Student_2637,24,IT,90,95.58
2638,Student_2638,21,CIVIL,72,60.25
2639,Student_2639,24,MECH,37,60.34
2640,Student_2640,20,MECH,54,70.35
2641,Student_2641,19,CIVIL,76,81.29
2642,Student_2642,23,IT,60,90.8
2643,Student_2643,22,EEE,54,67.55
2644,Student_2644,19,ECE,74,67.26
2645,Student_2645,18,CIVIL,40,91.18
2646,Student_2646,22,EEE,43,73.1
2647,Student_2647,20,ECE,61,68.07
2648,Student_2648,19,MECH,69,69.32
2649,Student_2649,19,EEE,38,65.49
2650,Student_2650,21,CSE,83,61.02
2651,Student_2651,24,IT,61,75.22
2652,Student_2652,21,MECH,86,67.95
2653,Student_2653,24,MECH,50,63.71
2654,Student_2654,19,CIVIL,50,66.52
2655,Student_2655,19,CSE,97,89.63
2656,Student_2656,20,IT,75,76.61
2657,Student_2657,19,CSE,99,74.39
2658,Student_2658,20,CIVIL,49,97.8
2659,Student_2659,18,CSE,83,92.14
2660,Student_2660,21,CSE,80,74.42
2661,Student_2661,20,CSE,90,97.84
2662,Student_2662,23,EEE,64,99.99
2663,Student_2663,18,IT,84,95.04
2664,Student_2664,18,EEE,76,61.81
2665,Student_2665,24,ECE,57,82.58
2666,Student_2666,19,CIVIL,54,65.61
2667,Student_2667,21,CSE,42,83.85
2668,Student_2668,19,IT,72,74.87
2669,Student_2669,21,ECE,88,66.9
2670,Student_2670,22,ECE,58,74.6
2671,Student_2671,18,ECE,38,79.9
2672,Student_2672,20,MECH,82,96.36
2673,Student_2673,20,CIVIL,76,61.14
2674,Student_2674,18,EEE,38,95.55
2675,Student_2675,18,IT,53,96.54
2676,Student_2676,18,CIVIL,83,90.5
2677,Student_2677,23,CIVIL,56,66.33
2678,Student_2678,18,EEE,63,63.68
2679,Student_2679,18,CSE,95,78.58
2680,Student_2680,21,CIVIL,91,65.38
2681,Student_2681,22,IT,35,72.46
2682,Student_2682,21,EEE,51,72.92
2683,Student_2683,22,EEE,47,79.11
2684,Student_2684,23,CIVIL,60,65.03
2685,Student_2685,22,ECE,53,69.02
2686,Student_2686,18,IT,47,88.69
2687,Student_2687,20,CIVIL,48,69.99
2688,Student_2688,20,ECE,73,73.15
2689,Student_2689,21,IT,69,90.4
2690,Student_2690,19,EEE,89,74.99
2691,Student_2691,19,CIVIL,39,89.92
2692,Student_2692,24,MECH,41,91.77
2693,Student_2693,19,CSE,53,85.39
2694,Student_2694,24,ECE,55,75.87
2695,Student_2695,18,CIVIL,96,79.35
2696,Student_2696,20,ECE,86,78.08
2697,Student_2697,19,MECH,68,81.84
2698,Student_2698,18,IT,70,86.22
2699,Student_2699,22,EEE,78,99.87
2700,Student_2700,19,EEE,78,92.28
2701,Student_2701,21,CIVIL,93,86.53
2702,Student_2702,23,EEE,68,62.52
2703,Student_2703,20,MECH,38,98.59
2704,Student_2704,19,CSE,64,99.0
2705,Student_2705,24,CSE,50,82.02
2706,Student_2706,20,ECE,79,72.28
2707,Student_2707,21,CIVIL,45,98.65
2708,Student_2708,22,ECE,85,92.8
2709,Student_2709,22,ECE,53,93.6
2710,Student_2710,19,CSE,60,89.34
2711,Student_2711,20,CIVIL,54,82.52
2712,Student_2712,22,CIVIL,41,92.01
2713,Student_2713,20,CIVIL,64,87.75
2714,Student_2714,22,ECE,82,66.35
2715,Student_2715,23,ECE,63,93.73
2716,Student_2716,24,IT,54,81.63
2717,Student_2717,22,MECH,60,71.14
2718,Student_2718,21,EEE,84,96.04
2719,Student_2719,21,MECH,94,72.88
2720,Student_2720,23,EEE,35,62.99
2721,Student_2721,23,CIVIL,74,68.35
2722,Student_2722,23,CIVIL,43,62.37
2723,Student_2723,21,ECE,53,79.24
2724,Student_2724,19,ECE,85,91.45
2725,Student_2725,23,MECH,85,83.66
2726,Student_2726,19,EEE,44,69.05
2727,Student_2727,20,ECE,86,64.94
2728,Student_2728,23,CIVIL,54,68.23
2729,Student_2729,19,IT,70,90.42
2730,Student_2730,18,IT,50,80.82
2731,Student_2731,22,CSE,95,69.29
2732,Student_2732,21,EEE,50,81.65
2733,Student_2733,22,MECH,54,62.82
2734,Student_2734,24,IT,78,95.01
2735,Student_2735,18,MECH,67,64.51
2736,Student_2736,21,MECH,56,95.05
2737,Student_2737,23,MECH,72,68.99
2738,Student_2738,18,CSE,81,69.65
2739,Student_2739,24,IT,98,93.47
2740,Student_2740,21,MECH,42,85.52
2741,Student_2741,24,EEE,70,96.19
2742,Student_2742,23,CIVIL,77,76.79
2743,Student_2743,24,EEE,80,63.32
2744,Student_2744,18,IT,97,69.71
2745,Student_2745,21,ECE,90,86.63
2746,Student_2746,18,IT,97,82.43
2747,Student_2747,24,CIVIL,83,84.27
2748,Student_2748,24,IT,83,61.68
2749,Student_2749,18,CIVIL,47,83.03
2750,Student_2750,18,ECE,81,83.2
2751,Student_2751,23,CIVIL,88,92.61
2752,Student_2752,23,IT,40,73.89
2753,Student_2753,24,MECH,93,82.93
2754,Student_2754,22,CSE,86,92.53
2755,Student_2755,23,IT,90,86.76
2756,Student_2756,18,ECE,58,60.97
2757,Student_2757,20,CSE,72,96.83
2758,Student_2758,24,CSE,93,93.98
2759,Student_2759,20,EEE,79,74.1
2760,Student_2760,19,EEE,92,91.35
2761,Student_2761,20,MECH,68,90.74
2762,Student_2762,19,ECE,76,89.63
2763,Student_2763,24,EEE,57,93.79
2764,Student_2764,24,CSE,77,74.07
2765,Student_2765,22,IT,64,72.66
2766,Student_2766,20,CSE,46,85.58
2767,Student_2767,20,CIVIL,98,85.58
2768,Student_2768,24,MECH,60,70.59
2769,Student_2769,23,MECH,79,73.48
2770,Student_2770,21,EEE,55,98.37
2771,Student_2771,20,CSE,49,67.59
2772,Student_2772,20,CIVIL,72,90.27
2773,Student_2773,22,ECE,85,84.74
2774,Student_2774,18,ECE,46,63.62
2775,Student_2775,22,IT,86,94.09
2776,Student_2776,19,IT,78,81.31
2777,Student_2777,21,ECE,84,64.15
2778,Student_2778,23,EEE,45,72.95
2779,Student_2779,19,MECH,40,69.84
2780,Student_2780,19,IT,70,61.05
2781,Student_2781,19,IT,63,69.81
2782,Student_2782,19,MECH,62,65.82
2783,Student_2783,20,ECE,37,94.3
2784,Student_2784,21,MECH,88,82.25
2785,Student_2785,22,ECE,87,67.44
2786,Student_2786,22,CIVIL,86,85.09
2787,Student_2787,21,IT,68,88.27
2788,Student_2788,20,EEE,90,74.81
2789,Student_2789,19,EEE,80,63.08
2790,Student_2790,23,ECE,76,94.4
2791,Student_2791,23,ECE,51,63.86
2792,Student_2792,24,CIVIL,95,81.41
2793,Student_2793,18,CIVIL,64,88.8
2794,Student_2794,23,IT,63,78.61
2795,Student_2795,22,CSE,93,84.75
2796,Student_2796,21,CIVIL,90,62.59
2797,Student_2797,19,CSE,92,82.36
2798,Student_2798,18,EEE,96,94.7
2799,Student_2799,19,CSE,80,62.62
2800,Student_2800,23,EEE,67,97.89
2801,Student_2801,23,CSE,97,77.23
2802,Student_2802,24,ECE,85,68.61
2803,Student_2803,21,EEE,73,73.22
2804,Student_2804,22,CIVIL,87,65.77
2805,Student_2805,22,IT,75,94.51
2806,Student_2806,22,CSE,80,83.5
2807,Student_2807,24,CSE,43,81.19
2808,Student_2808,23,ECE,59,69.95
2809,Student_2809,22,ECE,58,61.18
2810,Student_2810,21,IT,50,73.27
2811,Student_2811,18,MECH,84,92.2
2812,Student_2812,21,IT,95,65.54
2813,Student_2813,20,ECE,47,72.45
2814,Student_2814,19,IT,90,95.16
2815,Student_2815,21,CSE,58,70.42
2816,Student_2816,19,ECE,79,99.43
2817,Student_2817,23,CSE,78,78.07
2818,Student_2818,18,CIVIL,67,60.82
2819,Student_2819,22,CSE,42,87.31
2820,Student_2820,18,ECE,35,98.54
2821,Student_2821,22,CSE,35,73.07
2822,Student_2822,20,CSE,82,94.37
2823,Student_2823,19,ECE,98,67.27
2824,Student_2824,19,EEE,47,94.88
2825,Student_2825,19,CIVIL,82,82.96
2826,Student_2826,21,IT,57,80.29
2827,Student_2827,24,MECH,38,84.88
2828,Student_2828,22,CSE,74,97.4
2829,Student_2829,18,EEE,58,83.6
2830,Student_2830,19,CSE,98,67.73
2831,Student_2831,19,CIVIL,78,97.51
2832,Student_2832,23,CIVIL,84,91.36
2833,Student_2833,18,IT,43,73.53
2834,Student_2834,20,ECE,65,98.42
2835,Student_2835,21,ECE,86,61.66
2836,Student_2836,18,MECH,47,93.91
2837,Student_2837,18,IT,76,96.47
2838,Student_2838,22,CIVIL,85,90.28
2839,Student_2839,23,ECE,71,72.81
2840,Student_2840,21,ECE,72,97.77
2841,Student_2841,21,MECH,90,75.08
2842,Student_2842,21,CSE,97,64.17
2843,Student_2843,22,MECH,84,72.24
2844,Student_2844,24,EEE,42,81.1
2845,Student_2845,18,ECE,46,72.28
2846,Student_2846,22,IT,57,85.64
2847,Student_2847,23,CSE,38,61.89
2848,Student_2848,20,MECH,59,74.07
2849,Student_2849,22,CSE,90,89.54
2850,Student_2850,22,ECE,100,74.83
2851,Student_2851,23,CSE,62,63.95
2852,Student_2852,19,ECE,75,62.92
2853,Student_2853,19,MECH,61,82.85
2854,Student_2854,22,CSE,40,96.88
2855,Student_2855,19,IT,49,96.97
2856,Student_2856,18,ECE,77,99.38
2857,Student_2857,21,ECE,82,96.7
2858,Student_2858,21,CSE,54,65.67
2859,Student_2859,19,CIVIL,68,95.28
2860,Student_2860,21,IT,74,68.2
2861,Student_2861,23,IT,69,76.37
2862,Student_2862,18,MECH,87,75.09
2863,Student_2863,24,ECE,97,70.14
2864,Student_2864,18,IT,85,61.67
2865,Student_2865,24,MECH,51,86.52
2866,Student_2866,19,CSE,49,64.61
2867,Student_2867,24,MECH,43,67.33
2868,Student_2868,20,ECE,67,98.21
2869,Student_2869,23,IT,85,71.39
2870,Student_2870,20,EEE,68,64.34
2871,Student_2871,18,MECH,60,98.01
2872,Student_2872,22,MECH,60,65.08
2873,Student_2873,18,MECH,96,64.37
2874,Student_2874,19,CSE,84,67.38
2875,Student_2875,24,IT,43,69.67
2876,Student_2876,22,EEE,91,89.53
2877,Student_2877,21,CIVIL,40,86.52
2878,Student_2878,22,ECE,61,89.0
2879,Student_2879,18,CIVIL,36,97.94
2880,Student_2880,20,EEE,57,74.0
2881,Student_2881,19,IT,42,75.65
2882,Student_2882,19,EEE,99,62.55
2883,Student_2883,19,IT,59,73.44
2884,Student_2884,23,MECH,38,94.85
2885,Student_2885,18,ECE,71,82.27
2886,Student_2886,19,CIVIL,75,62.27
2887,Student_2887,23,CSE,87,80.72
2888,Student_2888,18,CIVIL,56,88.96
2889,Student_2889,20,EEE,39,65.74
2890,Student_2890,18,IT,64,60.24
2891,Student_2891,18,CIVIL,42,92.55
2892,Student_2892,24,CIVIL,50,94.28
2893,Student_2893,24,IT,39,82.55
2894,Student_2894,18,CSE,95,97.49
2895,Student_2895,23,MECH,71,87.42
2896,Student_2896,21,MECH,65,87.32
2897,Student_2897,22,EEE,79,99.21
2898,Student_2898,23,MECH,96,96.78
2899,Student_2899,19,MECH,81,68.95
2900,Student_2900,20,IT,57,98.52
2901,Student_2901,21,EEE,55,74.72
2902,Student_2902,18,MECH,73,65.76
2903,Student_2903,21,MECH,64,99.5
2904,Student_2904,19,IT,80,68.32
2905,Student_2905,21,MECH,88,78.42
2906,Student_2906,21,MECH,84,78.54
2907,Student_2907,20,EEE,86,65.32
2908,Student_2908,22,ECE,66,68.68
2909,Student_2909,19,CIVIL,59,97.92
2910,Student_2910,23,IT,81,96.01
2911,Student_2911,22,MECH,82,85.76
2912,Student_2912,19,MECH,53,78.81
2913,Student_2913,22,IT,92,72.01
2914,Student_2914,24,CIVIL,87,62.04
2915,Student_2915,19,EEE,55,86.39
2916,Student_2916,22,MECH,58,97.73
2917,Student_2917,18,IT,61,75.44
2918,Student_2918,23,ECE,69,99.35
2919,Student_2919,23,CIVIL,54,85.65
2920,Student_2920,22,ECE,54,76.45
2921,Student_2921,21,ECE,51,90.5
2922,Student_2922,21,EEE,39,87.05
2923,Student_2923,24,CSE,45,60.86
2924,Student_2924,24,CSE,77,94.1
2925,Student_2925,20,EEE,60,89.74
2926,Student_2926,19,EEE,43,74.52
2927,Student_2927,20,CIVIL,92,79.0
2928,Student_2928,23,ECE,72,72.13
2929,Student_2929,24,CIVIL,55,96.03
2930,Student_2930,19,ECE,88,64.74
2931,Student_2931,22,MECH,55,82.47
2932,Student_2932,23,MECH,70,87.6
2933,Student_2933,19,CSE,53,96.37
2934,Student_2934,18,CSE,52,95.21
2935,Student_2935,21,MECH,96,66.82
2936,Student_2936,18,CIVIL,81,97.24
2937,Student_2937,22,CIVIL,58,77.89
2938,Student_2938,18,MECH,79,95.42
2939,Student_2939,18,EEE,43,67.09
2940,Student_2940,22,EEE,85,96.67
2941,Student_2941,18,IT,60,98.46
2942,Student_2942,20,EEE,45,74.19
2943,Student_2943,24,MECH,37,84.87
2944,Student_2944,22,MECH,56,74.61
2945,Student_2945,20,ECE,100,71.21
2946,Student_2946,22,CSE,97,72.74
2947,Student_2947,19,CSE,65,88.02
2948,Student_2948,20,MECH,90,73.5
2949,Student_2949,20,IT,93,86.38
2950,Student_2950,20,CIVIL,39,65.23
2951,Student_2951,22,CSE,37,72.11
2952,Student_2952,19,MECH,83,75.54
2953,Student_2953,23,IT,69,87.87
2954,Student_2954,20,EEE,100,94.15
2955,Student_2955,24,MECH,87,88.29
2956,Student_2956,19,EEE,68,82.1
2957,Student_2957,21,EEE,69,63.33
2958,Student_2958,21,IT,45,92.22
2959,Student_2959,20,CIVIL,49,60.92
2960,Student_2960,19,CSE,66,62.98
2961,Student_2961,20,CSE,54,82.88
2962,Student_2962,19,CSE,44,60.39
2963,Student_2963,18,IT,78,94.81
2964,Student_2964,22,CSE,54,83.31
2965,Student_2965,24,MECH,77,91.45
2966,Student_2966,18,CIVIL,50,62.25
2967,Student_2967,19,ECE,45,67.42
2968,Student_2968,23,CSE,35,77.32
2969,Student_2969,23,ECE,61,62.0
2970,Student_2970,18,MECH,76,85.02
2971,Student_2971,19,MECH,60,88.33
2972,Student_2972,21,CIVIL,58,78.77
2973,Student_2973,23,IT,42,77.7
2974,Student_2974,22,CSE,45,67.03
2975,Student_2975,19,EEE,53,95.13
2976,Student_2976,22,ECE,50,88.11
2977,Student_2977,18,ECE,58,93.94
2978,Student_2978,24,ECE,55,75.79
2979,Student_2979,24,CIVIL,72,84.06
2980,Student_2980,22,IT,71,68.73
2981,Student_2981,20,EEE,65,81.22
2982,Student_2982,23,IT,67,71.26
2983,Student_2983,19,CSE,42,62.51
2984,Student_2984,20,IT,42,84.79
2985,Student_2985,24,MECH,45,86.96
2986,Student_2986,23,MECH,36,99.09
2987,Student_2987,23,CSE,75,83.53
2988,Student_2988,20,IT,43,82.77
2989,Student_2989,23,EEE,92,74.32
2990,Student_2990,24,MECH,82,79.99
2991,Student_2991,24,MECH,75,81.84
2992,Student_2992,23,ECE,64,83.49
2993,Student_2993,18,IT,80,76.39
2994,Student_2994,21,EEE,86,78.54
2995,Student_2995,21,MECH,54,65.68
2996,Student_2996,24,MECH,88,97.99
2997,Student_2997,24,ECE,75,75.26
2998,Student_2998,24,IT,54,75.98
2999,Student_2999,18,MECH,57,66.04
3000,Student_3000,19,ECE,47,60.66
3001,Student_3001,21,ECE,69,73.49
3002,Student_3002,18,MECH,85,66.33
3003,Student_3003,24,CIVIL,70,69.11
3004,Student_3004,21,CIVIL,98,77.31
3005,Student_3005,24,ECE,97,98.76
3006,Student_3006,18,EEE,48,62.68
3007,Student_3007,20,IT,96,84.31
3008,Student_3008,19,ECE,98,92.14
3009,Student_3009,21,MECH,36,98.27
3010,Student_3010,23,ECE,78,85.22
3011,Student_3011,23,CIVIL,89,84.47
3012,Student_3012,22,ECE,71,73.64
3013,Student_3013,20,IT,51,74.78
3014,Student_3014,21,CSE,37,77.88
3015,Student_3015,21,ECE,61,97.78
3016,Student_3016,23,ECE,75,85.35
3017,Student_3017,21,EEE,78,83.09
3018,Student_3018,20,IT,59,96.07
3019,Student_3019,20,IT,64,88.32
3020,Student_3020,22,ECE,66,79.54
3021,Student_3021,21,CSE,75,80.44
3022,Student_3022,18,MECH,53,84.94
3023,Student_3023,18,CIVIL,97,78.51
3024,Student_3024,23,EEE,43,77.98
3025,Student_3025,24,ECE,70,88.48
3026,Student_3026,20,CSE,95,69.86
3027,Student_3027,23,CSE,76,74.25
3028,Student_3028,22,MECH,53,91.35
3029,Student_3029,20,MECH,75,84.19
3030,Student_3030,22,ECE,59,98.31
3031,Student_3031,22,CIVIL,50,71.82
3032,Student_3032,18,IT,59,80.94
3033,Student_3033,22,EEE,66,91.63
3034,Student_3034,21,IT,36,71.93
3035,Student_3035,19,ECE,72,61.01
3036,Student_3036,23,IT,88,63.15
3037,Student_3037,21,ECE,92,85.04
3038,Student_3038,22,ECE,91,90.34
3039,Student_3039,18,EEE,93,71.04
3040,Student_3040,23,CIVIL,93,71.39
3041,Student_3041,22,ECE,76,98.24
3042,Student_3042,18,CSE,76,82.1
3043,Student_3043,20,ECE,75,93.27
3044,Student_3044,21,CIVIL,38,85.16
3045,Student_3045,23,EEE,85,67.12
3046,Student_3046,22,CSE,71,72.96
3047,Student_3047,24,CIVIL,40,95.33
3048,Student_3048,18,IT,51,79.87
3049,Student_3049,18,ECE,54,64.09
3050,Student_3050,19,IT,65,63.67
3051,Student_3051,20,EEE,78,63.25
3052,Student_3052,20,CSE,98,76.02
3053,Student_3053,18,CIVIL,88,85.67
3054,Student_3054,21,IT,54,81.92
3055,Student_3055,18,ECE,92,66.36
3056,Student_3056,24,EEE,64,69.57
3057,Student_3057,23,IT,38,62.1
3058,Student_3058,24,IT,63,79.15
3059,Student_3059,18,ECE,64,98.0
3060,Student_3060,24,ECE,99,72.78
3061,Student_3061,21,IT,85,60.77
3062,Student_3062,24,EEE,98,60.94
3063,Student_3063,23,IT,88,82.0
3064,Student_3064,18,ECE,39,68.35
3065,Student_3065,22,MECH,35,73.98
3066,Student_3066,18,CIVIL,82,80.37
3067,Student_3067,24,ECE,85,68.51
3068,Student_3068,22,CSE,71,70.63
3069,Student_3069,20,CIVIL,84,66.39
3070,Student_3070,19,CIVIL,67,73.38
3071,Student_3071,20,EEE,85,64.77
3072,Student_3072,20,MECH,38,77.82
3073,Student_3073,23,IT,100,90.8
3074,Student_3074,19,ECE,49,61.67
3075,Student_3075,24,CSE,61,68.01
3076,Student_3076,22,IT,73,93.32
3077,Student_3077,23,ECE,73,74.44
3078,Student_3078,18,IT,64,82.67
3079,Student_3079,24,EEE,62,80.44
3080,Student_3080,20,CSE,62,93.18
3081,Student_3081,24,EEE,61,79.98
3082,Student_3082,23,MECH,76,78.32
3083,Student_3083,21,CIVIL,56,96.83
3084,Student_3084,21,CIVIL,71,91.8
3085,Student_3085,23,ECE,44,84.65
3086,Student_3086,18,CSE,41,94.29
3087,Student_3087,20,CSE,73,77.8
3088,Student_3088,23,CIVIL,55,63.89
3089,Student_3089,20,ECE,59,98.84
3090,Student_3090,23,EEE,44,71.2
3091,Student_3091,23,CSE,73,90.82
3092,Student_3092,18,EEE,53,70.51
3093,Student_3093,24,ECE,50,96.78
3094,Student_3094,23,IT,38,95.21
3095,Student_3095,21,ECE,36,64.5
3096,Student_3096,23,ECE,93,94.79
3097,Student_3097,22,IT,69,70.8
3098,Student_3098,23,CIVIL,96,62.53
3099,Student_3099,23,ECE,62,62.61
3100,Student_3100,23,MECH,38,61.49
3101,Student_3101,21,MECH,87,67.0
3102,Student_3102,18,CIVIL,40,86.26
3103,Student_3103,24,EEE,71,88.75
3104,Student_3104,19,EEE,38,86.85
3105,Student_3105,24,ECE,65,87.59
3106,Student_3106,24,CSE,40,94.94
3107,Student_3107,24,MECH,97,91.68
3108,Student_3108,23,IT,41,71.46
3109,Student_3109,18,CIVIL,82,78.25
3110,Student_3110,21,CIVIL,55,74.93
3111,Student_3111,20,IT,53,72.83
3112,Student_3112,23,EEE,87,66.96
3113,Student_3113,21,EEE,94,99.34
3114,Student_3114,24,EEE,53,92.57
3115,Student_3115,24,MECH,87,74.41
3116,Student_3116,21,CSE,67,95.39
3117,Student_3117,20,EEE,94,78.03
3118,Student_3118,22,IT,56,95.59
3119,Student_3119,20,CIVIL,53,83.95
3120,Student_3120,22,IT,55,94.04
3121,Student_3121,22,ECE,61,92.99
3122,Student_3122,21,CSE,88,95.23
3123,Student_3123,22,CIVIL,40,80.78
3124,Student_3124,22,CSE,67,97.38
3125,Student_3125,23,ECE,64,87.36
3126,Student_3126,24,EEE,97,64.68
3127,Student_3127,23,EEE,85,80.92
3128,Student_3128,24,MECH,63,83.08
3129,Student_3129,23,MECH,48,69.03
3130,Student_3130,23,MECH,54,93.37
3131,Student_3131,24,ECE,35,95.73
3132,Student_3132,22,CSE,98,65.77
3133,Student_3133,18,IT,74,69.67
3134,Student_3134,21,EEE,61,81.68
3135,Student_3135,18,ECE,38,60.65
3136,Student_3136,20,CSE,61,67.43
3137,Student_3137,24,IT,44,62.68
3138,Student_3138,21,CSE,89,97.79
3139,Student_3139,23,MECH,36,87.91
3140,Student_3140,20,EEE,84,75.0
3141,Student_3141,20,MECH,96,85.41
3142,Student_3142,22,CSE,97,99.08
3143,Student_3143,21,EEE,79,61.24
3144,Student_3144,23,MECH,84,90.12
3145,Student_3145,24,CSE,89,87.54
3146,Student_3146,22,EEE,97,99.79
3147,Student_3147,21,CSE,97,90.36
3148,Student_3148,18,MECH,67,81.75
3149,Student_3149,18,ECE,47,78.19
3150,Student_3150,23,EEE,65,84.14
3151,Student_3151,21,CSE,76,72.39
3152,Student_3152,24,IT,92,68.66
3153,Student_3153,21,CSE,36,87.35
3154,Student_3154,22,IT,38,97.42
3155,Student_3155,21,CSE,99,67.25
3156,Student_3156,20,IT,84,92.05
3157,Student_3157,22,IT,41,70.13
3158,Student_3158,18,IT,97,66.96
3159,Student_3159,21,EEE,55,61.59
3160,Student_3160,22,EEE,89,64.39
3161,Student_3161,19,CSE,60,79.29
3162,Student_3162,19,CSE,84,91.03
3163,Student_3163,24,IT,57,90.9
3164,Student_3164,18,EEE,58,68.94
3165,Student_3165,24,IT,98,69.15
3166,Student_3166,21,IT,49,64.06
3167,Student_3167,19,ECE,38,77.52
3168,Student_3168,20,IT,90,60.82
3169,Student_3169,22,IT,82,85.39
3170,Student_3170,18,MECH,95,61.34
3171,Student_3171,21,CIVIL,89,62.68
3172,Student_3172,18,EEE,80,78.99
3173,Student_3173,22,ECE,52,64.84
3174,Student_3174,19,CSE,58,86.59
3175,Student_3175,21,IT,82,82.29
3176,Student_3176,21,CSE,58,83.28
3177,Student_3177,18,CIVIL,40,69.29
3178,Student_3178,19,EEE,52,89.87
3179,Student_3179,21,CSE,82,62.4
3180,Student_3180,24,CSE,49,80.98
3181,Student_3181,20,CIVIL,36,72.13
3182,Student_3182,24,ECE,75,96.83
3183,Student_3183,24,MECH,62,67.55
3184,Student_3184,21,MECH,96,68.56
3185,Student_3185,19,MECH,44,65.84
3186,Student_3186,19,CIVIL,53,94.45
3187,Student_3187,18,MECH,100,99.59
3188,Student_3188,18,CIVIL,56,69.88
3189,Student_3189,24,MECH,81,97.5
3190,Student_3190,24,EEE,87,62.39
3191,Student_3191,21,CSE,76,91.23
3192,Student_3192,18,ECE,82,75.63
3193,Student_3193,22,ECE,51,79.17
3194,Student_3194,24,CIVIL,87,85.84
3195,Student_3195,24,IT,55,69.65
3196,Student_3196,22,EEE,98,90.92
3197,Student_3197,21,CIVIL,38,76.69
3198,Student_3198,22,CSE,53,90.92
3199,Student_3199,18,EEE,70,75.73
3200,Student_3200,21,IT,78,72.14
3201,Student_3201,22,CIVIL,76,96.77
3202,Student_3202,24,MECH,100,79.51
3203,Student_3203,24,IT,52,78.77
3204,Student_3204,18,IT,97,99.01
3205,Student_3205,22,CIVIL,43,70.06
3206,Student_3206,20,EEE,71,83.78
3207,Student_3207,19,EEE,76,96.29
3208,Student_3208,22,ECE,79,98.89
3209,Student_3209,19,EEE,87,71.14
3210,Student_3210,22,MECH,59,90.73
3211,Student_3211,24,ECE,72,67.6
3212,Student_3212,23,EEE,76,68.18
3213,Student_3213,21,CIVIL,57,64.69
3214,Student_3214,23,EEE,66,68.23
3215,Student_3215,24,IT,78,67.32
3216,Student_3216,23,MECH,82,69.83
3217,Student_3217,21,IT,69,97.3
3218,Student_3218,21,CIVIL,78,65.85
3219,Student_3219,22,CSE,67,64.98
3220,Student_3220,21,CIVIL,85,60.13
3221,Student_3221,19,EEE,98,78.19
3222,Student_3222,22,CIVIL,70,80.44
3223,Student_3223,21,ECE,69,62.04
3224,Student_3224,21,IT,97,83.81
3225,Student_3225,21,MECH,84,72.53
3226,Student_3226,19,ECE,50,74.45
3227,Student_3227,24,CSE,40,93.89
3228,Student_3228,20,CSE,69,65.1
3229,Student_3229,18,IT,89,68.2
3230,Student_3230,23,CIVIL,42,60.39
3231,Student_3231,20,CIVIL,70,71.37
3232,Student_3232,19,ECE,63,84.73
3233,Student_3233,22,EEE,80,93.63
3234,Student_3234,19,CSE,75,90.49
3235,Student_3235,19,MECH,61,81.67
3236,Student_3236,18,ECE,46,82.85
3237,Student_3237,22,EEE,97,64.98
3238,Student_3238,19,MECH,63,69.68
3239,Student_3239,22,ECE,57,96.71
3240,Student_3240,20,CSE,35,69.55
3241,Student_3241,20,MECH,84,77.85
3242,Student_3242,19,CSE,45,76.34
3243,Student_3243,21,MECH,54,89.57
3244,Student_3244,21,CIVIL,83,60.92
3245,Student_3245,24,EEE,61,95.27
3246,Student_3246,21,MECH,78,72.88
3247,Student_3247,21,CIVIL,84,93.53
3248,Student_3248,22,ECE,82,65.78
3249,Student_3249,18,CIVIL,83,66.74
3250,Student_3250,21,ECE,62,72.57
3251,Student_3251,21,EEE,66,88.6
3252,Student_3252,19,MECH,95,98.43
3253,Student_3253,23,CIVIL,66,85.82
3254,Student_3254,18,MECH,37,75.55
3255,Student_3255,20,EEE,83,60.82
3256,Student_3256,21,IT,92,96.37
3257,Student_3257,18,MECH,67,73.93
3258,Student_3258,20,EEE,68,79.14
3259,Student_3259,19,ECE,60,93.84
3260,Student_3260,21,EEE,41,90.43
3261,Student_3261,18,IT,55,63.7
3262,Student_3262,23,CIVIL,41,70.02
3263,Student_3263,22,EEE,92,65.96
3264,Student_3264,19,MECH,70,94.84
3265,Student_3265,19,ECE,87,72.46
3266,Student_3266,22,CSE,64,94.87
3267,Student_3267,22,CSE,57,71.53
3268,Student_3268,21,MECH,56,69.45
3269,Student_3269,24,ECE,44,62.7
3270,Student_3270,18,EEE,57,81.36
3271,Student_3271,24,MECH,82,88.93
3272,Student_3272,19,CIVIL,58,69.83
3273,Student_3273,18,EEE,56,90.65
3274,Student_3274,22,CSE,99,80.18
3275,Student_3275,18,MECH,52,66.68
3276,Student_3276,21,ECE,51,69.68
3277,Student_3277,22,EEE,70,78.5
3278,Student_3278,21,ECE,49,88.54
3279,Student_3279,19,IT,40,62.68
3280,Student_3280,21,ECE,35,71.49
3281,Student_3281,22,MECH,85,82.01
3282,Student_3282,23,MECH,94,98.48
3283,Student_3283,22,EEE,86,90.07
3284,Student_3284,22,MECH,56,80.13
3285,Student_3285,21,ECE,39,68.28
3286,Student_3286,22,EEE,73,64.62
3287,Student_3287,21,MECH,83,71.98
3288,Student_3288,18,EEE,97,67.95
3289,Student_3289,18,ECE,90,91.0
3290,Student_3290,24,ECE,92,94.61
3291,Student_3291,24,IT,52,85.96
3292,Student_3292,20,MECH,66,65.69
3293,Student_3293,19,MECH,67,79.47
3294,Student_3294,21,IT,94,74.86
3295,Student_3295,19,MECH,51,76.63
3296,Student_3296,18,ECE,53,95.88
3297,Student_3297,18,EEE,82,62.12
3298,Student_3298,21,MECH,90,63.12
3299,Student_3299,20,EEE,100,82.06
3300,Student_3300,18,MECH,43,74.1
3301,Student_3301,19,EEE,99,66.64
3302,Student_3302,18,ECE,69,62.4
3303,Student_3303,22,ECE,82,60.97
3304,Student_3304,21,EEE,93,73.88
3305,Student_3305,20,EEE,82,62.04
3306,Student_3306,22,CIVIL,50,95.34
3307,Student_3307,24,MECH,90,90.55
3308,Student_3308,18,IT,99,62.69
3309,Student_3309,19,MECH,77,86.42
3310,Student_3310,21,IT,69,65.76
3311,Student_3311,24,ECE,46,84.67
3312,Student_3312,20,MECH,63,61.68
3313,Student_3313,20,CSE,52,67.78
3314,Student_3314,22,ECE,88,91.98
3315,Student_3315,19,MECH,67,99.62
3316,Student_3316,19,CSE,43,66.54
3317,Student_3317,18,EEE,96,91.48
3318,Student_3318,19,MECH,56,96.99
3319,Student_3319,21,CSE,45,86.78
3320,Student_3320,24,EEE,82,94.02
3321,Student_3321,20,CIVIL,77,85.26
3322,Student_3322,20,CIVIL,54,86.71
3323,Student_3323,24,IT,70,92.25
3324,Student_3324,24,ECE,63,92.6
3325,Student_3325,21,MECH,69,73.13
3326,Student_3326,22,EEE,98,98.91
3327,Student_3327,21,CSE,73,92.07
3328,Student_3328,20,CSE,53,82.2
3329,Student_3329,24,ECE,66,78.57
3330,Student_3330,19,CSE,99,74.52
3331,Student_3331,23,MECH,88,82.66
3332,Student_3332,20,CSE,66,66.5
3333,Student_3333,21,IT,43,91.0
3334,Student_3334,18,MECH,86,92.6
3335,Student_3335,19,MECH,95,99.13
3336,Student_3336,20,EEE,50,72.32
3337,Student_3337,21,MECH,85,83.54
3338,Student_3338,21,MECH,65,71.46
3339,Student_3339,22,ECE,78,66.37
3340,Student_3340,20,CIVIL,83,94.13
3341,Student_3341,18,CSE,45,91.85
3342,Student_3342,18,ECE,89,79.71
3343,Student_3343,18,IT,54,99.67
3344,Student_3344,18,MECH,57,61.31
3345,Student_3345,20,EEE,80,86.64
3346,Student_3346,18,CSE,56,95.72
3347,Student_3347,20,CSE,39,99.85
3348,Student_3348,18,CSE,35,92.86
3349,Student_3349,19,ECE,85,92.97
3350,Student_3350,21,CSE,69,83.73
3351,Student_3351,22,CIVIL,44,93.27
3352,Student_3352,20,ECE,43,78.49
3353,Student_3353,24,EEE,55,85.74
3354,Student_3354,23,CIVIL,47,79.86
3355,Student_3355,19,IT,71,61.28
3356,Student_3356,24,EEE,55,87.8
3357,Student_3357,24,MECH,80,98.07
3358,Student_3358,20,EEE,86,76.72
3359,Student_3359,19,EEE,76,68.42
3360,Student_3360,21,ECE,54,61.47
3361,Student_3361,18,CIVIL,50,65.91
3362,Student_3362,21,ECE,54,88.91
3363,Student_3363,20,EEE,75,83.17
3364,Student_3364,23,MECH,90,76.4
3365,Student_3365,23,IT,73,97.5
3366,Student_3366,19,MECH,39,74.57
3367,Student_3367,21,ECE,79,62.64
3368,Student_3368,18,EEE,84,67.46
3369,Student_3369,21,MECH,85,91.35
3370,Student_3370,24,EEE,92,65.32
3371,Student_3371,20,IT,89,86.34
3372,Student_3372,24,CIVIL,58,60.3
3373,Student_3373,24,ECE,67,76.63
3374,Student_3374,21,EEE,53,61.68
3375,Student_3375,19,ECE,100,84.16
3376,Student_3376,20,ECE,58,76.71
3377,Student_3377,24,CSE,81,88.45
3378,Student_3378,24,CIVIL,82,73.49
3379,Student_3379,18,MECH,99,68.07
3380,Student_3380,19,EEE,99,70.94
3381,Student_3381,21,CIVIL,60,77.4
3382,Student_3382,23,CSE,93,98.57
3383,Student_3383,22,CIVIL,72,81.55
3384,Student_3384,24,MECH,40,71.38
3385,Student_3385,18,MECH,43,78.98
3386,Student_3386,21,MECH,64,96.92
3387,Student_3387,24,CIVIL,63,77.97
3388,Student_3388,20,IT,39,92.67
3389,Student_3389,23,CIVIL,67,75.79
3390,Student_3390,18,CIVIL,64,61.62
3391,Student_3391,24,MECH,65,75.88
3392,Student_3392,21,CSE,44,92.1
3393,Student_3393,20,CIVIL,88,60.65
3394,Student_3394,24,IT,74,90.76
3395,Student_3395,23,CSE,98,99.55
3396,Student_3396,19,CIVIL,71,91.19
3397,Student_3397,24,ECE,84,82.43
3398,Student_3398,20,ECE,60,60.57
3399,Student_3399,21,CSE,77,85.87
3400,Student_3400,21,CSE,47,65.2
3401,Student_3401,23,IT,68,66.76
3402,Student_3402,20,IT,67,76.62
3403,Student_3403,21,ECE,55,74.46
3404,Student_3404,24,EEE,74,99.92
3405,Student_3405,23,CIVIL,43,63.05
3406,Student_3406,19,CSE,35,98.14
3407,Student_3407,18,EEE,57,64.53
3408,Student_3408,21,EEE,50,80.02
3409,Student_3409,24,CIVIL,94,80.43
3410,Student_3410,21,IT,70,91.42
3411,Student_3411,20,CSE,80,67.06
3412,Student_3412,24,ECE,67,89.01
3413,Student_3413,22,CSE,43,66.49
3414,Student_3414,20,ECE,59,79.15
3415,Student_3415,24,IT,79,61.19
3416,Student_3416,24,MECH,90,64.14
3417,Student_3417,22,MECH,62,66.7
3418,Student_3418,22,IT,96,90.94
3419,Student_3419,23,IT,43,99.05
3420,Student_3420,23,ECE,98,82.3
3421,Student_3421,21,MECH,76,85.7
3422,Student_3422,19,CSE,39,78.12
3423,Student_3423,18,CIVIL,80,60.68
3424,Student_3424,23,EEE,78,76.62
3425,Student_3425,24,CSE,75,94.48
3426,Student_3426,18,ECE,47,83.79
3427,Student_3427,22,CSE,52,78.94
3428,Student_3428,22,CIVIL,78,64.79
3429,Student_3429,24,CSE,75,69.84
3430,Student_3430,22,MECH,72,61.56
3431,Student_3431,18,CSE,73,86.59
3432,Student_3432,19,IT,68,92.63
3433,Student_3433,19,EEE,78,93.99
3434,Student_3434,18,CIVIL,81,63.0
3435,Student_3435,20,IT,73,76.27
3436,Student_3436,18,EEE,76,67.39
3437,Student_3437,18,ECE,47,74.5
3438,Student_3438,18,EEE,77,72.73
3439,Student_3439,18,ECE,62,83.29
3440,Student_3440,18,ECE,41,71.06
3441,Student_3441,24,CIVIL,45,92.46
3442,Student_3442,22,CIVIL,73,96.25
3443,Student_3443,23,EEE,47,95.81
3444,Student_3444,24,CSE,74,96.75
3445,Student_3445,21,CSE,77,70.76
3446,Student_3446,18,ECE,43,63.77
3447,Student_3447,22,CSE,48,95.66
3448,Student_3448,18,MECH,81,76.24
3449,Student_3449,18,EEE,55,83.63
3450,Student_3450,22,ECE,45,73.36
3451,Student_3451,19,IT,48,85.23
3452,Student_3452,18,MECH,62,89.15
3453,Student_3453,19,ECE,100,69.54
3454,Student_3454,21,CSE,69,83.07
3455,Student_3455,23,ECE,98,81.9
3456,Student_3456,18,MECH,62,84.53
3457,Student_3457,21,ECE,72,73.77
3458,Student_3458,21,CIVIL,87,96.43
3459,Student_3459,20,EEE,66,84.66
3460,Student_3460,18,IT,88,70.2
3461,Student_3461,22,MECH,35,99.11
3462,Student_3462,21,CIVIL,59,89.87
3463,Student_3463,23,ECE,58,92.58
3464,Student_3464,22,CSE,66,65.3
3465,Student_3465,18,ECE,66,89.8
3466,Student_3466,23,CSE,85,65.32
3467,Student_3467,19,EEE,49,82.98
3468,Student_3468,23,ECE,49,93.2
3469,Student_3469,18,MECH,48,73.65
3470,Student_3470,21,ECE,53,88.97
3471,Student_3471,24,CSE,82,73.0
3472,Student_3472,21,MECH,70,77.74
3473,Student_3473,19,IT,53,68.27
3474,Student_3474,20,ECE,66,79.6
3475,Student_3475,20,MECH,41,70.08
3476,Student_3476,21,MECH,55,62.46
3477,Student_3477,24,CSE,93,80.97
3478,Student_3478,19,MECH,49,95.25
3479,Student_3479,19,EEE,70,67.08
3480,Student_3480,24,CSE,95,91.43
3481,Student_3481,22,CSE,93,73.91
3482,Student_3482,23,ECE,92,68.04
3483,Student_3483,24,EEE,96,98.54
3484,Student_3484,20,ECE,96,68.82
3485,Student_3485,19,CSE,65,85.81
3486,Student_3486,21,ECE,100,85.68
3487,Student_3487,19,CSE,69,88.85
3488,Student_3488,22,EEE,47,70.87
3489,Student_3489,23,CIVIL,74,89.86
3490,Student_3490,18,CSE,48,69.65
3491,Student_3491,20,EEE,66,90.31
3492,Student_3492,23,CIVIL,58,85.1
3493,Student_3493,22,CSE,54,98.34
3494,Student_3494,20,IT,88,82.72
3495,Student_3495,18,MECH,59,67.49
3496,Student_3496,23,EEE,89,70.05
3497,Student_3497,24,EEE,60,85.15
3498,Student_3498,23,CIVIL,80,63.84
3499,Student_3499,21,CIVIL,60,95.61
3500,Student_3500,20,CSE,78,74.28
3501,Student_3501,24,ECE,77,79.73
3502,Student_3502,21,CIVIL,37,87.59
3503,Student_3503,18,CIVIL,52,69.25
3504,Student_3504,24,CSE,61,78.68
3505,Student_3505,22,IT,44,64.1
3506,Student_3506,22,MECH,52,68.83
3507,Student_3507,19,ECE,82,63.87
3508,Student_3508,20,CSE,87,64.81
3509,Student_3509,20,IT,92,95.72
3510,Student_3510,18,EEE,65,84.47
3511,Student_3511,18,EEE,65,61.77
3512,Student_3512,23,EEE,56,86.29
3513,Student_3513,23,IT,35,97.05
3514,Student_3514,21,ECE,87,95.5
3515,Student_3515,18,CSE,99,83.32
3516,Student_3516,22,EEE,35,77.08
3517,Student_3517,20,EEE,92,82.25
3518,Student_3518,19,CSE,47,99.23
3519,Student_3519,22,CSE,70,67.7
3520,Student_3520,24,ECE,64,89.5
3521,Student_3521,23,ECE,60,93.09
3522,Student_3522,19,ECE,72,78.43
3523,Student_3523,23,MECH,63,84.75
3524,Student_3524,18,CSE,61,74.67
3525,Student_3525,24,EEE,90,66.16
3526,Student_3526,18,ECE,95,75.12
3527,Student_3527,19,EEE,39,81.32
3528,Student_3528,23,MECH,48,63.39
3529,Student_3529,19,ECE,44,66.15
3530,Student_3530,18,MECH,64,87.99
3531,Student_3531,19,EEE,77,95.46
3532,Student_3532,19,CIVIL,62,98.14
3533,Student_3533,21,ECE,91,71.17
3534,Student_3534,20,CIVIL,62,97.05
3535,Student_3535,24,CSE,60,76.23
3536,Student_3536,21,CIVIL,94,97.09
3537,Student_3537,24,CIVIL,49,91.86
3538,Student_3538,19,CSE,64,89.48
3539,Student_3539,22,CSE,96,75.78
3540,Student_3540,23,CIVIL,52,62.11
3541,Student_3541,19,CIVIL,64,91.96
3542,Student_3542,19,CSE,100,94.33
3543,Student_3543,22,CSE,65,81.56
3544,Student_3544,18,EEE,46,70.39
3545,Student_3545,20,CIVIL,52,93.12
3546,Student_3546,18,MECH,97,94.01
3547,Student_3547,19,ECE,63,87.95
3548,Student_3548,18,CIVIL,53,84.99
3549,Student_3549,18,MECH,45,89.51
3550,Student_3550,20,MECH,56,87.25
3551,Student_3551,24,EEE,38,61.32
3552,Student_3552,18,CSE,38,94.52
3553,Student_3553,23,CSE,45,72.9
3554,Student_3554,24,IT,45,63.31
3555,Student_3555,19,MECH,47,77.56
3556,Student_3556,22,IT,82,62.29
3557,Student_3557,23,IT,38,88.77
3558,Student_3558,20,EEE,83,86.89
3559,Student_3559,24,CIVIL,72,90.1
3560,Student_3560,20,ECE,45,81.83
3561,Student_3561,19,CIVIL,96,71.49
3562,Student_3562,22,CSE,54,67.03
3563,Student_3563,24,EEE,99,84.87
3564,Student_3564,18,EEE,83,78.75
3565,Student_3565,22,MECH,94,61.05
3566,Student_3566,22,CSE,35,86.48
3567,Student_3567,19,MECH,79,85.47
3568,Student_3568,18,EEE,70,81.2
3569,Student_3569,21,MECH,50,69.43
3570,Student_3570,19,EEE,100,69.11
3571,Student_3571,20,EEE,41,74.65
3572,Student_3572,24,ECE,83,89.18
3573,Student_3573,22,IT,40,85.0
3574,Student_3574,18,MECH,61,69.62
3575,Student_3575,22,CIVIL,93,84.72
3576,Student_3576,24,CSE,58,65.03
3577,Student_3577,18,EEE,41,97.13
3578,Student_3578,24,MECH,67,93.4
3579,Student_3579,18,CIVIL,35,70.46
3580,Student_3580,23,EEE,57,81.9
3581,Student_3581,21,MECH,66,80.63
3582,Student_3582,21,IT,59,81.13
3583,Student_3583,18,MECH,69,69.69
3584,Student_3584,23,CSE,53,87.87
3585,Student_3585,22,IT,72,89.04
3586,Student_3586,22,CIVIL,74,76.31
3587,Student_3587,19,CSE,66,95.18
3588,Student_3588,24,IT,51,74.73
3589,Student_3589,23,CIVIL,90,68.55
3590,Student_3590,20,EEE,45,78.48
3591,Student_3591,18,MECH,72,97.82
3592,Student_3592,23,MECH,55,74.19
3593,Student_3593,24,EEE,72,94.65
3594,Student_3594,18,ECE,86,91.55
3595,Student_3595,23,IT,82,73.6
3596,Student_3596,23,ECE,72,67.67
3597,Student_3597,24,IT,37,86.75
3598,Student_3598,21,MECH,74,76.45
3599,Student_3599,20,EEE,100,83.03
3600,Student_3600,24,CIVIL,99,96.65
3601,Student_3601,18,ECE,48,74.73
3602,Student_3602,22,IT,99,80.75
3603,Student_3603,24,EEE,77,89.02
3604,Student_3604,19,MECH,42,86.95
3605,Student_3605,20,CSE,72,87.47
3606,Student_3606,18,EEE,65,68.19
3607,Student_3607,19,ECE,80,67.77
3608,Student_3608,22,EEE,75,95.34
3609,Student_3609,18,MECH,63,92.27
3610,Student_3610,24,CSE,46,63.78
3611,Student_3611,22,MECH,94,88.85
3612,Student_3612,24,CSE,41,84.26
3613,Student_3613,19,ECE,46,85.23
3614,Student_3614,19,MECH,62,65.39
3615,Student_3615,23,EEE,63,61.57
3616,Student_3616,21,CSE,44,98.25
3617,Student_3617,24,CIVIL,99,79.87
3618,Student_3618,20,MECH,47,78.47
3619,Student_3619,22,MECH,36,60.43
3620,Student_3620,19,ECE,38,99.89
3621,Student_3621,18,CIVIL,48,73.38
3622,Student_3622,21,CSE,51,93.5
3623,Student_3623,22,CSE,66,87.54
3624,Student_3624,20,MECH,98,70.56
3625,Student_3625,20,CIVIL,50,98.41
3626,Student_3626,21,CSE,62,75.67
3627,Student_3627,22,EEE,52,95.44
3628,Student_3628,18,EEE,44,92.34
3629,Student_3629,24,CIVIL,71,64.35
3630,Student_3630,20,ECE,64,75.88
3631,Student_3631,21,EEE,38,83.46
3632,Student_3632,24,MECH,59,66.82
3633,Student_3633,23,ECE,62,84.26
3634,Student_3634,22,ECE,44,69.61
3635,Student_3635,20,EEE,78,76.73
3636,Student_3636,18,EEE,39,87.82
3637,Student_3637,24,IT,72,65.2
3638,Student_3638,22,MECH,40,93.18
3639,Student_3639,23,CSE,78,69.51
3640,Student_3640,21,MECH,90,98.65
3641,Student_3641,23,CSE,47,64.66
3642,Student_3642,19,MECH,37,97.55
3643,Student_3643,19,CSE,61,74.45
3644,Student_3644,21,CIVIL,46,92.73
3645,Student_3645,24,CSE,84,66.16
3646,Student_3646,21,CSE,76,97.61
3647,Student_3647,19,CSE,57,90.7
3648,Student_3648,20,EEE,80,62.08
3649,Student_3649,21,CIVIL,58,77.45
3650,Student_3650,18,MECH,97,76.98
3651,Student_3651,22,IT,53,84.85
3652,Student_3652,22,EEE,72,89.99
3653,Student_3653,18,CSE,65,72.16
3654,Student_3654,22,CSE,92,91.21
3655,Student_3655,20,EEE,65,79.08
3656,Student_3656,23,CIVIL,52,76.3
3657,Student_3657,19,ECE,82,84.58
3658,Student_3658,18,CSE,48,86.68
3659,Student_3659,21,IT,37,84.23
3660,Student_3660,18,CIVIL,82,99.73
3661,Student_3661,22,IT,43,92.13
3662,Student_3662,20,CIVIL,58,97.4
3663,Student_3663,23,MECH,67,83.32
3664,Student_3664,19,MECH,88,90.67
3665,Student_3665,22,MECH,72,93.21
3666,Student_3666,23,CIVIL,93,63.59
3667,Student_3667,22,EEE,53,81.41
3668,Student_3668,20,CIVIL,84,85.47
3669,Student_3669,22,ECE,53,73.21
3670,Student_3670,18,EEE,37,90.89
3671,Student_3671,20,CIVIL,59,98.13
3672,Student_3672,19,CSE,58,93.57
3673,Student_3673,24,ECE,72,91.22
3674,Student_3674,24,MECH,86,82.56
3675,Student_3675,18,MECH,37,99.6
3676,Student_3676,21,ECE,85,85.61
3677,Student_3677,21,MECH,38,85.68
3678,Student_3678,19,IT,62,72.38
3679,Student_3679,23,ECE,63,73.03
3680,Student_3680,23,CIVIL,81,86.01
3681,Student_3681,22,ECE,37,93.44
3682,Student_3682,20,CSE,79,98.4
3683,Student_3683,23,CSE,53,96.09
3684,Student_3684,22,CIVIL,90,73.65
3685,Student_3685,22,ECE,86,83.62
3686,Student_3686,20,CIVIL,53,77.37
3687,Student_3687,20,CSE,83,82.92
3688,Student_3688,20,MECH,44,96.94
3689,Student_3689,19,CSE,96,92.35
3690,Student_3690,18,IT,53,90.66
3691,Student_3691,24,CIVIL,75,82.86
3692,Student_3692,24,CSE,67,93.73
3693,Student_3693,24,EEE,86,81.66
3694,Student_3694,19,CIVIL,74,93.99
3695,Student_3695,20,IT,40,94.19
3696,Student_3696,24,ECE,96,90.09
3697,Student_3697,18,CSE,100,77.37
3698,Student_3698,21,MECH,43,99.94
3699,Student_3699,18,MECH,99,68.08
3700,Student_3700,18,IT,59,92.57
3701,Student_3701,20,CSE,41,97.81
3702,Student_3702,21,CIVIL,42,84.48
3703,Student_3703,20,CSE,72,85.19
3704,Student_3704,18,IT,76,62.17
3705,Student_3705,21,ECE,60,94.87
3706,Student_3706,21,IT,87,85.08
3707,Student_3707,18,IT,82,68.82
3708,Student_3708,20,EEE,37,95.83
3709,Student_3709,21,MECH,71,75.63
3710,Student_3710,18,IT,92,95.42
3711,Student_3711,23,MECH,87,86.86
3712,Student_3712,22,ECE,79,60.78
3713,Student_3713,24,CSE,97,89.0
3714,Student_3714,24,MECH,84,96.92
3715,Student_3715,19,CIVIL,43,90.76
3716,Student_3716,20,CSE,85,97.46
3717,Student_3717,23,CIVIL,68,62.69
3718,Student_3718,19,ECE,60,78.15
3719,Student_3719,18,ECE,75,74.32
3720,Student_3720,19,ECE,79,96.63
3721,Student_3721,21,CSE,94,81.79
3722,Student_3722,18,MECH,36,68.2
3723,Student_3723,19,IT,48,63.14
3724,Student_3724,19,CSE,83,64.5
3725,Student_3725,24,MECH,65,93.01
3726,Student_3726,23,EEE,51,78.71
3727,Student_3727,22,CIVIL,79,75.04
3728,Student_3728,19,ECE,92,62.97
3729,Student_3729,23,CIVIL,72,72.28
3730,Student_3730,22,CSE,56,94.58
3731,Student_3731,20,CSE,53,94.56
3732,Student_3732,20,CIVIL,40,98.92
3733,Student_3733,18,MECH,70,71.39
3734,Student_3734,18,ECE,92,68.2
3735,Student_3735,20,CSE,85,78.82
3736,Student_3736,18,ECE,94,89.64
3737,Student_3737,21,IT,100,66.81
3738,Student_3738,19,CSE,36,93.36
3739,Student_3739,23,CSE,97,95.77
3740,Student_3740,22,CIVIL,58,64.09
3741,Student_3741,19,EEE,88,66.86
3742,Student_3742,22,EEE,97,91.38
3743,Student_3743,23,CIVIL,91,69.35
3744,Student_3744,21,ECE,66,95.07
3745,Student_3745,24,CIVIL,57,81.74
3746,Student_3746,20,MECH,38,73.54
3747,Student_3747,22,MECH,37,79.71
3748,Student_3748,23,CIVIL,89,76.11
3749,Student_3749,18,MECH,96,88.0
3750,Student_3750,21,MECH,65,96.01
3751,Student_3751,22,ECE,36,74.6
3752,Student_3752,18,MECH,53,63.37
3753,Student_3753,24,ECE,58,68.96
3754,Student_3754,20,EEE,55,63.45
3755,Student_3755,21,IT,81,60.59
3756,Student_3756,20,CIVIL,92,97.48
3757,Student_3757,23,EEE,86,82.78
3758,Student_3758,23,CSE,57,62.91
3759,Student_3759,22,ECE,76,82.71
3760,Student_3760,21,CIVIL,40,82.3
3761,Student_3761,22,IT,69,69.41
3762,Student_3762,22,CIVIL,71,91.33
3763,Student_3763,24,CSE,55,65.07
3764,Student_3764,18,EEE,39,98.06
3765,Student_3765,23,IT,64,86.49
3766,Student_3766,22,MECH,67,80.29
3767,Student_3767,20,IT,51,71.93
3768,Student_3768,22,EEE,100,82.14
3769,Student_3769,18,IT,45,71.34
3770,Student_3770,21,IT,99,78.32
3771,Student_3771,24,CSE,91,63.67
3772,Student_3772,19,ECE,86,77.9
3773,Student_3773,21,ECE,58,61.05
3774,Student_3774,22,MECH,70,75.22
3775,Student_3775,18,CIVIL,43,88.78
3776,Student_3776,23,MECH,98,84.42
3777,Student_3777,21,MECH,54,94.28
3778,Student_3778,22,MECH,99,79.89
3779,Student_3779,24,ECE,51,72.8
3780,Student_3780,22,ECE,98,99.77
3781,Student_3781,18,IT,75,87.26
3782,Student_3782,18,MECH,58,87.29
3783,Student_3783,24,ECE,82,62.07
3784,Student_3784,20,CSE,81,90.22
3785,Student_3785,21,MECH,77,87.42
3786,Student_3786,22,CSE,38,86.92
3787,Student_3787,19,EEE,57,91.14
3788,Student_3788,20,EEE,69,70.05
3789,Student_3789,22,MECH,93,83.74
3790,Student_3790,19,ECE,80,93.06
3791,Student_3791,22,EEE,58,85.53
3792,Student_3792,23,ECE,69,91.58
3793,Student_3793,24,ECE,59,81.85
3794,Student_3794,22,CSE,78,76.2
3795,Student_3795,20,CSE,76,67.46
3796,Student_3796,24,EEE,96,67.12
3797,Student_3797,20,MECH,56,98.75
3798,Student_3798,19,MECH,63,94.73
3799,Student_3799,19,EEE,82,64.09
3800,Student_3800,24,CIVIL,48,82.4
3801,Student_3801,21,EEE,81,61.03
3802,Student_3802,23,MECH,68,98.25
3803,Student_3803,24,CIVIL,76,60.63
3804,Student_3804,20,MECH,71,92.99
3805,Student_3805,19,CSE,59,72.26
3806,Student_3806,22,CSE,100,92.97
3807,Student_3807,18,CSE,96,83.96
3808,Student_3808,19,CSE,60,80.86
3809,Student_3809,23,EEE,65,70.77
3810,Student_3810,18,CSE,81,68.41
3811,Student_3811,20,CSE,76,71.75
3812,Student_3812,18,EEE,76,68.09
3813,Student_3813,19,IT,57,74.64
3814,Student_3814,19,MECH,95,89.11
3815,Student_3815,22,CSE,65,91.95
3816,Student_3816,21,EEE,40,60.64
3817,Student_3817,22,EEE,54,87.89
3818,Student_3818,23,CSE,71,98.02
3819,Student_3819,24,CSE,39,91.05
3820,Student_3820,19,MECH,84,84.63
3821,Student_3821,18,IT,95,82.46
3822,Student_3822,22,IT,51,90.31
3823,Student_3823,18,EEE,81,65.19
3824,Student_3824,24,CIVIL,79,76.09
3825,Student_3825,19,EEE,89,76.64
3826,Student_3826,20,CIVIL,99,76.62
3827,Student_3827,24,MECH,91,71.18
3828,Student_3828,24,ECE,52,79.71
3829,Student_3829,20,CIVIL,78,99.33
3830,Student_3830,23,EEE,78,89.32
3831,Student_3831,21,EEE,75,91.5
3832,Student_3832,24,CIVIL,71,67.11
3833,Student_3833,19,EEE,50,98.71
3834,Student_3834,24,IT,89,99.42
3835,Student_3835,18,ECE,35,95.3
3836,Student_3836,18,ECE,74,74.9
3837,Student_3837,19,CIVIL,64,62.91
3838,Student_3838,19,ECE,49,91.97
3839,Student_3839,24,EEE,43,68.33
3840,Student_3840,20,EEE,96,61.35
3841,Student_3841,19,IT,89,82.22
3842,Student_3842,19,IT,47,71.36
3843,Student_3843,20,CIVIL,84,75.43
3844,Student_3844,22,IT,97,65.76
3845,Student_3845,24,IT,63,76.92
3846,Student_3846,23,MECH,72,85.73
3847,Student_3847,19,IT,35,65.19
3848,Student_3848,24,CIVIL,56,96.77
3849,Student_3849,20,ECE,43,81.03
3850,Student_3850,24,ECE,48,89.48
3851,Student_3851,19,CSE,51,68.01
3852,Student_3852,19,IT,35,85.08
3853,Student_3853,22,CSE,42,75.09
3854,Student_3854,18,CSE,66,76.61
3855,Student_3855,21,ECE,61,88.7
3856,Student_3856,21,EEE,38,81.3
3857,Student_3857,24,MECH,86,80.75
3858,Student_3858,18,IT,93,67.08
3859,Student_3859,19,EEE,96,78.57
3860,Student_3860,20,IT,81,82.48
3861,Student_3861,20,MECH,52,75.16
3862,Student_3862,24,CIVIL,39,73.02
3863,Student_3863,22,CSE,100,92.67
3864,Student_3864,24,IT,93,75.3
3865,Student_3865,23,CIVIL,65,89.18
3866,Student_3866,21,CSE,58,88.73
3867,Student_3867,18,IT,95,67.02
3868,Student_3868,21,IT,62,67.93
3869,Student_3869,24,IT,62,97.03
3870,Student_3870,23,CIVIL,58,98.27
3871,Student_3871,18,EEE,58,66.9
3872,Student_3872,22,CIVIL,62,89.64
3873,Student_3873,19,CSE,89,91.98
3874,Student_3874,23,CIVIL,44,85.61
3875,Student_3875,19,CIVIL,53,69.46
3876,Student_3876,19,EEE,81,88.1
3877,Student_3877,19,CIVIL,61,72.81
3878,Student_3878,20,EEE,88,64.89
3879,Student_3879,23,IT,94,89.48
3880,Student_3880,21,ECE,55,92.33
3881,Student_3881,20,ECE,37,82.84
3882,Student_3882,20,EEE,98,84.45
3883,Student_3883,23,CSE,58,95.73
3884,Student_3884,22,CIVIL,91,60.11
3885,Student_3885,22,ECE,91,62.8
3886,Student_3886,18,EEE,66,86.67
3887,Student_3887,22,MECH,98,88.75
3888,Student_3888,19,MECH,76,65.53
3889,Student_3889,22,CIVIL,66,65.23
3890,Student_3890,18,IT,47,65.39
3891,Student_3891,20,MECH,41,81.92
3892,Student_3892,19,CSE,40,70.61
3893,Student_3893,22,MECH,94,80.74
3894,Student_3894,22,CIVIL,91,73.97
3895,Student_3895,19,IT,82,86.69
3896,Student_3896,20,ECE,65,85.5
3897,Student_3897,21,CSE,40,68.08
3898,Student_3898,20,EEE,65,96.9
3899,Student_3899,23,CSE,76,64.38
3900,Student_3900,18,EEE,55,98.16
3901,Student_3901,24,IT,46,60.91
3902,Student_3902,19,IT,56,91.17
3903,Student_3903,23,CIVIL,79,86.56
3904,Student_3904,18,EEE,60,79.12
3905,Student_3905,23,IT,100,67.71
3906,Student_3906,22,ECE,35,83.06
3907,Student_3907,21,CSE,61,87.47
3908,Student_3908,21,CSE,49,65.81
3909,Student_3909,18,IT,54,89.27
3910,Student_3910,18,ECE,55,64.72
3911,Student_3911,23,IT,93,76.4
3912,Student_3912,24,IT,52,62.14
3913,Student_3913,22,IT,46,64.64
3914,Student_3914,21,MECH,48,65.18
3915,Student_3915,19,CSE,50,84.7
3916,Student_3916,18,MECH,52,88.92
3917,Student_3917,23,IT,91,97.3
3918,Student_3918,19,CIVIL,62,61.48
3919,Student_3919,22,ECE,90,75.21
3920,Student_3920,19,CIVIL,36,86.41
3921,Student_3921,21,IT,73,91.07
3922,Student_3922,18,ECE,71,67.05
3923,Student_3923,18,EEE,37,91.59
3924,Student_3924,23,MECH,52,96.88
3925,Student_3925,24,CSE,76,99.28
3926,Student_3926,19,CIVIL,71,75.02
3927,Student_3927,18,CIVIL,59,88.03
3928,Student_3928,20,EEE,83,93.59
3929,Student_3929,18,IT,35,92.21
3930,Student_3930,19,IT,79,65.13
3931,Student_3931,23,CIVIL,98,92.94
3932,Student_3932,24,CSE,64,98.76
3933,Student_3933,18,ECE,70,67.63
3934,Student_3934,20,CIVIL,76,81.59
3935,Student_3935,21,EEE,51,68.48
3936,Student_3936,18,EEE,44,95.52
3937,Student_3937,24,ECE,38,65.63
3938,Student_3938,21,CSE,89,64.92
3939,Student_3939,22,ECE,96,69.23
3940,Student_3940,21,EEE,42,66.65
3941,Student_3941,22,CSE,91,88.75
3942,Student_3942,18,MECH,89,94.48
3943,Student_3943,18,MECH,64,65.2
3944,Student_3944,24,EEE,48,73.7
3945,Student_3945,20,ECE,35,68.87
3946,Student_3946,23,EEE,39,69.99
3947,Student_3947,18,CSE,81,96.32
3948,Student_3948,21,MECH,92,74.74
3949,Student_3949,24,EEE,43,74.84
3950,Student_3950,22,IT,79,74.88
3951,Student_3951,21,ECE,66,70.05
3952,Student_3952,24,CSE,52,93.47
3953,Student_3953,20,MECH,90,60.11
3954,Student_3954,18,CIVIL,42,90.77
3955,Student_3955,24,CIVIL,50,61.55
3956,Student_3956,18,IT,87,82.15
3957,Student_3957,18,MECH,86,71.05
3958,Student_3958,18,MECH,55,76.95
3959,Student_3959,18,CIVIL,36,80.67
3960,Student_3960,24,IT,81,77.91
3961,Student_3961,19,CIVIL,38,94.74
3962,Student_3962,18,EEE,42,78.54
3963,Student_3963,19,CIVIL,40,76.34
3964,Student_3964,18,ECE,41,78.48
3965,Student_3965,19,EEE,45,98.75
3966,Student_3966,24,EEE,81,98.8
3967,Student_3967,20,MECH,73,67.98
3968,Student_3968,21,ECE,49,88.16
3969,Student_3969,18,CSE,90,67.27
3970,Student_3970,22,CIVIL,80,77.87
3971,Student_3971,23,MECH,67,79.85
3972,Student_3972,19,CSE,35,73.35
3973,Student_3973,23,ECE,86,66.26
3974,Student_3974,24,MECH,67,93.53
3975,Student_3975,21,MECH,54,63.16
3976,Student_3976,22,CSE,65,93.23
3977,Student_3977,23,MECH,37,61.28
3978,Student_3978,20,MECH,88,77.02
3979,Student_3979,20,EEE,38,90.2
3980,Student_3980,24,CSE,41,77.88
3981,Student_3981,21,IT,94,64.97
3982,Student_3982,20,CSE,37,89.96
3983,Student_3983,20,CIVIL,65,81.76
3984,Student_3984,22,CSE,69,82.97
3985,Student_3985,20,ECE,43,72.67
3986,Student_3986,19,CSE,67,84.42
3987,Student_3987,22,CSE,73,85.86
3988,Student_3988,22,MECH,85,91.33
3989,Student_3989,22,MECH,63,85.92
3990,Student_3990,19,MECH,91,87.41
3991,Student_3991,24,MECH,83,84.12
3992,Student_3992,23,EEE,48,76.44
3993,Student_3993,21,CSE,54,68.65
3994,Student_3994,20,CSE,97,79.2
3995,Student_3995,20,ECE,64,93.24
3996,Student_3996,24,EEE,90,67.32
3997,Student_3997,23,IT,100,86.79
3998,Student_3998,22,EEE,49,99.83
3999,Student_3999,21,CSE,43,88.46
4000,Student_4000,20,ECE,90,93.92
4001,Student_4001,23,ECE,38,68.57
4002,Student_4002,18,CIVIL,93,92.79
4003,Student_4003,22,ECE,48,63.56
4004,Student_4004,18,ECE,38,85.23
4005,Student_4005,23,IT,68,63.8
4006,Student_4006,22,CSE,65,74.78
4007,Student_4007,23,CIVIL,100,83.82
4008,Student_4008,24,CIVIL,92,96.03
4009,Student_4009,18,CSE,91,98.5
4010,Student_4010,23,CIVIL,99,85.04
4011,Student_4011,20,IT,100,61.22
4012,Student_4012,24,CSE,86,95.77
4013,Student_4013,20,CIVIL,52,66.43
4014,Student_4014,18,MECH,80,80.88
4015,Student_4015,23,ECE,91,98.9
4016,Student_4016,20,MECH,36,81.56
4017,Student_4017,18,CSE,68,81.6
4018,Student_4018,21,MECH,75,78.93
4019,Student_4019,18,ECE,59,75.21
4020,Student_4020,18,EEE,86,63.66
4021,Student_4021,23,IT,45,97.37
4022,Student_4022,22,MECH,69,91.66
4023,Student_4023,22,IT,89,82.39
4024,Student_4024,22,ECE,94,89.05
4025,Student_4025,21,CIVIL,96,86.58
4026,Student_4026,18,EEE,40,83.55
4027,Student_4027,19,IT,50,70.35
4028,Student_4028,24,CSE,89,64.5
4029,Student_4029,21,CSE,98,95.98
4030,Student_4030,23,ECE,57,79.5
4031,Student_4031,23,IT,63,73.33
4032,Student_4032,21,EEE,48,91.16
4033,Student_4033,21,CIVIL,85,67.27
4034,Student_4034,23,CSE,88,88.08
4035,Student_4035,20,CIVIL,83,75.35
4036,Student_4036,19,IT,68,97.42
4037,Student_4037,21,CSE,69,78.12
4038,Student_4038,20,ECE,43,77.76
4039,Student_4039,19,CIVIL,78,64.09
4040,Student_4040,19,ECE,80,83.2
4041,Student_4041,19,IT,87,71.01
4042,Student_4042,22,ECE,35,80.1
4043,Student_4043,22,ECE,69,81.38
4044,Student_4044,22,IT,99,69.12
4045,Student_4045,18,MECH,52,99.4
4046,Student_4046,21,MECH,54,99.62
4047,Student_4047,24,CIVIL,91,84.08
4048,Student_4048,18,MECH,37,84.93
4049,Student_4049,18,CSE,73,62.95
4050,Student_4050,24,CSE,66,74.31
4051,Student_4051,24,CIVIL,55,99.94
4052,Student_4052,24,ECE,87,64.32
4053,Student_4053,19,MECH,87,95.78
4054,Student_4054,20,ECE,66,61.75
4055,Student_4055,20,EEE,100,63.78
4056,Student_4056,20,IT,37,96.4
4057,Student_4057,20,EEE,73,79.82
4058,Student_4058,20,CSE,47,77.16
4059,Student_4059,23,CSE,59,87.88
4060,Student_4060,20,CSE,88,76.08
4061,Student_4061,18,MECH,96,95.86
4062,Student_4062,23,CSE,51,88.01
4063,Student_4063,22,CIVIL,40,81.87
4064,Student_4064,23,CSE,86,78.47
4065,Student_4065,22,ECE,47,70.86
4066,Student_4066,21,EEE,87,80.68
4067,Student_4067,18,ECE,76,84.9
4068,Student_4068,21,IT,83,97.89
4069,Student_4069,22,MECH,66,87.96
4070,Student_4070,22,MECH,91,72.46
4071,Student_4071,22,MECH,74,87.55
4072,Student_4072,24,CSE,76,73.61
4073,Student_4073,20,EEE,41,64.43
4074,Student_4074,22,ECE,58,62.34
4075,Student_4075,23,MECH,81,69.86
4076,Student_4076,21,IT,40,74.05
4077,Student_4077,18,MECH,45,76.9
4078,Student_4078,23,CSE,64,93.3
4079,Student_4079,22,CIVIL,85,68.29
4080,Student_4080,20,ECE,87,99.03
4081,Student_4081,23,ECE,47,80.59
4082,Student_4082,20,EEE,82,83.98
4083,Student_4083,21,MECH,35,61.97
4084,Student_4084,22,IT,73,92.28
4085,Student_4085,20,CIVIL,67,67.16
4086,Student_4086,20,MECH,83,87.3
4087,Student_4087,20,IT,90,77.25
4088,Student_4088,21,CSE,76,91.57
4089,Student_4089,20,ECE,36,92.81
4090,Student_4090,20,EEE,89,94.61
4091,Student_4091,21,MECH,78,81.5
4092,Student_4092,18,CIVIL,92,91.3
4093,Student_4093,20,EEE,63,67.69
4094,Student_4094,22,CIVIL,38,77.01
4095,Student_4095,19,EEE,68,91.96
4096,Student_4096,21,ECE,58,90.82
4097,Student_4097,20,IT,72,62.17
4098,Student_4098,21,IT,77,84.15
4099,Student_4099,20,ECE,41,60.37
4100,Student_4100,23,MECH,55,94.22
4101,Student_4101,18,ECE,54,71.76
4102,Student_4102,24,MECH,89,98.57
4103,Student_4103,21,IT,95,72.42
4104,Student_4104,19,EEE,43,75.61
4105,Student_4105,18,CSE,57,71.24
4106,Student_4106,18,CSE,82,96.43
4107,Student_4107,24,CIVIL,67,81.34
4108,Student_4108,22,IT,84,99.73
4109,Student_4109,18,CIVIL,36,64.33
4110,Student_4110,22,CIVIL,85,79.25
4111,Student_4111,21,CIVIL,51,67.84
4112,Student_4112,18,ECE,80,77.76
4113,Student_4113,24,CSE,69,77.84
4114,Student_4114,23,MECH,68,94.11
4115,Student_4115,23,MECH,44,65.89
4116,Student_4116,18,ECE,41,68.16
4117,Student_4117,20,ECE,96,73.69
4118,Student_4118,21,EEE,84,94.66
4119,Student_4119,22,CSE,94,82.16
4120,Student_4120,24,IT,56,74.74
4121,Student_4121,20,CIVIL,57,72.39
4122,Student_4122,18,IT,64,80.14
4123,Student_4123,20,EEE,69,61.89
4124,Student_4124,23,MECH,67,72.22
4125,Student_4125,20,EEE,94,73.54
4126,Student_4126,19,ECE,44,64.46
4127,Student_4127,19,ECE,92,71.42
4128,Student_4128,22,CIVIL,97,87.29
4129,Student_4129,22,IT,45,78.03
4130,Student_4130,24,MECH,61,69.72
4131,Student_4131,20,IT,56,79.57
4132,Student_4132,18,ECE,83,87.4
4133,Student_4133,24,CSE,95,74.15
4134,Student_4134,18,IT,42,92.05
4135,Student_4135,18,CIVIL,84,98.49
4136,Student_4136,24,CSE,67,73.16
4137,Student_4137,23,ECE,39,75.46
4138,Student_4138,24,ECE,76,88.77
4139,Student_4139,22,ECE,69,84.97
4140,Student_4140,19,EEE,64,95.24
4141,Student_4141,18,CSE,48,80.59
4142,Student_4142,23,MECH,91,78.97
4143,Student_4143,20,CIVIL,43,93.7
4144,Student_4144,20,ECE,70,70.16
4145,Student_4145,23,EEE,68,70.48
4146,Student_4146,18,CIVIL,61,92.78
4147,Student_4147,20,IT,43,79.0
4148,Student_4148,22,ECE,92,88.18
4149,Student_4149,22,CSE,36,85.67
4150,Student_4150,23,IT,76,69.64
4151,Student_4151,22,CSE,53,81.47
4152,Student_4152,22,CIVIL,67,94.97
4153,Student_4153,23,MECH,89,99.53
4154,Student_4154,22,CIVIL,54,95.39
4155,Student_4155,24,IT,42,72.24
4156,Student_4156,20,MECH,52,93.5
4157,Student_4157,18,EEE,92,87.24
4158,Student_4158,20,MECH,64,61.46
4159,Student_4159,18,IT,83,88.42
4160,Student_4160,19,EEE,51,96.18
4161,Student_4161,24,CIVIL,63,83.7
4162,Student_4162,19,CIVIL,65,69.53
4163,Student_4163,24,CSE,54,99.03
4164,Student_4164,23,IT,98,61.2
4165,Student_4165,24,ECE,61,99.34
4166,Student_4166,22,CIVIL,41,88.47
4167,Student_4167,22,ECE,56,65.83
4168,Student_4168,18,CSE,36,67.4
4169,Student_4169,19,CSE,37,62.52
4170,Student_4170,22,MECH,94,77.36
4171,Student_4171,18,CSE,38,80.32
4172,Student_4172,23,CIVIL,96,88.59
4173,Student_4173,18,CSE,45,92.71
4174,Student_4174,19,EEE,84,91.87
4175,Student_4175,20,CSE,65,95.91
4176,Student_4176,20,EEE,66,85.65
4177,Student_4177,18,CIVIL,100,90.2
4178,Student_4178,24,MECH,70,76.85
4179,Student_4179,24,CIVIL,52,67.8
4180,Student_4180,20,MECH,75,93.28
4181,Student_4181,24,CSE,39,60.15
4182,Student_4182,23,CSE,93,93.41
4183,Student_4183,21,ECE,35,74.8
4184,Student_4184,24,EEE,77,98.1
4185,Student_4185,22,MECH,91,93.36
4186,Student_4186,20,CSE,40,77.44
4187,Student_4187,23,MECH,89,70.75
4188,Student_4188,18,CSE,85,96.65
4189,Student_4189,20,CSE,46,88.16
4190,Student_4190,19,EEE,35,92.31
4191,Student_4191,22,EEE,47,75.95
4192,Student_4192,24,CIVIL,69,90.9
4193,Student_4193,21,CSE,36,74.69
4194,Student_4194,22,ECE,90,76.79
4195,Student_4195,19,EEE,53,75.12
4196,Student_4196,23,CIVIL,86,66.37
4197,Student_4197,22,MECH,36,81.12
4198,Student_4198,22,MECH,50,78.9
4199,Student_4199,23,IT,97,91.26
4200,Student_4200,18,EEE,38,74.84
4201,Student_4201,22,MECH,58,74.52
4202,Student_4202,24,CSE,93,95.87
4203,Student_4203,18,IT,65,65.06
4204,Student_4204,18,ECE,90,95.25
4205,Student_4205,24,EEE,93,93.97
4206,Student_4206,23,CIVIL,58,75.21
4207,Student_4207,20,CSE,35,90.44
4208,Student_4208,22,EEE,52,97.63
4209,Student_4209,24,MECH,81,73.42
4210,Student_4210,20,CSE,93,79.47
4211,Student_4211,20,IT,46,86.84
4212,Student_4212,19,MECH,72,75.4
4213,Student_4213,19,CSE,47,81.67
4214,Student_4214,24,IT,53,71.21
4215,Student_4215,22,IT,86,97.6
4216,Student_4216,21,EEE,57,66.51
4217,Student_4217,22,MECH,77,80.49
4218,Student_4218,18,MECH,41,92.45
4219,Student_4219,20,IT,81,70.66
4220,Student_4220,19,CSE,79,87.24
4221,Student_4221,20,MECH,40,72.76
4222,Student_4222,24,CIVIL,51,60.12
4223,Student_4223,22,ECE,51,93.78
4224,Student_4224,20,MECH,35,88.41
4225,Student_4225,18,IT,41,62.53
4226,Student_4226,21,ECE,78,76.4
4227,Student_4227,18,MECH,56,68.45
4228,Student_4228,19,EEE,95,99.68
4229,Student_4229,22,ECE,76,95.5
4230,Student_4230,24,EEE,35,62.34
4231,Student_4231,21,CIVIL,58,66.44
4232,Student_4232,20,IT,92,69.61
4233,Student_4233,19,MECH,44,75.58
4234,Student_4234,22,EEE,35,79.26
4235,Student_4235,18,EEE,42,63.66
4236,Student_4236,22,EEE,35,84.42
4237,Student_4237,24,MECH,48,99.24
4238,Student_4238,23,CSE,75,67.44
4239,Student_4239,18,IT,40,89.75
4240,Student_4240,19,MECH,41,92.83
4241,Student_4241,19,ECE,40,61.31
4242,Student_4242,18,MECH,75,87.22
4243,Student_4243,18,MECH,67,96.24
4244,Student_4244,24,IT,46,95.09
4245,Student_4245,22,EEE,76,87.97
4246,Student_4246,19,IT,53,91.9
4247,Student_4247,22,MECH,87,83.72
4248,Student_4248,22,ECE,87,73.78
4249,Student_4249,22,EEE,70,98.26
4250,Student_4250,24,CSE,87,93.45
4251,Student_4251,18,CIVIL,100,97.03
4252,Student_4252,21,ECE,74,92.44
4253,Student_4253,18,ECE,44,61.42
4254,Student_4254,20,CSE,54,74.07
4255,Student_4255,22,IT,86,68.87
4256,Student_4256,19,CSE,94,95.7
4257,Student_4257,19,IT,81,77.51
4258,Student_4258,22,ECE,78,94.85
4259,Student_4259,19,MECH,42,76.23
4260,Student_4260,20,CIVIL,90,61.56
4261,Student_4261,21,MECH,59,83.53
4262,Student_4262,19,IT,67,95.64
4263,Student_4263,22,CIVIL,59,81.89
4264,Student_4264,19,EEE,64,75.31
4265,Student_4265,24,IT,73,76.24
4266,Student_4266,19,CIVIL,41,73.23
4267,Student_4267,18,MECH,91,97.08
4268,Student_4268,23,CSE,85,74.4
4269,Student_4269,22,EEE,80,63.2
4270,Student_4270,21,ECE,61,82.58
4271,Student_4271,23,CSE,39,81.63
4272,Student_4272,20,EEE,48,61.7
4273,Student_4273,23,IT,74,89.22
4274,Student_4274,23,CIVIL,48,95.58
4275,Student_4275,18,CSE,47,78.51
4276,Student_4276,22,MECH,47,84.04
4277,Student_4277,23,CSE,53,73.14
4278,Student_4278,20,IT,91,87.28
4279,Student_4279,18,IT,57,66.73
4280,Student_4280,18,MECH,82,96.78
4281,Student_4281,20,EEE,45,87.3
4282,Student_4282,18,CSE,52,67.29
4283,Student_4283,20,CIVIL,80,94.88
4284,Student_4284,18,CSE,55,94.4
4285,Student_4285,24,IT,41,63.16
4286,Student_4286,18,EEE,62,94.51
4287,Student_4287,19,EEE,68,77.61
4288,Student_4288,22,EEE,39,77.52
4289,Student_4289,18,MECH,47,90.6
4290,Student_4290,23,ECE,51,78.55
4291,Student_4291,22,CSE,80,88.33
4292,Student_4292,22,IT,81,85.76
4293,Student_4293,19,IT,43,61.93
4294,Student_4294,21,EEE,62,98.79
4295,Student_4295,24,IT,36,68.13
4296,Student_4296,22,CSE,35,71.1
4297,Student_4297,19,CSE,62,77.14
4298,Student_4298,22,CIVIL,71,62.58
4299,Student_4299,22,EEE,47,98.22
4300,Student_4300,23,EEE,57,98.39
4301,Student_4301,20,EEE,66,96.37
4302,Student_4302,23,CIVIL,78,65.86
4303,Student_4303,20,MECH,44,61.33
4304,Student_4304,21,MECH,36,85.77
4305,Student_4305,21,CIVIL,89,97.72
4306,Student_4306,24,CIVIL,42,62.95
4307,Student_4307,21,IT,91,79.1
4308,Student_4308,18,IT,65,99.84
4309,Student_4309,22,EEE,51,88.67
4310,Student_4310,19,IT,59,82.81
4311,Student_4311,20,EEE,82,94.48
4312,Student_4312,18,CSE,85,79.63
4313,Student_4313,21,ECE,77,73.12
4314,Student_4314,19,ECE,79,93.14
4315,Student_4315,18,MECH,62,99.41
4316,Student_4316,20,EEE,51,95.95
4317,Student_4317,19,EEE,48,78.38
4318,Student_4318,20,ECE,42,85.11
4319,Student_4319,23,CIVIL,54,68.75
4320,Student_4320,19,EEE,77,94.24
4321,Student_4321,18,CSE,39,82.85
4322,Student_4322,23,MECH,40,74.25
4323,Student_4323,18,IT,87,80.42
4324,Student_4324,19,CSE,54,95.46
4325,Student_4325,18,CSE,84,75.7
4326,Student_4326,19,ECE,35,71.26
4327,Student_4327,23,EEE,93,73.36
4328,Student_4328,22,CIVIL,92,72.93
4329,Student_4329,22,ECE,46,66.84
4330,Student_4330,23,CIVIL,89,72.47
4331,Student_4331,21,CSE,64,98.13
4332,Student_4332,19,MECH,57,91.89
4333,Student_4333,23,ECE,93,74.8
4334,Student_4334,22,ECE,44,70.23
4335,Student_4335,21,CSE,51,60.04
4336,Student_4336,21,CSE,46,92.05
4337,Student_4337,24,ECE,63,88.55
4338,Student_4338,22,CSE,58,67.56
4339,Student_4339,23,ECE,47,85.88
4340,Student_4340,22,IT,56,62.7
4341,Student_4341,22,CSE,97,88.91
4342,Student_4342,23,EEE,47,77.35
4343,Student_4343,24,CSE,99,77.46
4344,Student_4344,22,EEE,77,82.01
4345,Student_4345,18,IT,75,82.76
4346,Student_4346,21,IT,95,66.7
4347,Student_4347,23,CSE,83,82.24
4348,Student_4348,18,IT,41,90.02
4349,Student_4349,24,EEE,65,79.15
4350,Student_4350,24,IT,62,62.69
4351,Student_4351,21,CIVIL,54,80.34
4352,Student_4352,22,MECH,57,92.15
4353,Student_4353,20,EEE,74,94.65
4354,Student_4354,23,CSE,100,65.52
4355,Student_4355,23,MECH,55,60.05
4356,Student_4356,19,CIVIL,62,84.6
4357,Student_4357,22,ECE,64,65.41
4358,Student_4358,19,CSE,67,63.55
4359,Student_4359,20,MECH,70,86.19
4360,Student_4360,23,ECE,49,62.64
4361,Student_4361,20,CIVIL,60,88.04
4362,Student_4362,23,ECE,36,65.1
4363,Student_4363,23,ECE,41,71.08
4364,Student_4364,23,IT,54,68.76
4365,Student_4365,19,ECE,91,79.92
4366,Student_4366,24,ECE,48,69.75
4367,Student_4367,23,ECE,40,95.94
4368,Student_4368,24,ECE,99,63.74
4369,Student_4369,20,CSE,87,70.14
4370,Student_4370,19,CSE,42,73.78
4371,Student_4371,24,CIVIL,64,97.4
4372,Student_4372,21,MECH,93,74.23
4373,Student_4373,22,CSE,63,65.28
4374,Student_4374,18,IT,37,86.07
4375,Student_4375,22,CSE,88,87.31
4376,Student_4376,24,IT,44,78.79
4377,Student_4377,21,CIVIL,40,94.42
4378,Student_4378,19,CIVIL,62,64.77
4379,Student_4379,24,CSE,68,69.92
4380,Student_4380,23,CIVIL,70,62.68
4381,Student_4381,21,MECH,55,66.03
4382,Student_4382,18,ECE,50,76.79
4383,Student_4383,18,CIVIL,42,74.68
4384,Student_4384,22,EEE,88,93.66
4385,Student_4385,21,MECH,40,75.33
4386,Student_4386,23,MECH,54,63.36
4387,Student_4387,22,MECH,81,74.47
4388,Student_4388,20,CIVIL,71,91.15
4389,Student_4389,24,EEE,73,86.24
4390,Student_4390,21,MECH,85,99.19
4391,Student_4391,23,EEE,59,88.69
4392,Student_4392,22,MECH,79,60.34
4393,Student_4393,23,CIVIL,83,66.69
4394,Student_4394,19,ECE,56,75.41
4395,Student_4395,21,CSE,46,71.82
4396,Student_4396,19,EEE,62,91.43
4397,Student_4397,23,ECE,78,97.63
4398,Student_4398,22,IT,76,70.66
4399,Student_4399,19,CSE,100,94.01
4400,Student_4400,23,CSE,98,97.97
4401,Student_4401,22,IT,47,89.6
4402,Student_4402,21,ECE,65,88.97
4403,Student_4403,24,IT,45,86.32
4404,Student_4404,22,IT,83,70.55
4405,Student_4405,19,CIVIL,78,92.2
4406,Student_4406,19,IT,71,97.89
4407,Student_4407,19,EEE,42,74.59
4408,Student_4408,19,ECE,66,70.43
4409,Student_4409,19,CSE,65,63.1
4410,Student_4410,23,EEE,98,76.23
4411,Student_4411,20,IT,69,74.79
4412,Student_4412,21,IT,84,96.65
4413,Student_4413,22,IT,69,79.98
4414,Student_4414,24,MECH,86,83.47
4415,Student_4415,23,EEE,77,97.88
4416,Student_4416,20,ECE,90,74.83
4417,Student_4417,21,EEE,85,75.47
4418,Student_4418,23,CIVIL,99,75.29
4419,Student_4419,24,CSE,90,68.34
4420,Student_4420,20,ECE,45,67.08
4421,Student_4421,20,EEE,37,81.42
4422,Student_4422,18,CIVIL,77,97.01
4423,Student_4423,22,EEE,100,63.5
4424,Student_4424,20,ECE,86,83.84
4425,Student_4425,20,EEE,83,75.88
4426,Student_4426,24,MECH,58,64.51
4427,Student_4427,19,CSE,93,94.8
4428,Student_4428,20,ECE,65,74.72
4429,Student_4429,23,CIVIL,50,70.63
4430,Student_4430,21,CSE,71,62.11
4431,Student_4431,23,EEE,60,69.91
4432,Student_4432,19,MECH,49,72.04
4433,Student_4433,20,EEE,62,88.74
4434,Student_4434,18,MECH,87,68.8
4435,Student_4435,24,MECH,63,64.17
4436,Student_4436,23,CSE,38,81.37
4437,Student_4437,23,IT,50,79.83
4438,Student_4438,22,EEE,56,65.68
4439,Student_4439,18,CSE,82,89.2
4440,Student_4440,21,CSE,70,72.73
4441,Student_4441,19,EEE,70,89.56
4442,Student_4442,19,MECH,99,91.9
4443,Student_4443,20,EEE,98,61.94
4444,Student_4444,21,ECE,55,94.79
4445,Student_4445,24,IT,38,87.66
4446,Student_4446,21,EEE,53,68.9
4447,Student_4447,21,MECH,92,65.28
4448,Student_4448,21,MECH,76,76.27
4449,Student_4449,19,MECH,35,64.46
4450,Student_4450,18,IT,40,97.0
4451,Student_4451,23,IT,80,92.61
4452,Student_4452,24,MECH,43,60.98
4453,Student_4453,20,EEE,40,61.45
4454,Student_4454,19,MECH,57,89.18
4455,Student_4455,18,EEE,58,72.79
4456,Student_4456,23,ECE,50,77.02
4457,Student_4457,22,EEE,64,98.71
4458,Student_4458,23,CSE,62,90.52
4459,Student_4459,22,IT,46,79.78
4460,Student_4460,19,CSE,60,64.86
4461,Student_4461,21,CIVIL,79,74.04
4462,Student_4462,19,CIVIL,85,67.04
4463,Student_4463,23,CSE,58,83.02
4464,Student_4464,23,MECH,66,73.76
4465,Student_4465,23,EEE,80,93.09
4466,Student_4466,24,IT,62,96.38
4467,Student_4467,19,ECE,54,85.6
4468,Student_4468,24,MECH,64,87.97
4469,Student_4469,19,CIVIL,57,60.06
4470,Student_4470,20,MECH,63,91.27
4471,Student_4471,19,ECE,64,76.93
4472,Student_4472,18,CIVIL,79,98.88
4473,Student_4473,21,MECH,46,96.3
4474,Student_4474,22,MECH,40,80.46
4475,Student_4475,21,CIVIL,98,91.52
4476,Student_4476,18,CIVIL,55,93.19
4477,Student_4477,19,MECH,39,63.95
4478,Student_4478,21,CSE,54,75.86
4479,Student_4479,20,IT,63,95.72
4480,Student_4480,22,IT,58,88.24
4481,Student_4481,24,MECH,90,96.92
4482,Student_4482,24,EEE,68,91.17
4483,Student_4483,21,ECE,76,77.7
4484,Student_4484,20,ECE,53,68.39
4485,Student_4485,19,IT,54,65.67
4486,Student_4486,19,IT,100,60.68
4487,Student_4487,18,CIVIL,72,70.15
4488,Student_4488,19,EEE,54,88.69
4489,Student_4489,23,IT,58,67.15
4490,Student_4490,20,MECH,42,75.08
4491,Student_4491,24,CIVIL,78,68.44
4492,Student_4492,23,CSE,84,69.69
4493,Student_4493,23,IT,96,94.58
4494,Student_4494,19,CSE,49,81.26
4495,Student_4495,20,MECH,97,71.03
4496,Student_4496,24,ECE,35,79.42
4497,Student_4497,20,ECE,74,90.89
4498,Student_4498,23,CIVIL,76,65.94
4499,Student_4499,23,CSE,63,90.99
4500,Student_4500,19,MECH,42,80.35
4501,Student_4501,20,IT,86,69.17
4502,Student_4502,24,IT,95,86.27
4503,Student_4503,21,CSE,75,89.22
4504,Student_4504,24,MECH,40,74.46
4505,Student_4505,20,CIVIL,44,91.97
4506,Student_4506,23,IT,43,74.73
4507,Student_4507,21,IT,69,62.88
4508,Student_4508,22,IT,78,73.2
4509,Student_4509,20,CSE,46,83.05
4510,Student_4510,21,CIVIL,62,83.64
4511,Student_4511,21,CIVIL,98,74.31
4512,Student_4512,19,CSE,96,92.14
4513,Student_4513,24,ECE,37,70.14
4514,Student_4514,21,ECE,36,62.84
4515,Student_4515,24,IT,98,63.84
4516,Student_4516,23,IT,46,65.99
4517,Student_4517,18,ECE,66,90.08
4518,Student_4518,21,CIVIL,86,78.51
4519,Student_4519,22,IT,93,76.24
4520,Student_4520,22,CIVIL,95,68.62
4521,Student_4521,19,MECH,97,95.73
4522,Student_4522,19,CSE,58,65.27
4523,Student_4523,23,MECH,38,78.42
4524,Student_4524,20,IT,95,85.95
4525,Student_4525,21,EEE,65,93.63
4526,Student_4526,19,IT,74,68.12
4527,Student_4527,22,CSE,83,73.15
4528,Student_4528,19,CSE,100,86.88
4529,Student_4529,24,CIVIL,77,67.27
4530,Student_4530,18,ECE,40,66.34
4531,Student_4531,22,CSE,80,93.69
4532,Student_4532,24,EEE,97,92.3
4533,Student_4533,20,EEE,93,91.98
4534,Student_4534,20,MECH,35,88.44
4535,Student_4535,18,ECE,88,98.73
4536,Student_4536,21,MECH,74,72.37
4537,Student_4537,23,MECH,98,76.04
4538,Student_4538,22,MECH,92,96.93
4539,Student_4539,18,MECH,60,75.43
4540,Student_4540,20,MECH,39,70.28
4541,Student_4541,20,CSE,37,76.27
4542,Student_4542,20,EEE,63,78.81
4543,Student_4543,18,CIVIL,84,99.0
4544,Student_4544,22,MECH,58,98.52
4545,Student_4545,21,CSE,49,95.31
4546,Student_4546,22,IT,80,65.49
4547,Student_4547,23,MECH,63,72.84
4548,Student_4548,18,IT,82,83.74
4549,Student_4549,23,CSE,57,74.72
4550,Student_4550,18,ECE,55,78.51
4551,Student_4551,23,ECE,89,71.99
4552,Student_4552,18,EEE,72,96.65
4553,Student_4553,22,CIVIL,77,84.47
4554,Student_4554,20,EEE,87,86.3
4555,Student_4555,19,EEE,77,90.15
4556,Student_4556,24,EEE,63,72.3
4557,Student_4557,20,CSE,74,84.48
4558,Student_4558,21,CIVIL,66,90.12
4559,Student_4559,19,IT,68,71.03
4560,Student_4560,21,EEE,63,83.0
4561,Student_4561,20,MECH,68,60.69
4562,Student_4562,24,IT,56,65.84
4563,Student_4563,18,CIVIL,77,80.02
4564,Student_4564,19,CIVIL,96,88.94
4565,Student_4565,19,CIVIL,69,63.99
4566,Student_4566,19,CSE,36,99.91
4567,Student_4567,24,CIVIL,92,65.16
4568,Student_4568,23,ECE,49,94.42
4569,Student_4569,24,CSE,96,73.07
4570,Student_4570,24,CIVIL,79,67.71
4571,Student_4571,23,IT,87,74.82
4572,Student_4572,21,CIVIL,51,94.37
4573,Student_4573,19,CSE,66,60.41
4574,Student_4574,20,EEE,90,93.93
4575,Student_4575,21,CSE,53,88.94
4576,Student_4576,19,CIVIL,41,92.92
4577,Student_4577,19,IT,80,64.27
4578,Student_4578,24,CSE,61,89.35
4579,Student_4579,21,EEE,85,94.57
4580,Student_4580,22,IT,85,67.61
4581,Student_4581,22,EEE,95,98.55
4582,Student_4582,22,MECH,45,96.91
4583,Student_4583,22,ECE,43,70.44
4584,Student_4584,20,CIVIL,73,67.57
4585,Student_4585,23,EEE,85,75.52
4586,Student_4586,18,CSE,63,97.38
4587,Student_4587,22,EEE,41,95.4
4588,Student_4588,20,ECE,59,93.15
4589,Student_4589,19,IT,52,61.34
4590,Student_4590,19,ECE,74,78.3
4591,Student_4591,19,EEE,87,68.32
4592,Student_4592,18,CSE,73,69.28
4593,Student_4593,21,IT,88,80.18
4594,Student_4594,23,IT,85,91.26
4595,Student_4595,22,CSE,39,82.09
4596,Student_4596,23,EEE,53,82.76
4597,Student_4597,20,MECH,41,66.12
4598,Student_4598,24,IT,46,85.87
4599,Student_4599,21,MECH,71,62.58
4600,Student_4600,20,ECE,39,72.08
4601,Student_4601,24,EEE,42,66.21
4602,Student_4602,22,EEE,41,66.53
4603,Student_4603,24,CIVIL,70,76.88
4604,Student_4604,20,ECE,92,90.06
4605,Student_4605,23,ECE,60,68.04
4606,Student_4606,22,ECE,64,60.37
4607,Student_4607,18,ECE,77,76.05
4608,Student_4608,18,ECE,61,95.11
4609,Student_4609,19,CSE,63,67.89
4610,Student_4610,21,MECH,91,62.71
4611,Student_4611,23,CSE,89,91.33
4612,Student_4612,20,CSE,91,94.24
4613,Student_4613,19,MECH,79,90.04
4614,Student_4614,20,ECE,42,66.94
4615,Student_4615,23,EEE,61,62.24
4616,Student_4616,19,ECE,68,92.64
4617,Student_4617,19,ECE,38,68.67
4618,Student_4618,23,ECE,40,65.08
4619,Student_4619,20,MECH,43,97.86
4620,Student_4620,24,CIVIL,37,63.63
4621,Student_4621,23,ECE,55,86.48
4622,Student_4622,19,EEE,41,95.24
4623,Student_4623,18,MECH,87,96.65
4624,Student_4624,20,IT,94,89.19
4625,Student_4625,18,MECH,98,72.84
4626,Student_4626,20,MECH,48,84.89
4627,Student_4627,24,CIVIL,58,97.03
4628,Student_4628,18,MECH,81,85.59
4629,Student_4629,19,CIVIL,91,66.16
4630,Student_4630,23,MECH,53,73.58
4631,Student_4631,24,CSE,58,66.22
4632,Student_4632,22,CSE,78,75.41
4633,Student_4633,24,CIVIL,71,88.5
4634,Student_4634,22,IT,53,97.89
4635,Student_4635,21,ECE,59,78.05
4636,Student_4636,24,CSE,58,63.99
4637,Student_4637,18,CSE,41,64.77
4638,Student_4638,21,CIVIL,40,69.43
4639,Student_4639,20,IT,88,92.29
4640,Student_4640,23,CIVIL,41,86.78
4641,Student_4641,18,MECH,41,94.52
4642,Student_4642,21,EEE,39,91.92
4643,Student_4643,19,CIVIL,54,74.1
4644,Student_4644,22,CIVIL,67,87.78
4645,Student_4645,19,CIVIL,75,89.41
4646,Student_4646,24,CSE,98,64.08
4647,Student_4647,19,ECE,98,97.81
4648,Student_4648,23,EEE,66,68.81
4649,Student_4649,21,ECE,55,60.86
4650,Student_4650,24,EEE,54,65.77
4651,Student_4651,21,ECE,83,87.17
4652,Student_4652,23,EEE,83,94.0
4653,Student_4653,19,ECE,35,87.69
4654,Student_4654,24,ECE,60,99.05
4655,Student_4655,20,EEE,91,95.09
4656,Student_4656,24,CSE,74,80.09
4657,Student_4657,22,MECH,100,83.97
4658,Student_4658,20,CSE,69,78.58
4659,Student_4659,24,ECE,36,94.41
4660,Student_4660,22,IT,83,90.64
4661,Student_4661,23,EEE,44,84.48
4662,Student_4662,24,EEE,59,91.52
4663,Student_4663,21,MECH,67,84.96
4664,Student_4664,19,MECH,89,85.39
4665,Student_4665,19,ECE,75,76.56
4666,Student_4666,20,ECE,92,96.85
4667,Student_4667,21,EEE,56,66.4
4668,Student_4668,20,CIVIL,54,60.7
4669,Student_4669,18,MECH,79,81.71
4670,Student_4670,19,CIVIL,52,61.11
4671,Student_4671,20,CIVIL,55,66.04
4672,Student_4672,20,CSE,44,72.9
4673,Student_4673,24,MECH,62,61.68
4674,Student_4674,22,EEE,75,90.3
4675,Student_4675,23,CIVIL,86,69.3
4676,Student_4676,19,MECH,54,85.83
4677,Student_4677,19,CIVIL,72,86.56
4678,Student_4678,19,CSE,90,75.08
4679,Student_4679,20,IT,68,84.94
4680,Student_4680,18,IT,78,63.88
4681,Student_4681,19,IT,48,68.92
4682,Student_4682,22,CSE,40,70.9
4683,Student_4683,22,ECE,55,62.57
4684,Student_4684,23,CSE,57,94.02
4685,Student_4685,18,ECE,44,74.88
4686,Student_4686,20,CIVIL,49,88.45
4687,Student_4687,22,ECE,90,81.74
4688,Student_4688,22,MECH,86,71.92
4689,Student_4689,18,CSE,49,81.23
4690,Student_4690,20,CIVIL,42,75.58
4691,Student_4691,20,ECE,35,61.7
4692,Student_4692,21,ECE,99,96.62
4693,Student_4693,21,MECH,96,69.78
4694,Student_4694,20,CIVIL,76,91.04
4695,Student_4695,21,IT,86,71.27
4696,Student_4696,24,MECH,74,91.0
4697,Student_4697,18,CIVIL,90,88.97
4698,Student_4698,19,EEE,58,64.47
4699,Student_4699,19,IT,90,92.35
4700,Student_4700,19,CSE,59,67.32
4701,Student_4701,20,IT,43,61.82
4702,Student_4702,19,CIVIL,67,81.28
4703,Student_4703,24,CSE,71,89.31
4704,Student_4704,22,CIVIL,49,63.6
4705,Student_4705,24,CIVIL,92,66.14
4706,Student_4706,24,MECH,70,83.01
4707,Student_4707,22,CSE,55,80.55
4708,Student_4708,19,CSE,37,62.28
4709,Student_4709,21,MECH,87,60.84
4710,Student_4710,23,IT,56,88.25
4711,Student_4711,18,CSE,79,97.45
4712,Student_4712,23,ECE,78,67.74
4713,Student_4713,21,ECE,47,60.15
4714,Student_4714,23,CSE,76,92.38
4715,Student_4715,20,ECE,65,81.99
4716,Student_4716,18,EEE,55,97.0
4717,Student_4717,24,CIVIL,56,86.4
4718,Student_4718,22,CIVIL,42,62.39
4719,Student_4719,21,CIVIL,90,66.56
4720,Student_4720,21,MECH,66,94.31
4721,Student_4721,19,CIVIL,61,95.28
4722,Student_4722,22,CIVIL,84,86.93
4723,Student_4723,19,ECE,96,76.3
4724,Student_4724,23,CSE,99,73.45
4725,Student_4725,18,IT,86,67.08
4726,Student_4726,21,CSE,66,77.36
4727,Student_4727,20,CSE,35,98.93
4728,Student_4728,19,ECE,99,91.64
4729,Student_4729,19,ECE,54,63.97
4730,Student_4730,22,CIVIL,63,73.97
4731,Student_4731,19,MECH,43,81.13
4732,Student_4732,20,IT,37,76.24
4733,Student_4733,21,MECH,84,63.8
4734,Student_4734,18,MECH,82,93.02
4735,Student_4735,19,CSE,47,94.25
4736,Student_4736,24,EEE,66,90.81
4737,Student_4737,22,ECE,94,84.27
4738,Student_4738,21,CSE,93,96.73
4739,Student_4739,23,CSE,80,98.8
4740,Student_4740,21,CIVIL,66,81.64
4741,Student_4741,20,EEE,98,67.13
4742,Student_4742,23,CSE,54,88.06
4743,Student_4743,21,EEE,86,81.35
4744,Student_4744,24,ECE,80,82.99
4745,Student_4745,18,ECE,76,77.93
4746,Student_4746,20,CIVIL,99,83.73
4747,Student_4747,19,EEE,76,68.94
4748,Student_4748,20,IT,90,85.13
4749,Student_4749,18,MECH,73,95.46
4750,Student_4750,22,CIVIL,37,77.8
4751,Student_4751,23,MECH,53,90.59
4752,Student_4752,21,MECH,73,62.52
4753,Student_4753,21,CIVIL,85,79.38
4754,Student_4754,22,CSE,93,72.28
4755,Student_4755,23,MECH,67,82.37
4756,Student_4756,23,CIVIL,71,76.23
4757,Student_4757,18,CIVIL,59,92.11
4758,Student_4758,24,CIVIL,73,64.5
4759,Student_4759,21,ECE,71,93.56
4760,Student_4760,22,IT,78,68.25
4761,Student_4761,23,CIVIL,48,99.89
4762,Student_4762,20,CIVIL,38,70.61
4763,Student_4763,20,CSE,56,86.52
4764,Student_4764,22,MECH,36,73.07
4765,Student_4765,19,CSE,39,66.56
4766,Student_4766,19,MECH,40,75.87
4767,Student_4767,20,CIVIL,42,60.72
4768,Student_4768,22,ECE,69,81.39
4769,Student_4769,20,EEE,48,90.81
4770,Student_4770,18,CIVIL,59,95.0
4771,Student_4771,24,CSE,77,79.3
4772,Student_4772,23,CIVIL,65,84.75
4773,Student_4773,23,MECH,68,93.34
4774,Student_4774,23,CSE,79,76.64
4775,Student_4775,24,ECE,36,65.98
4776,Student_4776,21,EEE,36,61.89
4777,Student_4777,19,CSE,79,88.81
4778,Student_4778,24,IT,86,64.07
4779,Student_4779,24,CIVIL,80,85.8
4780,Student_4780,18,EEE,84,71.71
4781,Student_4781,22,EEE,59,93.02
4782,Student_4782,22,IT,72,77.28
4783,Student_4783,22,CSE,99,90.45
4784,Student_4784,23,CSE,50,81.23
4785,Student_4785,19,MECH,39,61.25
4786,Student_4786,23,ECE,89,74.89
4787,Student_4787,23,CSE,41,69.24
4788,Student_4788,20,EEE,67,65.26
4789,Student_4789,22,CSE,85,79.36
4790,Student_4790,23,EEE,89,82.35
4791,Student_4791,21,EEE,56,72.04
4792,Student_4792,18,MECH,53,91.5
4793,Student_4793,19,CSE,76,96.41
4794,Student_4794,22,CIVIL,90,94.89
4795,Student_4795,19,EEE,89,90.72
4796,Student_4796,19,ECE,50,84.36
4797,Student_4797,20,ECE,62,97.27
4798,Student_4798,23,IT,72,77.58
4799,Student_4799,18,EEE,98,72.29
4800,Student_4800,21,EEE,71,87.39
4801,Student_4801,20,EEE,63,84.03
4802,Student_4802,20,ECE,47,93.92
4803,Student_4803,24,ECE,63,72.5
4804,Student_4804,21,CSE,52,71.5
4805,Student_4805,23,EEE,62,64.07
4806,Student_4806,23,CIVIL,42,60.13
4807,Student_4807,19,MECH,51,86.34
4808,Student_4808,18,CSE,95,69.47
4809,Student_4809,24,IT,53,85.33
4810,Student_4810,21,MECH,55,77.02
4811,Student_4811,20,CIVIL,66,84.7
4812,Student_4812,22,EEE,76,82.17
4813,Student_4813,19,ECE,74,66.81
4814,Student_4814,24,EEE,52,88.51
4815,Student_4815,20,CSE,86,64.63
4816,Student_4816,22,EEE,97,74.73
4817,Student_4817,18,MECH,43,62.19
4818,Student_4818,18,CIVIL,41,74.53
4819,Student_4819,22,CSE,68,77.93
4820,Student_4820,20,EEE,95,69.21
4821,Student_4821,20,IT,62,74.26
4822,Student_4822,19,EEE,91,94.95
4823,Student_4823,23,IT,72,64.49
4824,Student_4824,24,MECH,50,74.26
4825,Student_4825,20,IT,93,67.98
4826,Student_4826,20,CIVIL,61,61.47
4827,Student_4827,19,MECH,100,81.37
4828,Student_4828,19,ECE,50,81.19
4829,Student_4829,21,CSE,43,87.54
4830,Student_4830,19,IT,58,77.08
4831,Student_4831,18,CIVIL,95,80.24
4832,Student_4832,19,CIVIL,43,74.11
4833,Student_4833,19,MECH,95,67.85
4834,Student_4834,20,CIVIL,90,67.36
4835,Student_4835,23,CSE,75,67.26
4836,Student_4836,21,IT,74,76.34
4837,Student_4837,24,IT,62,97.06
4838,Student_4838,23,ECE,96,92.49
4839,Student_4839,24,CIVIL,41,64.06
4840,Student_4840,22,CSE,80,76.99
4841,Student_4841,21,ECE,72,71.17
4842,Student_4842,21,MECH,46,89.41
4843,Student_4843,21,IT,83,97.34
4844,Student_4844,22,MECH,43,99.48
4845,Student_4845,19,ECE,85,65.46
4846,Student_4846,22,CIVIL,67,95.55
4847,Student_4847,23,MECH,68,98.87
4848,Student_4848,20,CSE,38,87.58
4849,Student_4849,18,CSE,78,79.19
4850,Student_4850,22,CSE,64,93.31
4851,Student_4851,23,IT,78,66.55
4852,Student_4852,23,CSE,87,86.54
4853,Student_4853,20,EEE,56,86.02
4854,Student_4854,21,EEE,100,91.06
4855,Student_4855,20,CIVIL,93,83.31
4856,Student_4856,21,ECE,82,92.96
4857,Student_4857,21,EEE,79,90.17
4858,Student_4858,19,CIVIL,49,93.7
4859,Student_4859,18,ECE,53,62.86
4860,Student_4860,23,CIVIL,94,89.25
4861,Student_4861,22,IT,44,92.8
4862,Student_4862,20,CIVIL,59,85.57
4863,Student_4863,24,MECH,45,78.48
4864,Student_4864,20,CIVIL,73,96.64
4865,Student_4865,20,EEE,47,91.6
4866,Student_4866,24,ECE,89,79.85
4867,Student_4867,24,ECE,85,99.28
4868,Student_4868,18,CSE,58,89.04
4869,Student_4869,23,CSE,61,81.13
4870,Student_4870,20,MECH,49,91.01
4871,Student_4871,22,ECE,97,93.37
4872,Student_4872,18,EEE,78,83.06
4873,Student_4873,24,CSE,56,93.34
4874,Student_4874,21,MECH,41,74.82
4875,Student_4875,19,CIVIL,89,96.98
4876,Student_4876,22,ECE,63,92.92
4877,Student_4877,20,CSE,75,89.78
4878,Student_4878,22,CSE,94,98.45
4879,Student_4879,18,IT,75,67.81
4880,Student_4880,23,MECH,37,89.85
4881,Student_4881,18,CSE,65,91.49
4882,Student_4882,18,CSE,66,98.34
4883,Student_4883,22,ECE,95,72.29
4884,Student_4884,23,EEE,79,64.85
4885,Student_4885,23,MECH,40,82.96
4886,Student_4886,23,CIVIL,76,93.05
4887,Student_4887,24,CSE,99,88.69
4888,Student_4888,18,EEE,76,62.44
4889,Student_4889,19,EEE,62,88.59
4890,Student_4890,19,MECH,43,96.23
4891,Student_4891,23,CIVIL,98,68.23
4892,Student_4892,24,MECH,52,96.6
4893,Student_4893,18,ECE,79,80.39
4894,Student_4894,22,MECH,66,68.36
4895,Student_4895,19,CIVIL,42,88.17
4896,Student_4896,23,EEE,76,99.02
4897,Student_4897,24,MECH,46,74.67
4898,Student_4898,20,MECH,66,63.44
4899,Student_4899,20,MECH,83,69.58
4900,Student_4900,21,CIVIL,58,74.28
4901,Student_4901,24,CSE,47,75.19
4902,Student_4902,19,MECH,40,86.4
4903,Student_4903,24,CIVIL,65,78.86
4904,Student_4904,19,MECH,38,94.21
4905,Student_4905,22,CIVIL,88,99.87
4906,Student_4906,23,MECH,87,60.19
4907,Student_4907,19,EEE,57,80.85
4908,Student_4908,21,EEE,67,62.75
4909,Student_4909,23,IT,87,63.06
4910,Student_4910,18,CIVIL,94,98.36
4911,Student_4911,20,IT,61,73.39
4912,Student_4912,24,IT,73,76.38
4913,Student_4913,20,CSE,82,98.53
4914,Student_4914,18,ECE,35,65.41
4915,Student_4915,19,CSE,68,65.71
4916,Student_4916,21,ECE,89,65.37
4917,Student_4917,24,CIVIL,48,70.53
4918,Student_4918,20,IT,69,78.13
4919,Student_4919,22,CIVIL,64,83.68
4920,Student_4920,24,ECE,37,83.01
4921,Student_4921,22,CSE,88,79.81
4922,Student_4922,20,IT,35,82.79
4923,Student_4923,19,CIVIL,70,97.54
4924,Student_4924,22,MECH,69,94.85
4925,Student_4925,24,EEE,49,94.23
4926,Student_4926,19,EEE,93,65.43
4927,Student_4927,21,CSE,93,70.64
4928,Student_4928,19,CSE,89,92.24
4929,Student_4929,22,CSE,48,90.3
4930,Student_4930,24,EEE,39,68.12
4931,Student_4931,19,CIVIL,99,90.4
4932,Student_4932,18,CIVIL,98,68.22
4933,Student_4933,21,MECH,80,98.47
4934,Student_4934,19,IT,64,68.58
4935,Student_4935,20,MECH,92,60.56
4936,Student_4936,20,CSE,64,88.7
4937,Student_4937,22,CSE,49,97.68
4938,Student_4938,20,ECE,100,93.04
4939,Student_4939,24,MECH,37,67.45
4940,Student_4940,19,MECH,52,73.95
4941,Student_4941,24,ECE,40,96.95
4942,Student_4942,18,IT,56,94.49
4943,Student_4943,19,CSE,39,88.97
4944,Student_4944,20,MECH,94,65.36
4945,Student_4945,20,EEE,43,60.79
4946,Student_4946,23,IT,98,87.58
4947,Student_4947,24,IT,69,63.99
4948,Student_4948,19,ECE,69,74.85
4949,Student_4949,24,ECE,44,62.38
4950,Student_4950,21,IT,74,63.95
4951,Student_4951,23,ECE,53,90.03
4952,Student_4952,22,MECH,38,83.5
4953,Student_4953,23,CIVIL,95,66.04
4954,Student_4954,21,EEE,87,68.19
4955,Student_4955,19,EEE,45,99.67
4956,Student_4956,24,EEE,53,67.42
4957,Student_4957,18,EEE,62,66.9
4958,Student_4958,18,CSE,41,61.42
4959,Student_4959,20,MECH,90,63.97
4960,Student_4960,21,ECE,41,79.0
4961,Student_4961,19,CIVIL,86,77.95
4962,Student_4962,23,ECE,42,97.37
4963,Student_4963,19,CSE,39,83.78
4964,Student_4964,24,ECE,85,95.73
4965,Student_4965,21,IT,52,62.8
4966,Student_4966,20,ECE,87,98.34
4967,Student_4967,22,CSE,36,73.56
4968,Student_4968,21,CIVIL,75,61.2
4969,Student_4969,18,MECH,66,65.46
4970,Student_4970,24,CIVIL,36,61.04
4971,Student_4971,21,ECE,94,63.58
4972,Student_4972,24,CSE,92,66.87
4973,Student_4973,18,CSE,61,81.62
4974,Student_4974,21,CIVIL,40,89.73
4975,Student_4975,21,CSE,84,79.82
4976,Student_4976,19,CSE,38,92.17
4977,Student_4977,20,EEE,70,89.74
4978,Student_4978,24,CSE,98,64.44
4979,Student_4979,19,CIVIL,43,78.96
4980,Student_4980,18,MECH,67,72.26
4981,Student_4981,21,CSE,53,93.0
4982,Student_4982,24,EEE,72,94.27
4983,Student_4983,19,ECE,81,65.77
4984,Student_4984,23,MECH,36,65.76
4985,Student_4985,19,ECE,69,90.21
4986,Student_4986,19,IT,37,83.33
4987,Student_4987,20,IT,92,91.91
4988,Student_4988,21,ECE,83,84.68
4989,Student_4989,19,IT,58,76.83
4990,Student_4990,23,EEE,75,63.77
4991,Student_4991,19,MECH,87,63.16
4992,Student_4992,21,CIVIL,73,88.81
4993,Student_4993,18,IT,52,70.81
4994,Student_4994,20,IT,80,83.37
4995,Student_4995,20,CSE,83,61.48
4996,Student_4996,18,CSE,49,72.79
4997,Student_4997,22,CIVIL,46,66.83
4998,Student_4998,21,CIVIL,86,99.73
4999,Student_4999,23,EEE,87,70.21
5000,Student_5000,22,MECH,100,86.98
5001,Student_5001,19,ECE,94,75.17
5002,Student_5002,18,CSE,99,81.02
5003,Student_5003,20,MECH,68,60.95
5004,Student_5004,23,ECE,91,92.83
5005,Student_5005,22,CSE,49,82.88
5006,Student_5006,21,EEE,51,63.43
5007,Student_5007,20,CSE,41,76.15
5008,Student_5008,23,IT,60,75.72
5009,Student_5009,23,IT,51,93.34
5010,Student_5010,24,EEE,64,71.14
5011,Student_5011,20,CIVIL,90,70.82
5012,Student_5012,18,CIVIL,55,64.69
5013,Student_5013,22,CIVIL,87,72.74
5014,Student_5014,21,ECE,53,88.58
5015,Student_5015,18,ECE,43,99.91
5016,Student_5016,19,IT,97,87.45
5017,Student_5017,23,ECE,36,74.37
5018,Student_5018,20,CSE,61,90.45
5019,Student_5019,18,CSE,37,60.73
5020,Student_5020,22,MECH,66,91.73
5021,Student_5021,23,IT,86,78.14
5022,Student_5022,22,CSE,35,60.13
5023,Student_5023,22,CIVIL,46,64.85
5024,Student_5024,18,MECH,35,60.93
5025,Student_5025,24,CSE,84,82.71
5026,Student_5026,23,IT,54,92.82
5027,Student_5027,19,IT,98,68.06
5028,Student_5028,21,IT,93,89.6
5029,Student_5029,22,CSE,84,60.36
5030,Student_5030,24,IT,78,72.01
5031,Student_5031,24,CSE,89,79.2
5032,Student_5032,20,MECH,66,61.63
5033,Student_5033,18,CIVIL,100,71.09
5034,Student_5034,19,ECE,90,64.75
5035,Student_5035,18,IT,66,98.12
5036,Student_5036,18,CSE,45,72.73
5037,Student_5037,23,CIVIL,82,87.77
5038,Student_5038,20,CIVIL,53,90.37
5039,Student_5039,24,EEE,54,98.91
5040,Student_5040,19,IT,68,92.2
5041,Student_5041,23,CSE,43,74.52
5042,Student_5042,20,ECE,70,76.51
5043,Student_5043,18,MECH,76,75.0
5044,Student_5044,22,CIVIL,67,71.34
5045,Student_5045,23,EEE,86,77.28
5046,Student_5046,19,IT,41,63.82
5047,Student_5047,22,ECE,69,95.25
5048,Student_5048,23,CSE,52,88.25
5049,Student_5049,22,CSE,99,66.09
5050,Student_5050,19,IT,63,80.53
5051,Student_5051,22,EEE,35,65.97
5052,Student_5052,21,ECE,39,81.24
5053,Student_5053,22,CSE,98,70.48
5054,Student_5054,20,ECE,94,69.1
5055,Student_5055,20,IT,59,76.46
5056,Student_5056,19,ECE,79,99.83
5057,Student_5057,18,CSE,72,63.49
5058,Student_5058,22,CSE,52,82.07
5059,Student_5059,20,CSE,49,87.46
5060,Student_5060,18,IT,57,91.45
5061,Student_5061,20,EEE,37,71.47
5062,Student_5062,24,MECH,49,95.33
5063,Student_5063,18,MECH,57,68.76
5064,Student_5064,20,MECH,87,60.94
5065,Student_5065,18,ECE,66,80.89
5066,Student_5066,21,CSE,38,63.59
5067,Student_5067,23,ECE,60,99.34
5068,Student_5068,19,CIVIL,89,62.75
5069,Student_5069,18,ECE,38,86.19
5070,Student_5070,20,CIVIL,82,60.46
5071,Student_5071,23,MECH,90,90.06
5072,Student_5072,19,IT,68,72.48
5073,Student_5073,23,CSE,74,86.2
5074,Student_5074,19,MECH,88,99.5
5075,Student_5075,24,IT,73,75.31
5076,Student_5076,18,CSE,46,73.32
5077,Student_5077,18,EEE,98,88.77
5078,Student_5078,24,IT,61,98.56
5079,Student_5079,20,MECH,54,70.38
5080,Student_5080,20,CIVIL,88,63.32
5081,Student_5081,21,CIVIL,56,66.53
5082,Student_5082,20,CSE,51,93.04
5083,Student_5083,23,ECE,85,78.12
5084,Student_5084,18,CIVIL,85,93.89
5085,Student_5085,23,MECH,79,97.28
5086,Student_5086,24,MECH,54,94.24
5087,Student_5087,20,CSE,91,95.35
5088,Student_5088,21,CIVIL,91,80.43
5089,Student_5089,24,EEE,72,78.93
5090,Student_5090,24,CSE,55,83.13
5091,Student_5091,23,ECE,81,60.6
5092,Student_5092,21,CSE,100,72.13
5093,Student_5093,22,MECH,73,98.94
5094,Student_5094,19,ECE,75,94.56
5095,Student_5095,24,ECE,74,62.15
5096,Student_5096,23,MECH,83,81.91
5097,Student_5097,18,ECE,46,73.45
5098,Student_5098,23,MECH,67,84.18
5099,Student_5099,24,EEE,55,74.28
5100,Student_5100,22,ECE,37,98.8
5101,Student_5101,23,IT,70,92.04
5102,Student_5102,23,CSE,50,64.04
5103,Student_5103,23,CIVIL,98,90.96
5104,Student_5104,22,CIVIL,45,81.25
5105,Student_5105,21,ECE,35,94.29
5106,Student_5106,21,ECE,74,69.01
5107,Student_5107,23,CIVIL,71,80.02
5108,Student_5108,24,CIVIL,57,88.96
5109,Student_5109,22,CIVIL,70,83.47
5110,Student_5110,21,CIVIL,37,99.72
5111,Student_5111,21,EEE,37,73.89
5112,Student_5112,18,CSE,40,67.27
5113,Student_5113,19,EEE,74,67.84
5114,Student_5114,23,EEE,45,92.09
5115,Student_5115,19,ECE,38,64.74
5116,Student_5116,21,CSE,74,84.45
5117,Student_5117,22,MECH,35,92.95
5118,Student_5118,19,MECH,53,64.02
5119,Student_5119,23,IT,99,75.4
5120,Student_5120,18,ECE,55,62.5
5121,Student_5121,23,ECE,48,83.79
5122,Student_5122,22,CIVIL,41,63.21
5123,Student_5123,24,EEE,39,97.53
5124,Student_5124,19,EEE,95,92.53
5125,Student_5125,19,CSE,98,89.9
5126,Student_5126,22,MECH,88,61.82
5127,Student_5127,23,CSE,84,95.36
5128,Student_5128,19,EEE,41,88.87
5129,Student_5129,20,CSE,71,93.82
5130,Student_5130,23,MECH,77,94.69
5131,Student_5131,18,IT,50,63.08
5132,Student_5132,21,EEE,63,73.51
5133,Student_5133,19,IT,50,60.91
5134,Student_5134,19,CIVIL,91,80.9
5135,Student_5135,18,MECH,52,91.18
5136,Student_5136,22,CSE,64,78.72
5137,Student_5137,21,CSE,89,61.1
5138,Student_5138,23,CIVIL,49,91.17
5139,Student_5139,21,ECE,51,95.75
5140,Student_5140,23,CIVIL,84,70.05
5141,Student_5141,21,CSE,60,79.41
5142,Student_5142,24,ECE,40,77.9
5143,Student_5143,21,CIVIL,48,95.99
5144,Student_5144,18,ECE,71,81.88
5145,Student_5145,23,IT,81,91.38
5146,Student_5146,21,CIVIL,39,60.59
5147,Student_5147,23,EEE,72,67.77
5148,Student_5148,24,ECE,62,95.05
5149,Student_5149,19,ECE,50,75.63
5150,Student_5150,18,MECH,83,82.06
5151,Student_5151,24,MECH,68,75.94
5152,Student_5152,21,CSE,84,92.03
5153,Student_5153,23,IT,80,62.65
5154,Student_5154,22,IT,50,69.84
5155,Student_5155,24,EEE,53,63.58
5156,Student_5156,18,IT,49,93.55
5157,Student_5157,20,ECE,84,62.91
5158,Student_5158,21,CSE,62,67.9
5159,Student_5159,18,IT,68,95.71
5160,Student_5160,19,EEE,62,88.11
5161,Student_5161,23,CSE,63,83.12
5162,Student_5162,20,CIVIL,72,80.14
5163,Student_5163,19,CSE,36,72.06
5164,Student_5164,18,IT,89,84.03
5165,Student_5165,24,CSE,36,72.66
5166,Student_5166,19,CSE,53,64.04
5167,Student_5167,18,MECH,95,88.79
5168,Student_5168,24,IT,84,87.93
5169,Student_5169,21,IT,66,69.24
5170,Student_5170,24,CIVIL,77,69.31
5171,Student_5171,22,CSE,46,60.13
5172,Student_5172,18,CSE,70,96.48
5173,Student_5173,21,EEE,54,79.62
5174,Student_5174,24,CIVIL,89,94.22
5175,Student_5175,18,EEE,95,69.87
5176,Student_5176,20,EEE,49,65.47
5177,Student_5177,24,CSE,92,96.3
5178,Student_5178,20,CSE,52,69.37
5179,Student_5179,20,CIVIL,98,80.27
5180,Student_5180,20,EEE,68,66.19
5181,Student_5181,24,IT,40,90.5
5182,Student_5182,24,CIVIL,94,66.43
5183,Student_5183,23,MECH,37,66.14
5184,Student_5184,24,EEE,90,90.34
5185,Student_5185,24,EEE,70,76.91
5186,Student_5186,21,MECH,53,61.47
5187,Student_5187,18,MECH,48,61.09
5188,Student_5188,19,CSE,99,78.55
5189,Student_5189,20,MECH,68,90.19
5190,Student_5190,21,CIVIL,64,79.25
5191,Student_5191,23,CSE,62,63.91
5192,Student_5192,20,EEE,64,81.2
5193,Student_5193,24,ECE,91,71.86
5194,Student_5194,18,EEE,99,93.87
5195,Student_5195,23,MECH,58,75.33
5196,Student_5196,19,CIVIL,57,73.29
5197,Student_5197,24,MECH,86,99.25
5198,Student_5198,21,ECE,73,99.88
5199,Student_5199,21,MECH,89,70.03
5200,Student_5200,18,MECH,83,87.33
5201,Student_5201,19,MECH,43,94.39
5202,Student_5202,23,ECE,78,68.33
5203,Student_5203,22,MECH,95,76.7
5204,Student_5204,19,EEE,51,68.72
5205,Student_5205,22,MECH,99,93.44
5206,Student_5206,22,CSE,87,95.84
5207,Student_5207,23,CSE,68,80.68
5208,Student_5208,22,MECH,64,67.05
5209,Student_5209,23,EEE,82,91.1
5210,Student_5210,20,CSE,79,91.53
5211,Student_5211,23,CIVIL,53,78.97
5212,Student_5212,22,MECH,45,98.28
5213,Student_5213,20,CIVIL,92,77.16
5214,Student_5214,20,CSE,75,67.67
5215,Student_5215,23,IT,76,76.46
5216,Student_5216,18,IT,95,80.01
5217,Student_5217,21,MECH,78,73.77
5218,Student_5218,19,MECH,44,83.47
5219,Student_5219,24,CSE,65,93.25
5220,Student_5220,22,EEE,53,93.8
5221,Student_5221,21,ECE,86,89.98
5222,Student_5222,19,MECH,61,67.21
5223,Student_5223,23,ECE,57,97.75
5224,Student_5224,19,MECH,48,64.26
5225,Student_5225,18,MECH,82,86.05
5226,Student_5226,21,MECH,50,98.75
5227,Student_5227,18,MECH,56,62.29
5228,Student_5228,20,ECE,82,64.56
5229,Student_5229,20,CIVIL,86,83.08
5230,Student_5230,19,CSE,82,67.03
5231,Student_5231,18,MECH,36,68.29
5232,Student_5232,24,ECE,58,61.18
5233,Student_5233,19,IT,87,99.8
5234,Student_5234,22,CIVIL,36,63.83
5235,Student_5235,20,ECE,85,70.75
5236,Student_5236,24,CSE,42,76.89
5237,Student_5237,18,CSE,92,78.58
5238,Student_5238,24,CSE,62,92.25
5239,Student_5239,18,MECH,59,77.83
5240,Student_5240,24,CSE,78,87.41
5241,Student_5241,18,EEE,60,68.35
5242,Student_5242,21,MECH,58,70.15
5243,Student_5243,20,MECH,63,94.11
5244,Student_5244,24,MECH,55,82.53
5245,Student_5245,24,MECH,90,99.16
5246,Student_5246,22,CSE,63,98.32
5247,Student_5247,18,IT,85,90.25
5248,Student_5248,20,EEE,42,66.25
5249,Student_5249,20,CIVIL,76,64.35
5250,Student_5250,22,ECE,63,65.09
5251,Student_5251,23,ECE,98,67.21
5252,Student_5252,24,CSE,55,95.79
5253,Student_5253,18,MECH,63,73.92
5254,Student_5254,18,EEE,89,62.38
5255,Student_5255,24,MECH,88,78.1
5256,Student_5256,23,EEE,56,78.14
5257,Student_5257,19,CIVIL,73,74.24
5258,Student_5258,19,CIVIL,97,70.59
5259,Student_5259,23,IT,82,60.94
5260,Student_5260,23,CSE,99,94.37
5261,Student_5261,21,EEE,35,76.75
5262,Student_5262,21,EEE,87,93.86
5263,Student_5263,18,ECE,40,81.83
5264,Student_5264,23,IT,48,82.6
5265,Student_5265,24,ECE,40,66.64
5266,Student_5266,24,CSE,82,91.07
5267,Student_5267,20,ECE,39,71.18
5268,Student_5268,22,CIVIL,39,83.39
5269,Student_5269,19,ECE,79,98.28
5270,Student_5270,19,ECE,57,60.26
5271,Student_5271,19,ECE,80,62.69
5272,Student_5272,19,EEE,77,73.76
5273,Student_5273,18,CSE,63,99.57
5274,Student_5274,20,EEE,39,69.04
5275,Student_5275,21,CIVIL,99,92.53
5276,Student_5276,24,CIVIL,71,87.81
5277,Student_5277,19,CIVIL,59,90.2
5278,Student_5278,19,ECE,55,71.78
5279,Student_5279,19,MECH,55,83.68
5280,Student_5280,19,CSE,38,73.87
5281,Student_5281,23,IT,64,64.9
5282,Student_5282,24,EEE,69,63.62
5283,Student_5283,22,CSE,91,91.2
5284,Student_5284,24,CIVIL,85,72.52
5285,Student_5285,24,CIVIL,52,98.06
5286,Student_5286,18,ECE,66,98.68
5287,Student_5287,21,ECE,44,79.24
5288,Student_5288,20,CIVIL,82,71.11
5289,Student_5289,18,CSE,84,67.29
5290,Student_5290,24,EEE,46,82.65
5291,Student_5291,21,EEE,47,83.44
5292,Student_5292,19,MECH,92,63.04
5293,Student_5293,19,CSE,96,74.9
5294,Student_5294,23,MECH,51,97.77
5295,Student_5295,24,EEE,95,72.74
5296,Student_5296,23,CIVIL,86,70.07
5297,Student_5297,18,ECE,38,95.61
5298,Student_5298,21,CSE,92,92.35
5299,Student_5299,19,CSE,35,82.84
5300,Student_5300,19,IT,69,72.62
5301,Student_5301,19,EEE,42,67.64
5302,Student_5302,23,CSE,43,74.15
5303,Student_5303,19,EEE,80,60.4
5304,Student_5304,18,EEE,61,88.79
5305,Student_5305,19,CSE,48,71.98
5306,Student_5306,23,CSE,91,79.4
5307,Student_5307,22,MECH,52,70.44
5308,Student_5308,22,ECE,82,87.7
5309,Student_5309,20,ECE,54,98.83
5310,Student_5310,22,CIVIL,65,88.33
5311,Student_5311,20,IT,76,88.02
5312,Student_5312,22,CSE,58,89.44
5313,Student_5313,18,EEE,96,79.71
5314,Student_5314,21,MECH,83,93.18
5315,Student_5315,19,ECE,65,90.3
5316,Student_5316,22,CIVIL,90,74.17
5317,Student_5317,20,CIVIL,42,66.64
5318,Student_5318,21,IT,72,98.4
5319,Student_5319,20,CSE,77,85.46
5320,Student_5320,24,EEE,59,93.18
5321,Student_5321,22,ECE,76,87.98
5322,Student_5322,23,MECH,52,76.18
5323,Student_5323,19,CSE,100,70.65
5324,Student_5324,21,ECE,56,74.5
5325,Student_5325,19,IT,75,89.48
5326,Student_5326,18,CIVIL,85,66.75
5327,Student_5327,19,ECE,58,94.78
5328,Student_5328,18,CSE,58,74.11
5329,Student_5329,24,IT,86,66.72
5330,Student_5330,20,MECH,57,82.1
5331,Student_5331,19,CIVIL,67,95.23
5332,Student_5332,23,CSE,46,94.04
5333,Student_5333,19,ECE,66,96.88
5334,Student_5334,18,EEE,57,83.76
5335,Student_5335,24,CSE,88,75.78
5336,Student_5336,24,IT,91,61.59
5337,Student_5337,21,MECH,35,70.49
5338,Student_5338,24,EEE,41,98.51
5339,Student_5339,20,MECH,59,67.4
5340,Student_5340,21,EEE,40,60.75
5341,Student_5341,19,CIVIL,44,62.0
5342,Student_5342,24,CSE,63,69.82
5343,Student_5343,24,ECE,57,65.38
5344,Student_5344,20,MECH,46,63.47
5345,Student_5345,22,ECE,83,94.09
5346,Student_5346,23,CSE,88,98.6
5347,Student_5347,22,ECE,94,79.43
5348,Student_5348,18,EEE,86,71.24
5349,Student_5349,18,IT,88,93.24
5350,Student_5350,18,MECH,90,94.81
5351,Student_5351,21,EEE,62,88.35
5352,Student_5352,23,EEE,36,60.59
5353,Student_5353,20,ECE,94,66.94
5354,Student_5354,20,MECH,46,77.79
5355,Student_5355,21,IT,53,94.3
5356,Student_5356,23,CSE,61,99.32
5357,Student_5357,19,MECH,49,60.5
5358,Student_5358,24,CIVIL,68,71.32
5359,Student_5359,18,MECH,73,65.49
5360,Student_5360,19,IT,47,75.56
5361,Student_5361,20,EEE,49,96.62
5362,Student_5362,19,MECH,57,78.56
5363,Student_5363,23,MECH,81,79.06
5364,Student_5364,21,CSE,89,94.35
5365,Student_5365,19,EEE,72,67.2
5366,Student_5366,18,EEE,89,92.35
5367,Student_5367,21,EEE,78,64.0
5368,Student_5368,22,MECH,37,99.92
5369,Student_5369,24,MECH,59,66.9
5370,Student_5370,23,ECE,40,95.29
5371,Student_5371,20,CIVIL,63,77.81
5372,Student_5372,20,EEE,44,90.74
5373,Student_5373,19,ECE,69,73.81
5374,Student_5374,24,EEE,60,80.04
5375,Student_5375,21,CIVIL,67,77.95
5376,Student_5376,24,CSE,56,74.36
5377,Student_5377,20,CIVIL,82,89.81
5378,Student_5378,21,ECE,88,82.38
5379,Student_5379,18,EEE,94,66.92
5380,Student_5380,22,MECH,69,62.53
5381,Student_5381,18,CSE,78,69.09
5382,Student_5382,24,EEE,75,79.27
5383,Student_5383,20,ECE,46,75.63
5384,Student_5384,20,ECE,76,91.21
5385,Student_5385,22,CSE,39,83.26
5386,Student_5386,19,MECH,44,70.47
5387,Student_5387,21,CSE,74,79.55
5388,Student_5388,23,IT,87,89.48
5389,Student_5389,20,ECE,93,80.21
5390,Student_5390,22,EEE,70,68.49
5391,Student_5391,18,MECH,83,63.29
5392,Student_5392,24,MECH,79,95.14
5393,Student_5393,20,MECH,94,65.25
5394,Student_5394,21,ECE,86,82.14
5395,Student_5395,24,CSE,82,86.36
5396,Student_5396,23,CSE,82,92.66
5397,Student_5397,23,CIVIL,39,97.54
5398,Student_5398,19,MECH,95,96.98
5399,Student_5399,19,CIVIL,49,60.44
5400,Student_5400,22,EEE,77,61.64
5401,Student_5401,21,IT,84,60.82
5402,Student_5402,19,EEE,87,90.12
5403,Student_5403,21,CSE,78,95.98
5404,Student_5404,19,IT,66,77.77
5405,Student_5405,21,CIVIL,100,69.83
5406,Student_5406,18,MECH,96,85.78
5407,Student_5407,23,ECE,37,92.7
5408,Student_5408,21,IT,50,81.92
5409,Student_5409,19,ECE,58,76.83
5410,Student_5410,24,MECH,70,91.04
5411,Student_5411,22,CSE,100,78.08
5412,Student_5412,23,CIVIL,90,73.16
5413,Student_5413,22,EEE,40,75.49
5414,Student_5414,24,ECE,88,68.17
5415,Student_5415,23,ECE,100,87.74
5416,Student_5416,24,CIVIL,96,99.5
5417,Student_5417,18,IT,75,91.95
5418,Student_5418,23,EEE,37,93.75
5419,Student_5419,23,EEE,52,65.56
5420,Student_5420,18,IT,93,62.35
5421,Student_5421,23,CIVIL,89,90.6
5422,Student_5422,24,CSE,86,87.31
5423,Student_5423,21,CSE,87,75.63
5424,Student_5424,19,CSE,43,76.09
5425,Student_5425,19,CIVIL,36,78.98
5426,Student_5426,24,CIVIL,57,90.67
5427,Student_5427,22,CIVIL,45,86.92
5428,Student_5428,22,CIVIL,55,79.62
5429,Student_5429,22,ECE,88,88.1
5430,Student_5430,24,ECE,64,78.55
5431,Student_5431,21,IT,35,81.36
5432,Student_5432,24,EEE,68,66.86
5433,Student_5433,22,EEE,55,61.21
5434,Student_5434,23,IT,65,98.9
5435,Student_5435,18,IT,65,98.31
5436,Student_5436,20,IT,37,64.52
5437,Student_5437,20,CIVIL,88,77.99
5438,Student_5438,21,CIVIL,57,62.54
5439,Student_5439,20,CIVIL,91,67.59
5440,Student_5440,20,EEE,55,98.34
5441,Student_5441,20,ECE,100,89.7
5442,Student_5442,20,IT,66,92.47
5443,Student_5443,23,ECE,44,78.64
5444,Student_5444,22,CSE,88,78.86
5445,Student_5445,24,CSE,84,85.36
5446,Student_5446,23,EEE,63,87.11
5447,Student_5447,20,IT,41,64.12
5448,Student_5448,23,EEE,53,96.05
5449,Student_5449,23,CIVIL,46,73.14
5450,Student_5450,19,MECH,40,64.58
5451,Student_5451,18,CIVIL,54,76.49
5452,Student_5452,20,CSE,92,95.19
5453,Student_5453,19,CSE,100,85.16
5454,Student_5454,18,CIVIL,43,78.17
5455,Student_5455,21,ECE,56,84.03
5456,Student_5456,21,CIVIL,57,86.05
5457,Student_5457,24,EEE,73,93.7
5458,Student_5458,20,CSE,37,78.31
5459,Student_5459,22,CIVIL,78,98.06
5460,Student_5460,19,IT,94,85.25
5461,Student_5461,18,CSE,88,81.59
5462,Student_5462,21,CIVIL,49,88.77
5463,Student_5463,21,CSE,56,91.99
5464,Student_5464,21,MECH,51,60.62
5465,Student_5465,18,CIVIL,52,93.63
5466,Student_5466,19,CIVIL,50,78.25
5467,Student_5467,23,ECE,88,67.78
5468,Student_5468,20,EEE,69,68.73
5469,Student_5469,24,CIVIL,83,85.21
5470,Student_5470,19,IT,67,73.36
5471,Student_5471,22,IT,97,96.0
5472,Student_5472,18,ECE,36,89.43
5473,Student_5473,20,IT,53,71.93
5474,Student_5474,23,EEE,62,76.31
5475,Student_5475,18,CIVIL,46,97.55
5476,Student_5476,19,ECE,93,74.57
5477,Student_5477,18,ECE,69,82.8
5478,Student_5478,21,IT,42,70.0
5479,Student_5479,21,IT,92,60.03
5480,Student_5480,24,EEE,66,75.02
5481,Student_5481,19,IT,74,61.68
5482,Student_5482,20,ECE,89,70.23
5483,Student_5483,24,CSE,91,91.59
5484,Student_5484,24,EEE,37,98.84
5485,Student_5485,24,MECH,69,93.62
5486,Student_5486,22,CIVIL,53,64.75
5487,Student_5487,24,IT,92,99.92
5488,Student_5488,19,CIVIL,82,71.06
5489,Student_5489,23,MECH,87,66.09
5490,Student_5490,19,ECE,64,77.12
5491,Student_5491,21,MECH,94,84.17
5492,Student_5492,22,CIVIL,87,71.35
5493,Student_5493,18,ECE,82,83.26
5494,Student_5494,22,MECH,57,65.4
5495,Student_5495,18,EEE,58,84.19
5496,Student_5496,21,ECE,56,98.45
5497,Student_5497,22,CIVIL,51,60.44
5498,Student_5498,21,MECH,44,98.66
5499,Student_5499,22,CIVIL,87,67.08
5500,Student_5500,20,MECH,54,83.52
5501,Student_5501,23,CIVIL,66,68.61
5502,Student_5502,24,CIVIL,96,94.61
5503,Student_5503,21,CIVIL,100,78.56
5504,Student_5504,21,MECH,58,74.89
5505,Student_5505,24,MECH,36,72.04
5506,Student_5506,19,EEE,57,61.95
5507,Student_5507,24,EEE,66,63.83
5508,Student_5508,19,CIVIL,59,99.04
5509,Student_5509,22,CSE,54,99.64
5510,Student_5510,21,CSE,38,60.18
5511,Student_5511,18,EEE,73,61.99
5512,Student_5512,23,IT,94,97.2
5513,Student_5513,19,CIVIL,43,98.26
5514,Student_5514,20,IT,64,94.12
5515,Student_5515,24,EEE,44,68.71
5516,Student_5516,18,CSE,61,80.66
5517,Student_5517,22,MECH,76,66.09
5518,Student_5518,23,CIVIL,95,65.3
5519,Student_5519,22,CIVIL,90,85.78
5520,Student_5520,24,IT,84,71.88
5521,Student_5521,23,IT,52,71.87
5522,Student_5522,18,EEE,54,62.22
5523,Student_5523,19,ECE,78,93.27
5524,Student_5524,18,CIVIL,97,99.73
5525,Student_5525,21,CIVIL,48,84.9
5526,Student_5526,20,CIVIL,86,65.0
5527,Student_5527,22,CIVIL,39,85.96
5528,Student_5528,24,EEE,86,81.36
5529,Student_5529,18,CSE,95,86.36
5530,Student_5530,19,IT,35,77.94
5531,Student_5531,21,MECH,47,97.46
5532,Student_5532,21,CIVIL,77,99.13
5533,Student_5533,19,IT,72,93.98
5534,Student_5534,18,EEE,66,91.82
5535,Student_5535,20,MECH,67,64.82
5536,Student_5536,19,EEE,63,98.57
5537,Student_5537,23,ECE,96,86.42
5538,Student_5538,20,MECH,47,60.51
5539,Student_5539,21,MECH,98,67.86
5540,Student_5540,19,CSE,98,99.62
5541,Student_5541,20,CSE,63,76.76
5542,Student_5542,24,CIVIL,57,98.64
5543,Student_5543,19,IT,77,93.33
5544,Student_5544,23,CIVIL,44,83.63
5545,Student_5545,22,MECH,59,68.4
5546,Student_5546,18,ECE,73,89.27
5547,Student_5547,24,EEE,74,71.0
5548,Student_5548,21,EEE,35,91.19
5549,Student_5549,21,MECH,38,77.76
5550,Student_5550,22,MECH,51,90.98
5551,Student_5551,20,CSE,35,87.67
5552,Student_5552,21,MECH,76,63.05
5553,Student_5553,24,CIVIL,44,91.46
5554,Student_5554,23,CSE,80,63.59
5555,Student_5555,23,ECE,56,94.56
5556,Student_5556,22,EEE,45,70.72
5557,Student_5557,21,ECE,67,61.48
5558,Student_5558,24,CSE,80,80.36
5559,Student_5559,20,EEE,45,89.16
5560,Student_5560,24,CSE,76,95.81
5561,Student_5561,21,EEE,69,88.73
5562,Student_5562,22,MECH,81,69.96
5563,Student_5563,23,CSE,85,61.88
5564,Student_5564,21,MECH,35,62.02
5565,Student_5565,18,CIVIL,66,95.69
5566,Student_5566,24,CSE,74,72.76
5567,Student_5567,20,CSE,70,99.39
5568,Student_5568,24,ECE,54,67.13
5569,Student_5569,24,CIVIL,38,87.24
5570,Student_5570,22,MECH,85,90.76
5571,Student_5571,24,IT,40,69.54
5572,Student_5572,20,CIVIL,86,87.38
5573,Student_5573,20,IT,37,86.4
5574,Student_5574,22,CIVIL,36,66.06
5575,Student_5575,20,ECE,78,63.62
5576,Student_5576,21,EEE,90,88.37
5577,Student_5577,19,ECE,65,73.7
5578,Student_5578,21,ECE,60,62.22
5579,Student_5579,19,CIVIL,94,72.0
5580,Student_5580,24,CSE,99,96.32
5581,Student_5581,18,MECH,97,61.7
5582,Student_5582,23,CIVIL,96,99.7
5583,Student_5583,18,CIVIL,56,61.64
5584,Student_5584,23,IT,50,83.98
5585,Student_5585,22,CSE,71,94.63
5586,Student_5586,18,CSE,60,87.23
5587,Student_5587,19,MECH,83,64.01
5588,Student_5588,20,CIVIL,70,82.14
5589,Student_5589,22,CSE,78,66.52
5590,Student_5590,21,ECE,58,86.33
5591,Student_5591,18,CIVIL,86,61.29
5592,Student_5592,21,IT,55,65.87
5593,Student_5593,20,ECE,95,87.12
5594,Student_5594,21,MECH,69,74.53
5595,Student_5595,20,EEE,96,89.06
5596,Student_5596,24,CSE,52,96.74
5597,Student_5597,19,CSE,91,90.03
5598,Student_5598,20,MECH,44,92.91
5599,Student_5599,22,EEE,66,83.06
5600,Student_5600,21,MECH,84,99.91
5601,Student_5601,19,MECH,58,69.93
5602,Student_5602,23,CIVIL,83,96.91
5603,Student_5603,20,ECE,36,65.51
5604,Student_5604,21,CSE,73,60.66
5605,Student_5605,20,MECH,92,60.24
5606,Student_5606,21,CIVIL,86,61.94
5607,Student_5607,24,CSE,85,69.46
5608,Student_5608,21,MECH,65,77.36
5609,Student_5609,18,EEE,40,65.17
5610,Student_5610,22,IT,46,85.88
5611,Student_5611,21,EEE,36,84.95
5612,Student_5612,22,CSE,36,94.38
5613,Student_5613,22,CSE,50,99.54
5614,Student_5614,18,IT,65,85.56
5615,Student_5615,19,EEE,52,60.93
5616,Student_5616,20,EEE,55,87.54
5617,Student_5617,24,MECH,82,82.74
5618,Student_5618,23,CIVIL,81,69.25
5619,Student_5619,18,CIVIL,58,98.77
5620,Student_5620,18,CSE,90,61.72
5621,Student_5621,24,MECH,79,96.69
5622,Student_5622,21,EEE,76,70.31
5623,Student_5623,20,IT,52,61.75
5624,Student_5624,20,IT,71,87.74
5625,Student_5625,20,ECE,100,63.62
5626,Student_5626,22,CSE,50,88.73
5627,Student_5627,22,MECH,79,85.17
5628,Student_5628,22,ECE,71,95.45
5629,Student_5629,24,EEE,77,75.93
5630,Student_5630,21,ECE,56,83.88
5631,Student_5631,23,EEE,54,64.93
5632,Student_5632,22,MECH,41,72.6
5633,Student_5633,21,MECH,36,69.39
5634,Student_5634,24,MECH,48,92.43
5635,Student_5635,24,ECE,74,81.67
5636,Student_5636,18,MECH,36,71.85
5637,Student_5637,24,IT,54,90.31
5638,Student_5638,21,CSE,51,67.87
5639,Student_5639,24,CSE,81,80.16
5640,Student_5640,18,CSE,82,98.2
5641,Student_5641,23,CSE,43,77.65
5642,Student_5642,23,IT,46,76.93
5643,Student_5643,24,CSE,75,76.93
5644,Student_5644,20,CIVIL,91,82.88
5645,Student_5645,20,ECE,57,70.23
5646,Student_5646,18,ECE,66,83.63
5647,Student_5647,20,MECH,68,62.26
5648,Student_5648,21,EEE,81,68.55
5649,Student_5649,23,EEE,94,83.34
5650,Student_5650,20,IT,93,64.92
5651,Student_5651,23,CSE,85,77.39
5652,Student_5652,23,EEE,86,83.23
5653,Student_5653,21,EEE,84,95.41
5654,Student_5654,22,ECE,59,95.24
5655,Student_5655,23,CIVIL,98,70.55
5656,Student_5656,23,CIVIL,93,75.84
5657,Student_5657,18,EEE,94,61.97
5658,Student_5658,19,ECE,96,93.9
5659,Student_5659,24,IT,46,81.68
5660,Student_5660,19,CSE,47,82.55
5661,Student_5661,19,CSE,81,77.3
5662,Student_5662,19,ECE,59,94.01
5663,Student_5663,19,IT,96,68.51
5664,Student_5664,23,ECE,61,82.62
5665,Student_5665,24,MECH,72,70.36
5666,Student_5666,19,CIVIL,52,72.89
5667,Student_5667,24,ECE,85,97.39
5668,Student_5668,21,MECH,58,70.33
5669,Student_5669,21,MECH,65,84.88
5670,Student_5670,23,ECE,63,88.84
5671,Student_5671,24,EEE,53,61.87
5672,Student_5672,19,IT,58,60.87
5673,Student_5673,18,EEE,35,62.61
5674,Student_5674,22,ECE,64,90.45
5675,Student_5675,19,CIVIL,70,71.73
5676,Student_5676,19,EEE,98,86.39
5677,Student_5677,22,CIVIL,54,95.58
5678,Student_5678,18,IT,96,73.26
5679,Student_5679,20,CSE,77,93.71
5680,Student_5680,23,EEE,51,95.87
5681,Student_5681,18,MECH,76,77.46
5682,Student_5682,23,CIVIL,43,68.07
5683,Student_5683,19,CSE,38,60.15
5684,Student_5684,24,MECH,71,99.39
5685,Student_5685,19,IT,54,67.37
5686,Student_5686,24,MECH,54,96.54
5687,Student_5687,21,MECH,94,78.67
5688,Student_5688,19,CSE,88,95.47
5689,Student_5689,22,IT,39,98.2
5690,Student_5690,21,EEE,96,61.13
5691,Student_5691,24,MECH,35,68.29
5692,Student_5692,20,CSE,65,75.14
5693,Student_5693,18,EEE,75,66.78
5694,Student_5694,22,EEE,52,85.21
5695,Student_5695,18,IT,39,85.61
5696,Student_5696,24,IT,73,89.12
5697,Student_5697,19,MECH,69,60.74
5698,Student_5698,23,MECH,95,91.26
5699,Student_5699,20,CIVIL,56,77.12
5700,Student_5700,21,ECE,82,82.77
5701,Student_5701,18,MECH,55,60.55
5702,Student_5702,18,ECE,86,67.64
5703,Student_5703,22,IT,80,85.37
5704,Student_5704,24,MECH,68,97.83
5705,Student_5705,23,CSE,71,82.95
5706,Student_5706,20,EEE,97,85.83
5707,Student_5707,19,CSE,62,99.24
5708,Student_5708,23,CIVIL,97,89.94
5709,Student_5709,24,CIVIL,70,93.68
5710,Student_5710,22,CSE,67,83.95
5711,Student_5711,23,CIVIL,89,61.38
5712,Student_5712,23,CIVIL,75,92.55
5713,Student_5713,18,EEE,61,65.72
5714,Student_5714,21,MECH,72,68.66
5715,Student_5715,19,IT,63,99.01
5716,Student_5716,20,MECH,47,65.23
5717,Student_5717,19,IT,44,86.42
5718,Student_5718,18,EEE,71,82.5
5719,Student_5719,20,ECE,67,60.65
5720,Student_5720,23,CSE,58,87.4
5721,Student_5721,21,IT,55,65.5
5722,Student_5722,19,CIVIL,73,97.56
5723,Student_5723,20,ECE,55,73.64
5724,Student_5724,23,MECH,99,87.84
5725,Student_5725,18,CIVIL,99,81.05
5726,Student_5726,19,ECE,92,81.03
5727,Student_5727,22,IT,96,62.31
5728,Student_5728,23,CIVIL,72,62.7
5729,Student_5729,22,CSE,84,87.9
5730,Student_5730,23,ECE,67,83.02
5731,Student_5731,20,MECH,74,78.7
5732,Student_5732,22,CIVIL,69,75.66
5733,Student_5733,24,IT,76,80.61
5734,Student_5734,23,MECH,69,82.69
5735,Student_5735,24,MECH,59,95.34
5736,Student_5736,22,ECE,35,94.25
5737,Student_5737,24,MECH,54,68.05
5738,Student_5738,24,CSE,41,93.58
5739,Student_5739,18,CIVIL,53,76.69
5740,Student_5740,21,MECH,51,60.3
5741,Student_5741,21,EEE,80,96.03
5742,Student_5742,23,MECH,99,76.25
5743,Student_5743,20,EEE,98,86.62
5744,Student_5744,22,MECH,76,73.11
5745,Student_5745,24,EEE,98,74.08
5746,Student_5746,19,EEE,95,77.24
5747,Student_5747,18,CSE,41,75.46
5748,Student_5748,21,EEE,88,92.33
5749,Student_5749,24,ECE,72,87.33
5750,Student_5750,20,CSE,88,75.3
5751,Student_5751,20,EEE,48,66.16
5752,Student_5752,20,EEE,68,62.75
5753,Student_5753,22,CIVIL,95,97.32
5754,Student_5754,18,ECE,60,68.06
5755,Student_5755,21,CIVIL,89,60.68
5756,Student_5756,24,ECE,75,92.82
5757,Student_5757,24,CSE,43,78.11
5758,Student_5758,19,MECH,59,61.82
5759,Student_5759,22,EEE,69,66.16
5760,Student_5760,19,CIVIL,87,62.43
5761,Student_5761,18,IT,77,89.25
5762,Student_5762,22,CIVIL,63,61.22
5763,Student_5763,22,EEE,43,68.5
5764,Student_5764,23,CIVIL,36,83.36
5765,Student_5765,21,IT,43,92.95
5766,Student_5766,21,CIVIL,97,94.72
5767,Student_5767,24,CIVIL,97,65.4
5768,Student_5768,20,EEE,54,82.21
5769,Student_5769,18,ECE,81,75.57
5770,Student_5770,20,CIVIL,36,71.95
5771,Student_5771,18,MECH,61,74.16
5772,Student_5772,24,MECH,97,71.97
5773,Student_5773,22,CSE,76,79.93
5774,Student_5774,23,ECE,67,87.07
5775,Student_5775,20,CIVIL,40,65.61
5776,Student_5776,21,CSE,56,88.69
5777,Student_5777,20,EEE,53,86.03
5778,Student_5778,24,CSE,64,98.78
5779,Student_5779,20,CIVIL,52,73.28
5780,Student_5780,20,CIVIL,37,78.75
5781,Student_5781,24,EEE,54,61.63
5782,Student_5782,18,CIVIL,91,86.6
5783,Student_5783,21,EEE,90,78.41
5784,Student_5784,22,EEE,49,86.25
5785,Student_5785,18,CIVIL,89,89.51
5786,Student_5786,23,CIVIL,55,68.06
5787,Student_5787,22,CIVIL,51,93.56
5788,Student_5788,20,IT,85,87.85
5789,Student_5789,24,EEE,48,82.82
5790,Student_5790,19,ECE,63,66.73
5791,Student_5791,21,CSE,81,88.9
5792,Student_5792,21,IT,70,66.63
5793,Student_5793,21,MECH,72,97.12
5794,Student_5794,19,CSE,91,67.7
5795,Student_5795,18,MECH,86,67.27
5796,Student_5796,22,ECE,46,74.86
5797,Student_5797,24,CIVIL,46,78.75
5798,Student_5798,22,ECE,72,91.16
5799,Student_5799,21,EEE,78,82.53
5800,Student_5800,21,CIVIL,37,97.34
5801,Student_5801,19,ECE,52,78.41
5802,Student_5802,19,ECE,95,64.76
5803,Student_5803,22,CIVIL,38,99.23
5804,Student_5804,19,ECE,95,87.17
5805,Student_5805,22,CSE,39,88.34
5806,Student_5806,24,MECH,75,92.96
5807,Student_5807,24,IT,92,62.23
5808,Student_5808,22,EEE,94,99.38
5809,Student_5809,22,EEE,68,62.82
5810,Student_5810,24,MECH,88,79.86
5811,Student_5811,20,ECE,44,99.55
5812,Student_5812,24,CIVIL,40,93.72
5813,Student_5813,23,ECE,94,80.57
5814,Student_5814,20,CIVIL,43,72.82
5815,Student_5815,22,CSE,73,74.78
5816,Student_5816,22,IT,84,66.71
5817,Student_5817,24,CIVIL,61,80.22
5818,Student_5818,22,CIVIL,91,76.44
5819,Student_5819,22,CSE,54,98.38
5820,Student_5820,23,MECH,86,63.17
5821,Student_5821,19,CIVIL,86,87.25
5822,Student_5822,19,CSE,38,85.28
5823,Student_5823,20,IT,46,81.89
5824,Student_5824,24,CIVIL,47,66.19
5825,Student_5825,22,IT,84,93.89
5826,Student_5826,24,CSE,100,90.68
5827,Student_5827,24,CSE,97,60.28
5828,Student_5828,21,MECH,39,94.92
5829,Student_5829,18,MECH,51,68.78
5830,Student_5830,24,ECE,53,75.5
5831,Student_5831,22,ECE,63,71.0
5832,Student_5832,23,CIVIL,90,86.45
5833,Student_5833,22,MECH,40,69.7
5834,Student_5834,20,CSE,88,79.63
5835,Student_5835,21,CIVIL,87,94.49
5836,Student_5836,24,IT,63,99.86
5837,Student_5837,19,EEE,80,87.62
5838,Student_5838,18,MECH,91,69.45
5839,Student_5839,18,ECE,62,64.01
5840,Student_5840,20,EEE,40,87.25
5841,Student_5841,24,EEE,91,87.04
5842,Student_5842,18,EEE,51,85.75
5843,Student_5843,22,MECH,63,80.66
5844,Student_5844,23,EEE,68,61.79
5845,Student_5845,20,CIVIL,61,64.19
5846,Student_5846,18,EEE,43,72.34
5847,Student_5847,21,CSE,48,90.1
5848,Student_5848,19,IT,76,94.03
5849,Student_5849,19,MECH,91,64.55
5850,Student_5850,23,MECH,44,89.75
5851,Student_5851,22,IT,91,95.13
5852,Student_5852,21,CIVIL,92,81.51
5853,Student_5853,24,ECE,64,85.55
5854,Student_5854,20,IT,69,74.29
5855,Student_5855,22,EEE,68,76.48
5856,Student_5856,21,CIVIL,72,60.99
5857,Student_5857,24,ECE,89,89.03
5858,Student_5858,21,EEE,37,62.66
5859,Student_5859,19,ECE,75,79.19
5860,Student_5860,24,MECH,99,86.48
5861,Student_5861,24,CSE,80,83.29
5862,Student_5862,21,EEE,92,88.26
5863,Student_5863,19,CIVIL,53,86.5
5864,Student_5864,19,CSE,100,75.74
5865,Student_5865,22,IT,61,88.43
5866,Student_5866,19,CIVIL,46,73.26
5867,Student_5867,20,IT,73,85.7
5868,Student_5868,24,ECE,64,67.0
5869,Student_5869,18,MECH,82,62.76
5870,Student_5870,20,IT,67,81.5
5871,Student_5871,22,MECH,84,60.96
5872,Student_5872,21,ECE,73,71.67
5873,Student_5873,21,MECH,67,75.55
5874,Student_5874,23,CSE,79,89.72
5875,Student_5875,22,EEE,71,86.01
5876,Student_5876,23,MECH,69,89.63
5877,Student_5877,22,CSE,89,62.55
5878,Student_5878,18,EEE,36,97.93
5879,Student_5879,19,CSE,100,86.58
5880,Student_5880,21,CIVIL,44,85.82
5881,Student_5881,20,CSE,64,91.51
5882,Student_5882,20,EEE,96,75.46
5883,Student_5883,18,IT,67,92.69
5884,Student_5884,19,IT,97,92.43
5885,Student_5885,20,CSE,51,83.66
5886,Student_5886,23,ECE,86,71.54
5887,Student_5887,23,ECE,60,90.83
5888,Student_5888,18,ECE,89,98.47
5889,Student_5889,23,EEE,38,83.01
5890,Student_5890,23,CIVIL,84,88.28
5891,Student_5891,19,CSE,59,76.62
5892,Student_5892,21,MECH,50,83.99
5893,Student_5893,21,MECH,87,77.42
5894,Student_5894,18,CSE,52,99.9
5895,Student_5895,23,MECH,65,71.12
5896,Student_5896,24,CSE,52,91.74
5897,Student_5897,24,ECE,52,87.2
5898,Student_5898,19,EEE,40,62.89
5899,Student_5899,19,IT,91,98.88
5900,Student_5900,22,ECE,88,79.53
5901,Student_5901,22,IT,37,63.75
5902,Student_5902,24,MECH,44,73.1
5903,Student_5903,23,EEE,70,92.57
5904,Student_5904,18,EEE,72,61.08
5905,Student_5905,19,ECE,66,91.07
5906,Student_5906,20,CSE,93,72.16
5907,Student_5907,21,EEE,90,95.27
5908,Student_5908,19,MECH,41,64.4
5909,Student_5909,21,ECE,97,90.06
5910,Student_5910,21,ECE,43,82.7
5911,Student_5911,24,EEE,83,95.75
5912,Student_5912,23,EEE,80,83.31
5913,Student_5913,19,IT,58,79.44
5914,Student_5914,21,MECH,68,92.48
5915,Student_5915,20,CIVIL,40,61.05
5916,Student_5916,24,CIVIL,76,60.1
5917,Student_5917,19,IT,77,73.73
5918,Student_5918,23,IT,61,93.27
5919,Student_5919,24,EEE,71,97.01
5920,Student_5920,20,CIVIL,86,79.24
5921,Student_5921,19,CIVIL,64,82.91
5922,Student_5922,20,MECH,65,98.27
5923,Student_5923,18,EEE,81,71.04
5924,Student_5924,23,IT,45,74.95
5925,Student_5925,21,EEE,60,65.95
5926,Student_5926,18,CSE,68,87.87
5927,Student_5927,22,MECH,94,83.59
5928,Student_5928,20,ECE,43,65.36
5929,Student_5929,23,CSE,72,60.56
5930,Student_5930,20,EEE,66,77.63
5931,Student_5931,23,MECH,89,63.79
5932,Student_5932,19,CSE,82,80.08
5933,Student_5933,18,CSE,96,98.6
5934,Student_5934,18,EEE,61,83.29
5935,Student_5935,20,CSE,43,70.01
5936,Student_5936,21,MECH,87,66.83
5937,Student_5937,18,CSE,97,91.94
5938,Student_5938,18,CIVIL,93,63.89
5939,Student_5939,22,IT,86,85.23
5940,Student_5940,20,MECH,73,65.15
5941,Student_5941,24,MECH,41,76.26
5942,Student_5942,22,IT,35,65.71
5943,Student_5943,21,CIVIL,60,69.78
5944,Student_5944,24,IT,44,74.89
5945,Student_5945,20,ECE,60,60.49
5946,Student_5946,18,CSE,58,67.81
5947,Student_5947,19,CIVIL,90,94.97
5948,Student_5948,23,IT,77,96.4
5949,Student_5949,18,IT,76,96.62
5950,Student_5950,19,ECE,71,89.64
5951,Student_5951,18,EEE,54,61.09
5952,Student_5952,21,MECH,39,64.12
5953,Student_5953,18,EEE,75,89.54
5954,Student_5954,22,ECE,37,63.82
5955,Student_5955,24,MECH,89,95.71
5956,Student_5956,19,IT,53,65.15
5957,Student_5957,24,ECE,70,61.49
5958,Student_5958,20,ECE,51,67.37
5959,Student_5959,19,CSE,82,75.11
5960,Student_5960,23,CSE,47,98.44
5961,Student_5961,23,CIVIL,40,94.01
5962,Student_5962,18,ECE,67,81.37
5963,Student_5963,19,ECE,47,67.7
5964,Student_5964,23,ECE,81,67.26
5965,Student_5965,21,CSE,62,66.33
5966,Student_5966,23,CIVIL,67,73.42
5967,Student_5967,24,MECH,71,73.33
5968,Student_5968,19,EEE,58,80.02
5969,Student_5969,20,EEE,91,77.13
5970,Student_5970,18,ECE,68,83.35
5971,Student_5971,21,MECH,59,70.7
5972,Student_5972,23,CSE,80,69.9
5973,Student_5973,24,MECH,95,85.0
5974,Student_5974,24,ECE,70,86.47
5975,Student_5975,22,IT,81,67.09
5976,Student_5976,21,ECE,80,76.19
5977,Student_5977,24,CSE,77,87.53
5978,Student_5978,21,MECH,82,92.56
5979,Student_5979,22,CSE,69,79.52
5980,Student_5980,21,ECE,82,91.5
5981,Student_5981,24,IT,100,62.42
5982,Student_5982,21,MECH,73,64.21
5983,Student_5983,21,EEE,63,69.97
5984,Student_5984,24,CIVIL,82,66.37
5985,Student_5985,21,EEE,85,77.37
5986,Student_5986,20,IT,64,73.52
5987,Student_5987,22,CIVIL,87,65.09
5988,Student_5988,23,CIVIL,78,89.92
5989,Student_5989,19,EEE,60,95.1
5990,Student_5990,23,MECH,98,96.95
5991,Student_5991,19,EEE,48,73.55
5992,Student_5992,18,ECE,93,94.54
5993,Student_5993,23,MECH,60,89.8
5994,Student_5994,22,ECE,76,70.86
5995,Student_5995,23,EEE,87,81.94
5996,Student_5996,22,IT,89,69.85
5997,Student_5997,22,CSE,87,91.39
5998,Student_5998,21,IT,53,71.84
5999,Student_5999,21,CIVIL,65,84.64
6000,Student_6000,24,CIVIL,44,76.61
6001,Student_6001,20,ECE,99,63.33
6002,Student_6002,21,CIVIL,60,87.79
6003,Student_6003,18,CSE,66,60.92
6004,Student_6004,24,ECE,95,65.23
6005,Student_6005,18,MECH,56,91.0
6006,Student_6006,24,CSE,47,70.95
6007,Student_6007,22,MECH,96,98.36
6008,Student_6008,23,CSE,52,75.46
6009,Student_6009,20,CIVIL,61,64.71
6010,Student_6010,18,EEE,85,91.35
6011,Student_6011,22,EEE,91,75.87
6012,Student_6012,20,IT,70,93.53
6013,Student_6013,23,CIVIL,56,75.54
6014,Student_6014,23,EEE,79,90.03
6015,Student_6015,19,ECE,48,78.4
6016,Student_6016,23,CIVIL,73,60.45
6017,Student_6017,21,CIVIL,68,80.23
6018,Student_6018,23,CSE,49,67.26
6019,Student_6019,21,IT,84,88.74
6020,Student_6020,22,MECH,46,84.82
6021,Student_6021,21,IT,38,76.47
6022,Student_6022,22,ECE,62,73.15
6023,Student_6023,22,CSE,39,64.2
6024,Student_6024,21,CSE,56,74.0
6025,Student_6025,24,CIVIL,38,64.54
6026,Student_6026,24,IT,66,82.71
6027,Student_6027,20,IT,39,90.46
6028,Student_6028,18,ECE,63,69.26
6029,Student_6029,20,ECE,95,96.71
6030,Student_6030,21,MECH,61,98.28
6031,Student_6031,20,CIVIL,47,71.26
6032,Student_6032,24,CIVIL,68,63.54
6033,Student_6033,18,CSE,90,79.74
6034,Student_6034,19,CSE,44,99.76
6035,Student_6035,22,CSE,48,76.02
6036,Student_6036,20,CIVIL,45,90.87
6037,Student_6037,18,EEE,55,95.75
6038,Student_6038,18,ECE,88,94.13
6039,Student_6039,18,MECH,39,89.92
6040,Student_6040,18,CIVIL,40,69.86
6041,Student_6041,19,CSE,60,70.31
6042,Student_6042,23,EEE,73,82.14
6043,Student_6043,19,CSE,61,72.77
6044,Student_6044,18,MECH,42,87.81
6045,Student_6045,22,IT,47,79.43
6046,Student_6046,22,CSE,61,96.83
6047,Student_6047,21,CSE,45,72.96
6048,Student_6048,21,CSE,46,91.63
6049,Student_6049,18,ECE,52,91.31
6050,Student_6050,18,CIVIL,74,97.05
6051,Student_6051,24,CSE,52,72.14
6052,Student_6052,21,IT,35,66.46
6053,Student_6053,22,CIVIL,46,71.57
6054,Student_6054,18,ECE,93,94.04
6055,Student_6055,20,EEE,52,96.35
6056,Student_6056,23,CSE,62,98.79
6057,Student_6057,21,CIVIL,82,79.63
6058,Student_6058,20,MECH,59,84.21
6059,Student_6059,19,CIVIL,45,61.5
6060,Student_6060,23,MECH,73,84.59
6061,Student_6061,18,IT,83,64.88
6062,Student_6062,22,EEE,56,69.98
6063,Student_6063,19,CSE,79,71.36
6064,Student_6064,18,CSE,65,63.3
6065,Student_6065,20,ECE,77,62.06
6066,Student_6066,22,IT,90,98.63
6067,Student_6067,19,MECH,43,76.26
6068,Student_6068,20,EEE,78,66.69
6069,Student_6069,20,ECE,98,89.58
6070,Student_6070,18,CSE,52,85.32
6071,Student_6071,20,MECH,43,97.37
6072,Student_6072,21,CIVIL,70,80.82
6073,Student_6073,20,MECH,84,84.18
6074,Student_6074,22,CIVIL,63,99.25
6075,Student_6075,18,EEE,48,83.63
6076,Student_6076,23,IT,78,77.31
6077,Student_6077,20,IT,86,68.33
6078,Student_6078,20,CIVIL,72,95.46
6079,Student_6079,24,ECE,92,85.53
6080,Student_6080,18,MECH,54,75.59
6081,Student_6081,19,IT,81,76.2
6082,Student_6082,18,EEE,83,94.96
6083,Student_6083,21,CSE,40,63.32
6084,Student_6084,24,IT,70,64.45
6085,Student_6085,19,CSE,83,80.37
6086,Student_6086,21,ECE,68,61.62
6087,Student_6087,23,CIVIL,91,91.12
6088,Student_6088,18,CSE,35,98.74
6089,Student_6089,24,MECH,87,81.66
6090,Student_6090,18,IT,69,99.53
6091,Student_6091,24,CSE,97,65.42
6092,Student_6092,19,CSE,95,76.31
6093,Student_6093,19,CIVIL,49,64.87
6094,Student_6094,24,IT,55,65.6
6095,Student_6095,19,CIVIL,53,67.24
6096,Student_6096,22,ECE,71,60.53
6097,Student_6097,20,MECH,76,94.65
6098,Student_6098,22,ECE,80,100.0
6099,Student_6099,22,CIVIL,73,61.28
6100,Student_6100,20,CSE,39,89.05
6101,Student_6101,22,EEE,92,84.21
6102,Student_6102,18,ECE,82,95.6
6103,Student_6103,18,IT,49,97.44
6104,Student_6104,20,IT,38,93.04
6105,Student_6105,24,EEE,59,72.75
6106,Student_6106,24,MECH,53,66.59
6107,Student_6107,23,CIVIL,51,96.94
6108,Student_6108,18,MECH,72,64.71
6109,Student_6109,23,IT,81,98.26
6110,Student_6110,22,CSE,94,80.97
6111,Student_6111,18,ECE,37,94.06
6112,Student_6112,18,EEE,48,84.88
6113,Student_6113,24,IT,77,69.7
6114,Student_6114,18,CIVIL,77,94.86
6115,Student_6115,19,CIVIL,47,97.19
6116,Student_6116,20,EEE,95,82.23
6117,Student_6117,24,MECH,71,89.31
6118,Student_6118,23,ECE,39,67.01
6119,Student_6119,23,CIVIL,63,60.9
6120,Student_6120,19,EEE,98,99.25
6121,Student_6121,22,IT,38,86.95
6122,Student_6122,19,MECH,49,86.71
6123,Student_6123,18,ECE,91,70.02
6124,Student_6124,19,IT,86,83.85
6125,Student_6125,18,EEE,77,82.1
6126,Student_6126,20,MECH,82,83.69
6127,Student_6127,20,IT,37,81.79
6128,Student_6128,20,ECE,35,93.36
6129,Student_6129,22,MECH,41,87.58
6130,Student_6130,20,ECE,89,60.59
6131,Student_6131,18,IT,41,75.54
6132,Student_6132,21,MECH,65,69.34
6133,Student_6133,24,EEE,82,77.76
6134,Student_6134,18,CSE,86,72.73
6135,Student_6135,21,MECH,46,97.06
6136,Student_6136,21,IT,43,71.95
6137,Student_6137,22,CSE,52,74.31
6138,Student_6138,23,CSE,100,71.21
6139,Student_6139,21,IT,86,84.64
6140,Student_6140,19,IT,85,71.83
6141,Student_6141,20,MECH,98,94.39
6142,Student_6142,19,EEE,36,81.26
6143,Student_6143,23,ECE,65,89.76
6144,Student_6144,20,ECE,62,72.06
6145,Student_6145,18,CSE,70,63.2
6146,Student_6146,23,ECE,74,64.42
6147,Student_6147,20,EEE,66,97.69
6148,Student_6148,21,CIVIL,48,73.11
6149,Student_6149,20,EEE,93,71.27
6150,Student_6150,22,CSE,84,66.96
6151,Student_6151,21,CIVIL,83,60.6
6152,Student_6152,20,ECE,82,78.09
6153,Student_6153,19,ECE,63,86.29
6154,Student_6154,22,EEE,72,74.35
6155,Student_6155,19,CSE,76,85.6
6156,Student_6156,24,ECE,84,69.05
6157,Student_6157,20,CSE,52,84.2
6158,Student_6158,21,ECE,46,77.7
6159,Student_6159,18,MECH,72,98.05
6160,Student_6160,22,ECE,51,61.06
6161,Student_6161,18,MECH,94,81.66
6162,Student_6162,24,ECE,50,74.37
6163,Student_6163,19,CIVIL,57,95.99
6164,Student_6164,21,CIVIL,61,78.99
6165,Student_6165,24,CSE,85,68.85
6166,Student_6166,19,EEE,39,98.85
6167,Student_6167,18,ECE,55,80.0
6168,Student_6168,20,CIVIL,80,60.3
6169,Student_6169,19,CSE,88,63.81
6170,Student_6170,22,CSE,48,83.06
6171,Student_6171,23,ECE,62,74.95
6172,Student_6172,19,MECH,97,63.39
6173,Student_6173,18,CSE,42,85.85
6174,Student_6174,19,IT,78,77.21
6175,Student_6175,21,ECE,58,93.67
6176,Student_6176,21,IT,70,88.0
6177,Student_6177,18,CIVIL,82,74.16
6178,Student_6178,22,EEE,35,89.08
6179,Student_6179,22,CIVIL,53,69.08
6180,Student_6180,20,EEE,62,65.47
6181,Student_6181,19,CSE,84,86.04
6182,Student_6182,21,MECH,44,71.39
6183,Student_6183,21,EEE,91,89.36
6184,Student_6184,24,ECE,91,60.51
6185,Student_6185,23,CSE,72,97.8
6186,Student_6186,20,ECE,48,96.8
6187,Student_6187,23,MECH,98,77.12
6188,Student_6188,21,IT,89,73.6
6189,Student_6189,20,ECE,95,85.92
6190,Student_6190,24,MECH,43,65.0
6191,Student_6191,24,CIVIL,55,82.15
6192,Student_6192,24,IT,76,79.07
6193,Student_6193,18,MECH,44,91.89
6194,Student_6194,22,CSE,54,65.28
6195,Student_6195,18,IT,49,75.63
6196,Student_6196,23,CIVIL,91,60.96
6197,Student_6197,23,MECH,89,68.18
6198,Student_6198,19,ECE,54,67.94
6199,Student_6199,21,CSE,80,83.43
6200,Student_6200,18,ECE,83,92.75
6201,Student_6201,22,IT,71,85.88
6202,Student_6202,20,MECH,63,96.46
6203,Student_6203,18,CSE,71,93.83
6204,Student_6204,22,EEE,59,60.86
6205,Student_6205,18,IT,66,78.14
6206,Student_6206,20,ECE,54,94.95
6207,Student_6207,23,IT,44,68.29
6208,Student_6208,20,MECH,79,83.98
6209,Student_6209,23,CIVIL,83,75.2
6210,Student_6210,19,ECE,96,90.2
6211,Student_6211,22,IT,68,64.13
6212,Student_6212,23,CIVIL,60,92.06
6213,Student_6213,21,MECH,78,82.8
6214,Student_6214,20,ECE,52,61.65
6215,Student_6215,18,EEE,38,92.58
6216,Student_6216,24,EEE,55,88.01
6217,Student_6217,21,EEE,58,77.24
6218,Student_6218,24,ECE,82,62.54
6219,Student_6219,19,MECH,58,99.74
6220,Student_6220,20,EEE,63,98.49
6221,Student_6221,19,MECH,81,86.91
6222,Student_6222,20,MECH,95,99.1
6223,Student_6223,20,CIVIL,91,80.45
6224,Student_6224,22,MECH,55,66.59
6225,Student_6225,24,CIVIL,71,88.33
6226,Student_6226,24,CSE,37,72.27
6227,Student_6227,23,ECE,75,60.23
6228,Student_6228,21,CIVIL,51,98.83
6229,Student_6229,21,EEE,84,81.35
6230,Student_6230,20,CSE,53,92.74
6231,Student_6231,18,MECH,51,90.03
6232,Student_6232,21,IT,98,67.17
6233,Student_6233,19,IT,75,88.09
6234,Student_6234,22,MECH,62,70.3
6235,Student_6235,20,ECE,44,65.24
6236,Student_6236,18,EEE,90,94.75
6237,Student_6237,23,EEE,35,67.44
6238,Student_6238,24,ECE,72,95.72
6239,Student_6239,21,CIVIL,35,71.47
6240,Student_6240,20,MECH,94,94.32
6241,Student_6241,19,EEE,49,94.56
6242,Student_6242,20,IT,41,78.36
6243,Student_6243,19,ECE,52,63.74
6244,Student_6244,21,CIVIL,53,90.97
6245,Student_6245,19,MECH,54,87.74
6246,Student_6246,22,IT,69,72.67
6247,Student_6247,23,MECH,97,76.01
6248,Student_6248,23,MECH,36,75.82
6249,Student_6249,21,IT,63,86.84
6250,Student_6250,24,CIVIL,89,68.02
6251,Student_6251,18,CSE,52,95.33
6252,Student_6252,24,ECE,38,92.87
6253,Student_6253,24,CSE,72,80.14
6254,Student_6254,20,ECE,84,92.68
6255,Student_6255,24,CIVIL,61,68.18
6256,Student_6256,24,ECE,89,93.96
6257,Student_6257,23,CIVIL,83,60.92
6258,Student_6258,24,CIVIL,56,97.54
6259,Student_6259,23,CIVIL,86,79.95
6260,Student_6260,23,IT,45,87.89
6261,Student_6261,21,CSE,77,85.6
6262,Student_6262,20,CIVIL,71,95.63
6263,Student_6263,22,ECE,38,82.49
6264,Student_6264,20,MECH,70,82.73
6265,Student_6265,24,CSE,49,94.68
6266,Student_6266,19,EEE,82,90.54
6267,Student_6267,18,CIVIL,62,74.97
6268,Student_6268,24,IT,35,63.1
6269,Student_6269,20,EEE,85,64.39
6270,Student_6270,20,CIVIL,42,81.64
6271,Student_6271,18,ECE,100,83.08
6272,Student_6272,24,IT,39,71.43
6273,Student_6273,23,CSE,42,71.27
6274,Student_6274,20,ECE,43,73.94
6275,Student_6275,21,CIVIL,78,63.03
6276,Student_6276,19,EEE,59,80.9
6277,Student_6277,23,CSE,70,80.6
6278,Student_6278,19,MECH,74,78.32
6279,Student_6279,20,CIVIL,41,67.88
6280,Student_6280,22,IT,36,64.12
6281,Student_6281,21,CIVIL,75,75.26
6282,Student_6282,21,CSE,97,93.63
6283,Student_6283,21,CIVIL,68,61.44
6284,Student_6284,22,CSE,54,95.54
6285,Student_6285,24,IT,48,76.19
6286,Student_6286,22,CIVIL,61,79.35
6287,Student_6287,18,MECH,46,64.27
6288,Student_6288,22,MECH,89,99.24
6289,Student_6289,22,MECH,49,63.41
6290,Student_6290,22,MECH,84,77.54
6291,Student_6291,22,IT,60,86.56
6292,Student_6292,19,MECH,43,79.06
6293,Student_6293,18,IT,76,94.59
6294,Student_6294,20,CIVIL,61,75.0
6295,Student_6295,20,EEE,43,83.52
6296,Student_6296,21,EEE,91,88.22
6297,Student_6297,22,EEE,66,74.59
6298,Student_6298,19,ECE,100,66.52
6299,Student_6299,19,MECH,86,86.38
6300,Student_6300,18,MECH,96,73.41
6301,Student_6301,18,CSE,77,81.58
6302,Student_6302,20,MECH,89,81.92
6303,Student_6303,22,ECE,35,92.59
6304,Student_6304,24,ECE,35,66.06
6305,Student_6305,22,EEE,61,66.3
6306,Student_6306,24,MECH,57,79.16
6307,Student_6307,21,MECH,63,70.2
6308,Student_6308,18,IT,82,92.44
6309,Student_6309,23,CSE,56,72.8
6310,Student_6310,24,CIVIL,82,97.74
6311,Student_6311,21,CSE,65,60.18
6312,Student_6312,22,MECH,59,97.66
6313,Student_6313,18,CIVIL,95,65.0
6314,Student_6314,23,CSE,93,90.62
6315,Student_6315,19,CIVIL,56,98.01
6316,Student_6316,24,MECH,95,78.24
6317,Student_6317,23,CSE,50,95.15
6318,Student_6318,22,EEE,52,72.76
6319,Student_6319,23,IT,96,86.1
6320,Student_6320,21,ECE,35,91.21
6321,Student_6321,18,CSE,91,96.3
6322,Student_6322,19,CSE,41,93.09
6323,Student_6323,23,EEE,53,67.74
6324,Student_6324,23,EEE,97,68.66
6325,Student_6325,23,CSE,79,89.55
6326,Student_6326,21,IT,92,99.42
6327,Student_6327,18,CIVIL,89,97.39
6328,Student_6328,23,CIVIL,95,64.33
6329,Student_6329,20,IT,90,73.99
6330,Student_6330,21,MECH,93,76.27
6331,Student_6331,18,CIVIL,83,80.96
6332,Student_6332,19,ECE,71,91.16
6333,Student_6333,18,CSE,81,66.09
6334,Student_6334,24,EEE,52,99.46
6335,Student_6335,21,IT,81,67.85
6336,Student_6336,21,CIVIL,60,98.29
6337,Student_6337,19,ECE,46,83.18
6338,Student_6338,24,EEE,66,99.36
6339,Student_6339,23,CSE,93,60.85
6340,Student_6340,23,EEE,96,86.87
6341,Student_6341,21,CSE,49,73.38
6342,Student_6342,24,IT,49,63.3
6343,Student_6343,20,CSE,47,61.75
6344,Student_6344,21,IT,54,76.76
6345,Student_6345,18,CIVIL,39,65.38
6346,Student_6346,20,CIVIL,61,86.78
6347,Student_6347,24,MECH,78,83.91
6348,Student_6348,24,CIVIL,61,68.83
6349,Student_6349,20,CIVIL,99,88.55
6350,Student_6350,20,MECH,46,84.0
6351,Student_6351,18,EEE,86,78.88
6352,Student_6352,18,EEE,84,69.7
6353,Student_6353,23,CIVIL,87,99.4
6354,Student_6354,21,EEE,65,92.49
6355,Student_6355,18,ECE,46,97.7
6356,Student_6356,21,IT,52,92.69
6357,Student_6357,21,MECH,81,65.85
6358,Student_6358,22,ECE,74,75.71
6359,Student_6359,20,EEE,56,99.54
6360,Student_6360,21,IT,51,71.6
6361,Student_6361,18,CSE,53,60.83
6362,Student_6362,21,IT,41,63.45
6363,Student_6363,23,IT,83,91.6
6364,Student_6364,20,CSE,38,82.38
6365,Student_6365,20,EEE,61,92.96
6366,Student_6366,21,CSE,86,98.17
6367,Student_6367,19,IT,42,95.16
6368,Student_6368,23,IT,60,99.53
6369,Student_6369,20,MECH,62,75.26
6370,Student_6370,23,ECE,36,63.58
6371,Student_6371,18,CSE,39,83.57
6372,Student_6372,22,CIVIL,65,62.64
6373,Student_6373,21,CIVIL,49,89.08
6374,Student_6374,24,EEE,40,66.94
6375,Student_6375,23,ECE,77,87.96
6376,Student_6376,20,CSE,77,81.75
6377,Student_6377,22,ECE,41,84.87
6378,Student_6378,19,CSE,68,88.25
6379,Student_6379,23,MECH,88,76.99
6380,Student_6380,19,MECH,85,66.82
6381,Student_6381,23,CSE,100,91.55
6382,Student_6382,18,ECE,52,86.98
6383,Student_6383,21,CIVIL,43,73.95
6384,Student_6384,24,CIVIL,73,91.19
6385,Student_6385,23,EEE,93,93.87
6386,Student_6386,24,EEE,63,62.95
6387,Student_6387,24,CSE,39,99.18
6388,Student_6388,23,CIVIL,62,86.97
6389,Student_6389,23,ECE,36,94.48
6390,Student_6390,21,MECH,60,84.19
6391,Student_6391,22,CIVIL,72,99.15
6392,Student_6392,18,CIVIL,50,89.88
6393,Student_6393,19,IT,89,84.26
6394,Student_6394,21,MECH,80,85.91
6395,Student_6395,24,IT,48,76.22
6396,Student_6396,21,MECH,96,87.6
6397,Student_6397,18,CIVIL,98,79.15
6398,Student_6398,24,ECE,62,76.37
6399,Student_6399,19,MECH,80,60.98
6400,Student_6400,23,IT,85,95.16
6401,Student_6401,24,IT,55,78.4
6402,Student_6402,21,ECE,55,67.36
6403,Student_6403,21,MECH,91,80.59
6404,Student_6404,23,CIVIL,36,82.8
6405,Student_6405,23,ECE,92,85.74
6406,Student_6406,18,MECH,76,66.76
6407,Student_6407,22,IT,35,78.55
6408,Student_6408,22,CIVIL,65,92.34
6409,Student_6409,22,CIVIL,48,65.42
6410,Student_6410,20,CIVIL,96,79.21
6411,Student_6411,19,MECH,76,98.98
6412,Student_6412,24,MECH,83,71.86
6413,Student_6413,22,ECE,82,98.38
6414,Student_6414,22,CSE,75,61.17
6415,Student_6415,18,IT,72,64.99
6416,Student_6416,21,CSE,84,73.19
6417,Student_6417,22,CIVIL,59,82.87
6418,Student_6418,24,ECE,80,94.7
6419,Student_6419,20,CSE,91,63.21
6420,Student_6420,18,EEE,89,61.58
6421,Student_6421,24,IT,81,90.95
6422,Student_6422,18,IT,58,70.48
6423,Student_6423,22,IT,58,80.91
6424,Student_6424,21,CIVIL,97,73.98
6425,Student_6425,21,CSE,64,85.7
6426,Student_6426,24,ECE,60,60.72
6427,Student_6427,18,IT,54,73.6
6428,Student_6428,18,CSE,99,75.66
6429,Student_6429,23,CSE,98,71.01
6430,Student_6430,22,CSE,86,86.46
6431,Student_6431,22,EEE,54,99.82
6432,Student_6432,19,ECE,59,76.32
6433,Student_6433,19,CSE,37,75.38
6434,Student_6434,18,CSE,98,85.56
6435,Student_6435,18,ECE,68,91.42
6436,Student_6436,21,IT,89,65.56
6437,Student_6437,23,CIVIL,92,74.54
6438,Student_6438,21,IT,71,99.77
6439,Student_6439,23,EEE,98,95.37
6440,Student_6440,23,CSE,70,72.2
6441,Student_6441,23,CIVIL,82,96.05
6442,Student_6442,23,MECH,67,61.99
6443,Student_6443,21,CIVIL,98,91.56
6444,Student_6444,20,IT,73,70.13
6445,Student_6445,20,ECE,67,73.21
6446,Student_6446,18,EEE,83,86.21
6447,Student_6447,22,CIVIL,88,74.16
6448,Student_6448,24,CIVIL,60,86.65
6449,Student_6449,24,EEE,99,67.93
6450,Student_6450,20,CIVIL,64,86.45
6451,Student_6451,20,IT,89,85.2
6452,Student_6452,24,MECH,98,68.63
6453,Student_6453,21,EEE,75,69.61
6454,Student_6454,18,IT,93,78.91
6455,Student_6455,22,MECH,35,96.97
6456,Student_6456,22,EEE,66,66.36
6457,Student_6457,23,MECH,62,86.28
6458,Student_6458,23,EEE,73,69.75
6459,Student_6459,23,MECH,78,94.66
6460,Student_6460,18,EEE,38,90.53
6461,Student_6461,24,EEE,75,91.99
6462,Student_6462,20,IT,39,83.84
6463,Student_6463,22,EEE,86,78.54
6464,Student_6464,23,CSE,41,78.32
6465,Student_6465,20,ECE,60,82.69
6466,Student_6466,23,MECH,92,69.09
6467,Student_6467,23,MECH,53,93.78
6468,Student_6468,22,EEE,69,85.4
6469,Student_6469,20,IT,35,69.67
6470,Student_6470,18,CSE,88,65.51
6471,Student_6471,22,EEE,49,74.17
6472,Student_6472,23,ECE,35,72.0
6473,Student_6473,20,CSE,58,98.38
6474,Student_6474,18,EEE,61,73.74
6475,Student_6475,18,ECE,94,83.87
6476,Student_6476,24,IT,64,92.97
6477,Student_6477,24,MECH,77,67.52
6478,Student_6478,24,IT,47,64.47
6479,Student_6479,19,IT,80,83.04
6480,Student_6480,20,ECE,86,74.32
6481,Student_6481,21,EEE,54,82.05
6482,Student_6482,24,IT,83,96.24
6483,Student_6483,24,IT,79,64.44
6484,Student_6484,18,CIVIL,81,79.84
6485,Student_6485,22,ECE,79,73.94
6486,Student_6486,20,CSE,68,85.28
6487,Student_6487,21,CSE,45,83.38
6488,Student_6488,20,CSE,45,79.07
6489,Student_6489,20,EEE,80,72.51
6490,Student_6490,23,ECE,93,87.94
6491,Student_6491,24,MECH,52,78.96
6492,Student_6492,22,CSE,88,78.23
6493,Student_6493,19,MECH,67,75.41
6494,Student_6494,24,ECE,46,86.71
6495,Student_6495,24,MECH,82,98.53
6496,Student_6496,23,IT,56,90.44
6497,Student_6497,20,CSE,57,90.13
6498,Student_6498,18,CIVIL,67,81.03
6499,Student_6499,22,IT,91,75.69
6500,Student_6500,18,CIVIL,42,76.96
6501,Student_6501,19,CSE,90,69.62
6502,Student_6502,24,ECE,78,97.99
6503,Student_6503,21,IT,98,97.64
6504,Student_6504,20,EEE,39,88.49
6505,Student_6505,23,CIVIL,53,96.71
6506,Student_6506,19,IT,88,77.63
6507,Student_6507,23,CSE,57,98.09
6508,Student_6508,19,EEE,64,93.11
6509,Student_6509,22,CIVIL,39,72.34
6510,Student_6510,20,CSE,72,86.01
6511,Student_6511,18,ECE,82,84.31
6512,Student_6512,19,MECH,73,74.65
6513,Student_6513,24,IT,53,82.12
6514,Student_6514,24,IT,65,64.28
6515,Student_6515,20,ECE,95,74.47
6516,Student_6516,20,MECH,83,78.66
6517,Student_6517,22,CIVIL,43,64.41
6518,Student_6518,20,EEE,38,89.94
6519,Student_6519,23,EEE,59,95.81
6520,Student_6520,22,IT,60,85.88
6521,Student_6521,19,MECH,82,69.0
6522,Student_6522,24,CSE,39,87.43
6523,Student_6523,24,ECE,96,79.35
6524,Student_6524,23,IT,48,72.83
6525,Student_6525,21,ECE,49,97.95
6526,Student_6526,21,CIVIL,51,75.59
6527,Student_6527,24,EEE,43,96.39
6528,Student_6528,19,ECE,100,64.46
6529,Student_6529,21,ECE,45,89.75
6530,Student_6530,23,CIVIL,97,69.14
6531,Student_6531,22,ECE,55,63.92
6532,Student_6532,22,ECE,85,82.69
6533,Student_6533,18,EEE,91,68.71
6534,Student_6534,21,MECH,96,64.56
6535,Student_6535,18,EEE,52,82.6
6536,Student_6536,23,MECH,97,60.04
6537,Student_6537,23,EEE,79,94.02
6538,Student_6538,23,CIVIL,45,74.93
6539,Student_6539,19,CSE,67,70.97
6540,Student_6540,18,CSE,57,60.24
6541,Student_6541,24,IT,83,89.7
6542,Student_6542,22,ECE,98,82.2
6543,Student_6543,18,ECE,74,85.52
6544,Student_6544,18,ECE,75,80.12
6545,Student_6545,21,MECH,41,69.51
6546,Student_6546,24,CSE,69,60.34
6547,Student_6547,24,IT,61,70.93
6548,Student_6548,23,IT,93,87.18
6549,Student_6549,20,IT,43,81.46
6550,Student_6550,23,ECE,65,91.55
6551,Student_6551,22,CIVIL,47,61.79
6552,Student_6552,19,CIVIL,51,77.86
6553,Student_6553,18,CSE,75,64.01
6554,Student_6554,19,EEE,83,62.4
6555,Student_6555,22,EEE,55,65.96
6556,Student_6556,18,ECE,56,74.47
6557,Student_6557,19,ECE,39,90.84
6558,Student_6558,23,ECE,44,95.26
6559,Student_6559,23,MECH,50,88.95
6560,Student_6560,23,MECH,63,76.61
6561,Student_6561,18,ECE,46,85.94
6562,Student_6562,23,MECH,66,89.53
6563,Student_6563,22,CSE,94,89.96
6564,Student_6564,22,IT,74,85.92
6565,Student_6565,21,MECH,58,61.85
6566,Student_6566,18,EEE,51,63.23
6567,Student_6567,23,IT,47,91.22
6568,Student_6568,21,CSE,93,64.57
6569,Student_6569,19,EEE,81,94.85
6570,Student_6570,18,IT,76,64.17
6571,Student_6571,19,MECH,35,81.16
6572,Student_6572,18,CSE,45,84.89
6573,Student_6573,24,IT,73,74.47
6574,Student_6574,20,MECH,95,65.67
6575,Student_6575,21,EEE,78,75.58
6576,Student_6576,18,CIVIL,58,78.14
6577,Student_6577,21,CSE,65,77.57
6578,Student_6578,23,IT,49,87.52
6579,Student_6579,23,CIVIL,99,76.61
6580,Student_6580,19,MECH,65,83.39
6581,Student_6581,21,CSE,52,89.69
6582,Student_6582,24,MECH,91,81.76
6583,Student_6583,18,EEE,81,79.78
6584,Student_6584,21,CSE,60,81.78
6585,Student_6585,24,CIVIL,96,89.9
6586,Student_6586,24,CSE,56,89.18
6587,Student_6587,19,IT,71,86.69
6588,Student_6588,18,EEE,73,91.5
6589,Student_6589,21,ECE,98,76.97
6590,Student_6590,23,ECE,35,71.87
6591,Student_6591,23,CSE,44,92.22
6592,Student_6592,21,CSE,73,66.96
6593,Student_6593,23,CSE,82,67.42
6594,Student_6594,22,ECE,49,84.04
6595,Student_6595,22,IT,88,68.29
6596,Student_6596,21,EEE,96,61.09
6597,Student_6597,20,MECH,75,75.08
6598,Student_6598,22,MECH,100,96.1
6599,Student_6599,18,ECE,83,82.05
6600,Student_6600,24,ECE,35,61.13
6601,Student_6601,22,ECE,97,87.32
6602,Student_6602,23,ECE,86,89.16
6603,Student_6603,23,CSE,79,83.07
6604,Student_6604,19,IT,53,91.18
6605,Student_6605,23,CIVIL,49,86.45
6606,Student_6606,19,MECH,42,75.33
6607,Student_6607,22,ECE,70,62.58
6608,Student_6608,20,CSE,83,89.71
6609,Student_6609,23,ECE,47,63.28
6610,Student_6610,21,ECE,51,80.54
6611,Student_6611,20,MECH,50,80.74
6612,Student_6612,18,CSE,49,77.85
6613,Student_6613,22,MECH,41,93.92
6614,Student_6614,21,EEE,92,81.03
6615,Student_6615,23,IT,67,93.31
6616,Student_6616,21,EEE,92,84.97
6617,Student_6617,18,EEE,55,97.19
6618,Student_6618,19,CSE,97,64.97
6619,Student_6619,20,CIVIL,87,91.62
6620,Student_6620,21,EEE,47,82.12
6621,Student_6621,22,IT,48,99.8
6622,Student_6622,18,MECH,44,79.7
6623,Student_6623,23,IT,75,76.26
6624,Student_6624,19,CSE,87,68.0
6625,Student_6625,18,ECE,94,99.24
6626,Student_6626,20,EEE,92,92.72
6627,Student_6627,23,MECH,48,76.74
6628,Student_6628,20,CIVIL,87,68.72
6629,Student_6629,22,CIVIL,44,63.55
6630,Student_6630,24,ECE,41,75.68
6631,Student_6631,19,IT,41,64.55
6632,Student_6632,19,IT,36,79.98
6633,Student_6633,21,MECH,79,67.54
6634,Student_6634,23,IT,56,64.6
6635,Student_6635,19,IT,59,76.86
6636,Student_6636,18,ECE,44,78.81
6637,Student_6637,24,CIVIL,77,70.71
6638,Student_6638,18,CSE,74,87.57
6639,Student_6639,24,CSE,66,79.05
6640,Student_6640,19,CIVIL,80,89.99
6641,Student_6641,20,CIVIL,77,80.14
6642,Student_6642,20,IT,88,96.15
6643,Student_6643,24,ECE,50,66.13
6644,Student_6644,24,EEE,62,84.15
6645,Student_6645,19,ECE,76,91.09
6646,Student_6646,20,CSE,91,92.35
6647,Student_6647,18,CIVIL,58,72.91
6648,Student_6648,18,IT,67,93.28
6649,Student_6649,24,MECH,57,96.18
6650,Student_6650,18,IT,58,88.27
6651,Student_6651,21,CSE,50,87.85
6652,Student_6652,21,ECE,68,74.32
6653,Student_6653,18,ECE,67,72.73
6654,Student_6654,18,EEE,84,68.71
6655,Student_6655,18,CIVIL,66,60.35
6656,Student_6656,24,MECH,86,80.85
6657,Student_6657,23,EEE,40,86.02
6658,Student_6658,21,IT,74,74.49
6659,Student_6659,24,CIVIL,94,65.42
6660,Student_6660,20,IT,39,82.5
6661,Student_6661,23,CIVIL,57,88.1
6662,Student_6662,21,MECH,59,73.14
6663,Student_6663,24,CSE,88,76.02
6664,Student_6664,18,CSE,61,68.63
6665,Student_6665,22,MECH,59,97.37
6666,Student_6666,21,CSE,96,87.7
6667,Student_6667,18,MECH,63,88.26
6668,Student_6668,18,IT,58,72.23
6669,Student_6669,23,ECE,56,89.4
6670,Student_6670,20,CSE,64,92.43
6671,Student_6671,18,MECH,66,67.39
6672,Student_6672,19,MECH,75,72.34
6673,Student_6673,18,CSE,47,85.95
6674,Student_6674,20,EEE,69,66.73
6675,Student_6675,24,CIVIL,69,66.21
6676,Student_6676,23,CSE,55,87.73
6677,Student_6677,19,EEE,35,87.91
6678,Student_6678,20,MECH,87,74.04
6679,Student_6679,18,CSE,100,77.03
6680,Student_6680,18,EEE,88,99.59
6681,Student_6681,18,CIVIL,71,64.12
6682,Student_6682,21,EEE,59,84.84
6683,Student_6683,22,IT,43,95.89
6684,Student_6684,21,CSE,75,72.44
6685,Student_6685,23,ECE,73,93.55
6686,Student_6686,18,IT,42,80.34
6687,Student_6687,24,ECE,84,94.4
6688,Student_6688,23,CSE,38,85.72
6689,Student_6689,20,MECH,75,84.66
6690,Student_6690,19,IT,57,61.41
6691,Student_6691,19,ECE,96,75.29
6692,Student_6692,21,MECH,89,84.0
6693,Student_6693,24,ECE,79,69.35
6694,Student_6694,22,MECH,46,82.75
6695,Student_6695,18,CSE,59,84.35
6696,Student_6696,18,CIVIL,64,91.34
6697,Student_6697,20,ECE,70,86.15
6698,Student_6698,24,ECE,72,60.09
6699,Student_6699,21,IT,57,80.5
6700,Student_6700,19,EEE,87,67.65
6701,Student_6701,24,EEE,64,98.09
6702,Student_6702,20,ECE,95,74.84
6703,Student_6703,23,CIVIL,83,77.45
6704,Student_6704,22,EEE,39,80.31
6705,Student_6705,24,EEE,71,67.03
6706,Student_6706,19,IT,57,75.35
6707,Student_6707,22,ECE,77,73.74
6708,Student_6708,21,EEE,61,73.6
6709,Student_6709,24,CSE,79,66.52
6710,Student_6710,24,CIVIL,82,84.35
6711,Student_6711,21,IT,36,69.95
6712,Student_6712,21,CIVIL,89,71.34
6713,Student_6713,19,EEE,47,93.58
6714,Student_6714,21,MECH,77,61.79
6715,Student_6715,21,CSE,60,60.18
6716,Student_6716,24,CIVIL,78,70.96
6717,Student_6717,22,CIVIL,93,68.49
6718,Student_6718,20,EEE,86,86.68
6719,Student_6719,22,MECH,90,78.0
6720,Student_6720,22,CIVIL,68,78.28
6721,Student_6721,21,IT,48,78.3
6722,Student_6722,24,IT,37,94.89
6723,Student_6723,24,MECH,41,63.4
6724,Student_6724,20,CIVIL,91,96.33
6725,Student_6725,18,CSE,62,91.94
6726,Student_6726,20,IT,92,64.11
6727,Student_6727,21,MECH,80,76.75
6728,Student_6728,23,EEE,35,86.1
6729,Student_6729,18,CIVIL,99,76.9
6730,Student_6730,18,IT,47,75.37
6731,Student_6731,23,EEE,68,82.52
6732,Student_6732,23,IT,58,68.18
6733,Student_6733,23,ECE,82,84.43
6734,Student_6734,23,MECH,76,60.75
6735,Student_6735,20,EEE,37,85.83
6736,Student_6736,24,MECH,87,94.27
6737,Student_6737,22,ECE,97,73.73
6738,Student_6738,18,ECE,68,96.05
6739,Student_6739,24,CIVIL,90,62.88
6740,Student_6740,24,IT,56,95.98
6741,Student_6741,24,MECH,50,72.03
6742,Student_6742,18,ECE,77,62.23
6743,Student_6743,24,IT,65,81.56
6744,Student_6744,24,IT,97,77.11
6745,Student_6745,19,MECH,73,80.57
6746,Student_6746,24,CSE,87,90.42
6747,Student_6747,19,CIVIL,71,82.92
6748,Student_6748,24,IT,87,94.38
6749,Student_6749,24,CSE,84,67.83
6750,Student_6750,22,EEE,63,60.76
6751,Student_6751,24,CSE,37,90.79
6752,Student_6752,24,ECE,91,81.97
6753,Student_6753,21,CIVIL,77,63.36
6754,Student_6754,24,CIVIL,61,60.06
6755,Student_6755,20,IT,99,94.39
6756,Student_6756,19,IT,97,78.39
6757,Student_6757,22,MECH,95,61.95
6758,Student_6758,19,MECH,76,76.6
6759,Student_6759,18,ECE,89,68.63
6760,Student_6760,20,IT,71,68.45
6761,Student_6761,22,EEE,86,80.35
6762,Student_6762,22,MECH,66,69.31
6763,Student_6763,22,CSE,54,67.85
6764,Student_6764,20,MECH,88,63.55
6765,Student_6765,23,IT,41,77.94
6766,Student_6766,19,CSE,92,72.06
6767,Student_6767,24,EEE,94,78.46
6768,Student_6768,21,ECE,87,95.61
6769,Student_6769,21,ECE,85,77.78
6770,Student_6770,20,IT,40,80.38
6771,Student_6771,22,CIVIL,97,92.55
6772,Student_6772,20,MECH,82,84.53
6773,Student_6773,23,EEE,65,97.64
6774,Student_6774,24,CIVIL,77,65.53
6775,Student_6775,20,ECE,92,90.0
6776,Student_6776,24,EEE,38,98.49
6777,Student_6777,24,ECE,95,75.57
6778,Student_6778,21,CIVIL,95,71.26
6779,Student_6779,20,ECE,37,98.33
6780,Student_6780,21,MECH,94,74.19
6781,Student_6781,20,CIVIL,91,74.03
6782,Student_6782,20,CSE,44,72.68
6783,Student_6783,21,ECE,61,62.38
6784,Student_6784,22,CSE,39,85.73
6785,Student_6785,18,CIVIL,70,89.54
6786,Student_6786,24,MECH,82,75.94
6787,Student_6787,23,CIVIL,54,69.69
6788,Student_6788,20,IT,68,73.74
6789,Student_6789,22,EEE,89,74.62
6790,Student_6790,20,ECE,60,94.6
6791,Student_6791,19,MECH,90,99.35
6792,Student_6792,23,IT,36,94.47
6793,Student_6793,18,EEE,94,61.16
6794,Student_6794,22,IT,45,62.81
6795,Student_6795,23,ECE,74,83.4
6796,Student_6796,24,IT,81,92.98
6797,Student_6797,18,CSE,99,82.71
6798,Student_6798,23,MECH,75,99.74
6799,Student_6799,18,CIVIL,48,87.31
6800,Student_6800,20,CIVIL,62,89.96
6801,Student_6801,21,EEE,86,77.06
6802,Student_6802,20,IT,74,78.82
6803,Student_6803,21,CSE,100,85.71
6804,Student_6804,23,MECH,100,79.47
6805,Student_6805,18,EEE,94,89.32
6806,Student_6806,21,MECH,84,81.9
6807,Student_6807,19,IT,37,89.61
6808,Student_6808,23,ECE,82,76.16
6809,Student_6809,22,CIVIL,82,60.67
6810,Student_6810,23,CIVIL,43,71.05
6811,Student_6811,19,IT,64,87.67
6812,Student_6812,18,IT,58,82.97
6813,Student_6813,19,MECH,89,96.33
6814,Student_6814,24,CSE,75,71.13
6815,Student_6815,21,IT,65,84.93
6816,Student_6816,21,ECE,54,62.68
6817,Student_6817,18,EEE,43,68.65
6818,Student_6818,18,CIVIL,84,75.04
6819,Student_6819,20,MECH,74,78.04
6820,Student_6820,19,ECE,46,70.13
6821,Student_6821,23,IT,99,73.58
6822,Student_6822,20,MECH,73,94.59
6823,Student_6823,24,ECE,35,67.52
6824,Student_6824,22,EEE,71,64.12
6825,Student_6825,23,IT,56,96.65
6826,Student_6826,19,CIVIL,96,85.81
6827,Student_6827,24,EEE,45,81.49
6828,Student_6828,23,IT,87,76.54
6829,Student_6829,24,MECH,96,72.1
6830,Student_6830,19,CSE,61,96.75
6831,Student_6831,18,CIVIL,59,60.35
6832,Student_6832,20,CIVIL,82,67.82
6833,Student_6833,21,EEE,45,73.97
6834,Student_6834,22,CIVIL,81,85.51
6835,Student_6835,23,CSE,97,82.02
6836,Student_6836,20,EEE,42,92.35
6837,Student_6837,22,EEE,44,96.67
6838,Student_6838,22,MECH,77,74.44
6839,Student_6839,22,CSE,83,78.43
6840,Student_6840,24,CIVIL,57,68.61
6841,Student_6841,19,CSE,63,72.44
6842,Student_6842,24,CIVIL,46,81.91
6843,Student_6843,23,CSE,42,99.71
6844,Student_6844,22,CSE,68,94.65
6845,Student_6845,19,EEE,51,88.14
6846,Student_6846,24,ECE,74,96.59
6847,Student_6847,18,IT,82,82.97
6848,Student_6848,23,ECE,41,93.62
6849,Student_6849,23,CSE,57,62.53
6850,Student_6850,20,ECE,95,96.18
6851,Student_6851,20,CSE,46,71.83
6852,Student_6852,21,CSE,60,69.98
6853,Student_6853,20,IT,80,74.5
6854,Student_6854,24,CSE,43,72.83
6855,Student_6855,18,ECE,42,92.34
6856,Student_6856,20,CSE,92,77.64
6857,Student_6857,18,IT,47,95.75
6858,Student_6858,22,IT,87,74.42
6859,Student_6859,22,EEE,75,72.79
6860,Student_6860,21,IT,90,69.5
6861,Student_6861,24,EEE,76,99.52
6862,Student_6862,20,CSE,58,83.91
6863,Student_6863,18,ECE,87,97.55
6864,Student_6864,24,CIVIL,69,73.65
6865,Student_6865,18,MECH,74,87.38
6866,Student_6866,22,IT,48,60.92
6867,Student_6867,18,IT,83,99.29
6868,Student_6868,21,IT,46,60.69
6869,Student_6869,24,IT,51,66.4
6870,Student_6870,20,ECE,50,76.18
6871,Student_6871,19,MECH,99,97.0
6872,Student_6872,19,IT,45,85.31
6873,Student_6873,21,EEE,86,66.82
6874,Student_6874,24,MECH,83,98.18
6875,Student_6875,18,CIVIL,59,85.26
6876,Student_6876,21,CIVIL,46,89.83
6877,Student_6877,18,EEE,64,65.57
6878,Student_6878,24,IT,80,79.69
6879,Student_6879,24,ECE,93,61.97
6880,Student_6880,19,ECE,53,61.22
6881,Student_6881,23,IT,94,96.51
6882,Student_6882,20,CIVIL,78,84.63
6883,Student_6883,23,ECE,67,92.2
6884,Student_6884,22,MECH,50,65.79
6885,Student_6885,20,CSE,72,73.39
6886,Student_6886,23,CSE,77,87.08
6887,Student_6887,22,IT,37,88.26
6888,Student_6888,19,IT,86,60.64
6889,Student_6889,21,CSE,71,82.1
6890,Student_6890,19,ECE,68,60.51
6891,Student_6891,24,EEE,73,95.46
6892,Student_6892,20,MECH,86,87.7
6893,Student_6893,22,EEE,40,88.72
6894,Student_6894,18,EEE,45,85.38
6895,Student_6895,23,CIVIL,99,73.22
6896,Student_6896,21,IT,68,68.17
6897,Student_6897,18,MECH,77,85.08
6898,Student_6898,20,MECH,52,68.82
6899,Student_6899,22,MECH,100,97.07
6900,Student_6900,21,IT,83,73.9
6901,Student_6901,23,CIVIL,65,62.96
6902,Student_6902,21,IT,41,76.67
6903,Student_6903,19,ECE,37,95.39
6904,Student_6904,18,IT,59,82.24
6905,Student_6905,18,EEE,96,93.23
6906,Student_6906,20,IT,92,96.1
6907,Student_6907,18,CIVIL,36,68.57
6908,Student_6908,18,ECE,77,64.85
6909,Student_6909,23,IT,67,94.27
6910,Student_6910,22,CIVIL,76,89.19
6911,Student_6911,22,ECE,72,72.32
6912,Student_6912,22,IT,50,70.38
6913,Student_6913,24,CIVIL,41,98.28
6914,Student_6914,19,EEE,91,65.13
6915,Student_6915,19,CIVIL,80,95.31
6916,Student_6916,23,MECH,95,68.6
6917,Student_6917,18,CIVIL,77,89.15
6918,Student_6918,19,IT,85,79.74
6919,Student_6919,24,CIVIL,67,94.58
6920,Student_6920,24,CIVIL,86,92.59
6921,Student_6921,22,IT,87,93.39
6922,Student_6922,20,MECH,54,83.72
6923,Student_6923,19,EEE,58,94.91
6924,Student_6924,19,CIVIL,56,88.68
6925,Student_6925,18,CSE,62,66.17
6926,Student_6926,20,ECE,40,77.47
6927,Student_6927,22,CIVIL,78,77.08
6928,Student_6928,23,EEE,89,79.4
6929,Student_6929,21,IT,98,80.1
6930,Student_6930,22,MECH,70,72.96
6931,Student_6931,22,ECE,96,98.94
6932,Student_6932,23,EEE,76,93.24
6933,Student_6933,21,EEE,53,63.17
6934,Student_6934,20,IT,60,63.25
6935,Student_6935,21,EEE,79,87.35
6936,Student_6936,23,EEE,55,96.95
6937,Student_6937,23,CIVIL,97,70.98
6938,Student_6938,23,MECH,70,63.48
6939,Student_6939,23,CSE,72,98.83
6940,Student_6940,21,IT,55,77.14
6941,Student_6941,20,CSE,50,91.6
6942,Student_6942,22,MECH,89,70.29
6943,Student_6943,19,EEE,87,74.22
6944,Student_6944,20,CSE,80,91.15
6945,Student_6945,21,EEE,49,84.46
6946,Student_6946,21,CIVIL,89,69.5
6947,Student_6947,23,CSE,41,82.63
6948,Student_6948,19,EEE,99,92.73
6949,Student_6949,18,CSE,85,91.37
6950,Student_6950,24,CSE,45,90.34
6951,Student_6951,20,CIVIL,95,86.09
6952,Student_6952,19,ECE,70,65.78
6953,Student_6953,22,EEE,62,72.21
6954,Student_6954,23,CIVIL,56,79.18
6955,Student_6955,21,CIVIL,41,82.71
6956,Student_6956,22,EEE,90,86.2
6957,Student_6957,18,CSE,99,98.83
6958,Student_6958,20,CSE,61,67.86
6959,Student_6959,20,CIVIL,35,62.88
6960,Student_6960,24,EEE,63,77.55
6961,Student_6961,19,EEE,86,76.01
6962,Student_6962,23,MECH,48,97.14
6963,Student_6963,20,EEE,69,76.67
6964,Student_6964,18,EEE,66,83.43
6965,Student_6965,21,CSE,90,79.38
6966,Student_6966,20,IT,86,85.32
6967,Student_6967,19,MECH,52,61.92
6968,Student_6968,20,IT,61,75.8
6969,Student_6969,23,EEE,43,64.28
6970,Student_6970,23,ECE,79,76.35
6971,Student_6971,23,IT,54,92.12
6972,Student_6972,20,IT,40,66.83
6973,Student_6973,18,EEE,76,88.91
6974,Student_6974,24,IT,62,82.28
6975,Student_6975,24,CSE,98,78.16
6976,Student_6976,24,EEE,52,63.57
6977,Student_6977,19,MECH,58,76.67
6978,Student_6978,19,CIVIL,82,75.91
6979,Student_6979,23,CIVIL,69,71.54
6980,Student_6980,21,CSE,92,82.45
6981,Student_6981,24,CSE,96,93.21
6982,Student_6982,18,IT,47,84.29
6983,Student_6983,18,MECH,96,74.99
6984,Student_6984,18,ECE,70,71.96
6985,Student_6985,24,EEE,56,73.56
6986,Student_6986,23,CSE,89,96.71
6987,Student_6987,22,CIVIL,57,80.8
6988,Student_6988,23,ECE,78,86.52
6989,Student_6989,21,EEE,91,77.8
6990,Student_6990,20,MECH,75,83.29
6991,Student_6991,18,MECH,37,74.47
6992,Student_6992,20,IT,68,85.95
6993,Student_6993,23,ECE,74,68.91
6994,Student_6994,24,MECH,95,86.29
6995,Student_6995,18,EEE,87,92.03
6996,Student_6996,19,ECE,35,93.2
6997,Student_6997,20,CIVIL,41,79.48
6998,Student_6998,23,ECE,73,94.61
6999,Student_6999,20,ECE,81,83.75
7000,Student_7000,21,CSE,41,86.56
7001,Student_7001,18,CSE,77,85.74
7002,Student_7002,21,MECH,64,90.66
7003,Student_7003,22,EEE,65,86.53
7004,Student_7004,24,IT,68,87.77
7005,Student_7005,21,ECE,57,74.1
7006,Student_7006,20,MECH,99,73.47
7007,Student_7007,20,CSE,63,73.7
7008,Student_7008,23,IT,97,72.36
7009,Student_7009,21,CIVIL,77,95.02
7010,Student_7010,20,MECH,62,84.78
7011,Student_7011,20,ECE,65,94.43
7012,Student_7012,22,EEE,82,73.98
7013,Student_7013,18,IT,79,79.44
7014,Student_7014,22,EEE,97,74.49
7015,Student_7015,22,CSE,87,76.1
7016,Student_7016,19,CIVIL,68,85.12
7017,Student_7017,18,ECE,87,66.71
7018,Student_7018,19,IT,73,77.76
7019,Student_7019,20,CSE,94,64.07
7020,Student_7020,21,CIVIL,91,85.34
7021,Student_7021,18,EEE,98,86.78
7022,Student_7022,21,IT,66,98.97
7023,Student_7023,18,CIVIL,79,88.55
7024,Student_7024,22,EEE,40,80.73
7025,Student_7025,19,MECH,71,74.91
7026,Student_7026,24,MECH,39,64.91
7027,Student_7027,18,ECE,84,64.03
7028,Student_7028,18,MECH,79,84.63
7029,Student_7029,18,IT,40,90.32
7030,Student_7030,21,IT,39,97.6
7031,Student_7031,21,CIVIL,69,82.98
7032,Student_7032,21,CIVIL,90,88.03
7033,Student_7033,19,CIVIL,75,72.55
7034,Student_7034,18,MECH,54,64.39
7035,Student_7035,24,EEE,65,86.58
7036,Student_7036,24,CIVIL,89,77.81
7037,Student_7037,23,ECE,80,99.93
7038,Student_7038,24,MECH,97,99.99
7039,Student_7039,20,IT,80,88.13
7040,Student_7040,22,MECH,40,79.56
7041,Student_7041,21,ECE,52,81.36
7042,Student_7042,19,EEE,45,98.68
7043,Student_7043,19,EEE,48,90.13
7044,Student_7044,22,CSE,44,70.88
7045,Student_7045,18,CIVIL,94,96.43
7046,Student_7046,20,ECE,98,85.41
7047,Student_7047,22,ECE,90,76.21
7048,Student_7048,23,ECE,75,79.19
7049,Student_7049,24,IT,87,77.67
7050,Student_7050,24,CSE,69,80.81
7051,Student_7051,18,ECE,36,86.57
7052,Student_7052,21,IT,64,92.18
7053,Student_7053,24,IT,90,93.74
7054,Student_7054,22,ECE,84,92.97
7055,Student_7055,22,ECE,78,67.26
7056,Student_7056,23,MECH,65,95.88
7057,Student_7057,21,CIVIL,68,88.3
7058,Student_7058,24,CSE,53,95.45
7059,Student_7059,24,CIVIL,84,77.17
7060,Student_7060,22,CSE,46,92.41
7061,Student_7061,23,ECE,60,91.87
7062,Student_7062,19,CSE,68,85.06
7063,Student_7063,19,EEE,55,92.2
7064,Student_7064,18,CSE,97,91.59
7065,Student_7065,22,CIVIL,53,93.72
7066,Student_7066,24,CIVIL,74,75.77
7067,Student_7067,24,EEE,92,98.55
7068,Student_7068,23,IT,69,75.1
7069,Student_7069,20,IT,62,67.23
7070,Student_7070,23,EEE,70,71.46
7071,Student_7071,18,CSE,47,91.89
7072,Student_7072,23,CIVIL,78,63.41
7073,Student_7073,21,MECH,59,80.45
7074,Student_7074,18,IT,78,65.78
7075,Student_7075,19,CIVIL,47,87.6
7076,Student_7076,19,MECH,89,80.52
7077,Student_7077,24,CSE,70,94.48
7078,Student_7078,18,EEE,83,86.83
7079,Student_7079,19,CSE,44,70.44
7080,Student_7080,22,ECE,60,69.72
7081,Student_7081,20,CSE,47,64.45
7082,Student_7082,21,ECE,61,96.46
7083,Student_7083,18,ECE,35,80.33
7084,Student_7084,24,MECH,72,78.75
7085,Student_7085,21,CSE,36,99.66
7086,Student_7086,23,IT,96,77.42
7087,Student_7087,22,ECE,94,75.09
7088,Student_7088,23,CIVIL,82,60.1
7089,Student_7089,21,IT,96,87.56
7090,Student_7090,18,IT,88,67.42
7091,Student_7091,18,MECH,53,61.67
7092,Student_7092,22,CIVIL,85,82.44
7093,Student_7093,23,EEE,48,80.04
7094,Student_7094,24,CIVIL,63,61.79
7095,Student_7095,24,IT,55,75.48
7096,Student_7096,20,IT,77,91.83
7097,Student_7097,20,CIVIL,89,78.69
7098,Student_7098,18,CIVIL,45,76.05
7099,Student_7099,20,IT,64,84.37
7100,Student_7100,18,MECH,67,91.84
7101,Student_7101,22,CSE,97,85.81
7102,Student_7102,19,EEE,51,73.45
7103,Student_7103,23,CSE,92,87.31
7104,Student_7104,18,CIVIL,43,89.5
7105,Student_7105,20,CIVIL,47,67.51
7106,Student_7106,22,ECE,85,78.58
7107,Student_7107,18,MECH,70,67.01
7108,Student_7108,20,ECE,43,83.93
7109,Student_7109,23,MECH,52,91.24
7110,Student_7110,20,ECE,86,91.84
7111,Student_7111,19,ECE,49,76.94
7112,Student_7112,23,CSE,100,78.22
7113,Student_7113,24,EEE,100,60.42
7114,Student_7114,24,CIVIL,64,67.96
7115,Student_7115,20,CIVIL,64,90.24
7116,Student_7116,24,EEE,59,87.3
7117,Student_7117,22,IT,45,60.17
7118,Student_7118,20,MECH,65,95.42
7119,Student_7119,20,CSE,96,72.46
7120,Student_7120,20,MECH,62,90.86
7121,Student_7121,23,EEE,50,61.04
7122,Student_7122,19,IT,45,72.17
7123,Student_7123,24,CSE,54,96.44
7124,Student_7124,19,ECE,46,82.85
7125,Student_7125,20,CIVIL,96,82.65
7126,Student_7126,18,ECE,78,92.32
7127,Student_7127,24,CIVIL,93,64.0
7128,Student_7128,21,CSE,97,87.97
7129,Student_7129,19,CSE,79,76.43
7130,Student_7130,21,CSE,73,62.95
7131,Student_7131,20,IT,83,60.19
7132,Student_7132,18,MECH,67,81.63
7133,Student_7133,19,IT,76,68.35
7134,Student_7134,21,MECH,68,64.61
7135,Student_7135,22,MECH,86,78.3
7136,Student_7136,24,IT,90,94.31
7137,Student_7137,18,MECH,70,68.98
7138,Student_7138,20,IT,93,87.05
7139,Student_7139,23,ECE,45,85.56
7140,Student_7140,21,ECE,40,69.11
7141,Student_7141,19,EEE,88,89.94
7142,Student_7142,23,IT,92,73.33
7143,Student_7143,24,MECH,68,99.78
7144,Student_7144,20,CSE,35,72.09
7145,Student_7145,20,CIVIL,40,83.47
7146,Student_7146,23,MECH,62,93.75
7147,Student_7147,22,CSE,79,75.48
7148,Student_7148,24,EEE,72,66.49
7149,Student_7149,18,MECH,81,92.71
7150,Student_7150,23,EEE,96,76.54
7151,Student_7151,18,CSE,48,62.05
7152,Student_7152,22,MECH,85,72.27
7153,Student_7153,21,EEE,72,86.94
7154,Student_7154,20,MECH,78,78.45
7155,Student_7155,22,CIVIL,93,66.07
7156,Student_7156,21,IT,61,71.84
7157,Student_7157,20,EEE,38,90.33
7158,Student_7158,22,CSE,99,70.31
7159,Student_7159,23,MECH,79,89.67
7160,Student_7160,18,MECH,83,88.94
7161,Student_7161,23,CIVIL,58,96.89
7162,Student_7162,23,IT,87,62.71
7163,Student_7163,22,ECE,87,91.27
7164,Student_7164,21,CSE,91,95.33
7165,Student_7165,21,MECH,82,78.74
7166,Student_7166,24,IT,61,82.78
7167,Student_7167,24,MECH,53,75.05
7168,Student_7168,21,MECH,58,95.17
7169,Student_7169,24,MECH,43,86.8
7170,Student_7170,18,CSE,91,90.37
7171,Student_7171,20,CSE,51,82.16
7172,Student_7172,21,ECE,58,86.43
7173,Student_7173,18,MECH,56,71.5
7174,Student_7174,19,ECE,59,87.38
7175,Student_7175,24,ECE,41,91.51
7176,Student_7176,19,CIVIL,64,70.09
7177,Student_7177,21,CSE,86,92.58
7178,Student_7178,18,MECH,68,88.31
7179,Student_7179,23,CSE,86,84.48
7180,Student_7180,23,ECE,59,73.64
7181,Student_7181,22,MECH,76,91.14
7182,Student_7182,22,EEE,46,65.46
7183,Student_7183,20,ECE,96,88.62
7184,Student_7184,18,CSE,83,94.46
7185,Student_7185,20,EEE,78,71.49
7186,Student_7186,21,EEE,66,64.27
7187,Student_7187,22,IT,36,70.24
7188,Student_7188,20,EEE,74,96.18
7189,Student_7189,22,CSE,76,69.9
7190,Student_7190,21,MECH,73,98.82
7191,Student_7191,20,EEE,38,79.19
7192,Student_7192,24,MECH,92,81.77
7193,Student_7193,18,IT,58,61.68
7194,Student_7194,23,CIVIL,51,66.75
7195,Student_7195,19,CSE,96,61.37
7196,Student_7196,18,CIVIL,76,82.41
7197,Student_7197,21,ECE,51,81.6
7198,Student_7198,21,CIVIL,96,66.38
7199,Student_7199,22,MECH,60,93.05
7200,Student_7200,23,CSE,67,92.06
7201,Student_7201,24,EEE,81,91.89
7202,Student_7202,19,CIVIL,49,78.96
7203,Student_7203,23,CIVIL,85,72.39
7204,Student_7204,18,MECH,36,69.38
7205,Student_7205,24,ECE,99,60.27
7206,Student_7206,18,CSE,76,63.14
7207,Student_7207,18,ECE,97,72.49
7208,Student_7208,23,CSE,54,97.56
7209,Student_7209,19,IT,55,89.22
7210,Student_7210,23,CSE,45,88.93
7211,Student_7211,21,EEE,73,74.66
7212,Student_7212,20,CSE,85,71.02
7213,Student_7213,21,CIVIL,52,86.34
7214,Student_7214,23,CSE,42,94.74
7215,Student_7215,20,MECH,88,65.26
7216,Student_7216,21,EEE,37,91.2
7217,Student_7217,20,ECE,86,87.24
7218,Student_7218,22,MECH,67,71.03
7219,Student_7219,24,CSE,64,94.71
7220,Student_7220,21,CSE,96,81.38
7221,Student_7221,24,EEE,72,89.4
7222,Student_7222,24,ECE,60,60.54
7223,Student_7223,20,CIVIL,98,65.67
7224,Student_7224,19,IT,62,75.92
7225,Student_7225,23,IT,36,77.05
7226,Student_7226,24,CSE,68,73.42
7227,Student_7227,22,ECE,64,65.38
7228,Student_7228,21,CSE,69,89.66
7229,Student_7229,22,EEE,99,88.15
7230,Student_7230,22,IT,93,60.28
7231,Student_7231,20,CSE,48,82.62
7232,Student_7232,21,CIVIL,96,86.77
7233,Student_7233,18,CIVIL,51,74.02
7234,Student_7234,22,ECE,40,64.77
7235,Student_7235,22,ECE,80,65.05
7236,Student_7236,19,IT,54,98.78
7237,Student_7237,21,CSE,69,83.01
7238,Student_7238,24,ECE,96,83.42
7239,Student_7239,22,ECE,48,73.75
7240,Student_7240,23,EEE,76,92.42
7241,Student_7241,18,MECH,62,92.08
7242,Student_7242,23,MECH,45,71.3
7243,Student_7243,19,CSE,94,73.37
7244,Student_7244,21,EEE,49,99.8
7245,Student_7245,20,ECE,73,82.45
7246,Student_7246,21,ECE,87,66.34
7247,Student_7247,19,EEE,45,80.69
7248,Student_7248,22,ECE,43,67.11
7249,Student_7249,23,CIVIL,95,89.1
7250,Student_7250,19,IT,90,88.33
7251,Student_7251,21,MECH,56,95.27
7252,Student_7252,20,EEE,59,85.41
7253,Student_7253,19,IT,78,94.4
7254,Student_7254,22,MECH,98,66.59
7255,Student_7255,24,MECH,81,79.06
7256,Student_7256,20,MECH,74,68.91
7257,Student_7257,22,IT,40,93.4
7258,Student_7258,22,CIVIL,41,90.52
7259,Student_7259,19,EEE,37,85.63
7260,Student_7260,19,EEE,95,83.25
7261,Student_7261,21,CSE,38,88.84
7262,Student_7262,22,EEE,36,84.06
7263,Student_7263,21,IT,80,79.32
7264,Student_7264,21,MECH,51,71.52
7265,Student_7265,19,MECH,83,87.78
7266,Student_7266,23,ECE,51,74.64
7267,Student_7267,22,ECE,39,68.83
7268,Student_7268,24,CIVIL,64,62.12
7269,Student_7269,24,CSE,69,96.92
7270,Student_7270,23,CSE,47,87.15
7271,Student_7271,19,MECH,65,64.35
7272,Student_7272,23,CSE,93,67.37
7273,Student_7273,19,MECH,74,96.46
7274,Student_7274,20,MECH,77,76.84
7275,Student_7275,24,CSE,36,85.37
7276,Student_7276,22,EEE,51,96.74
7277,Student_7277,24,ECE,62,99.16
7278,Student_7278,22,CIVIL,69,77.94
7279,Student_7279,20,ECE,55,83.01
7280,Student_7280,23,ECE,76,84.66
7281,Student_7281,23,MECH,96,91.5
7282,Student_7282,24,CSE,80,69.97
7283,Student_7283,22,CSE,56,66.65
7284,Student_7284,24,ECE,73,78.6
7285,Student_7285,24,ECE,86,72.98
7286,Student_7286,18,IT,60,65.73
7287,Student_7287,22,CSE,39,88.13
7288,Student_7288,23,CSE,90,72.02
7289,Student_7289,21,MECH,43,94.59
7290,Student_7290,23,EEE,73,65.83
7291,Student_7291,22,MECH,66,93.68
7292,Student_7292,23,EEE,75,70.39
7293,Student_7293,18,IT,71,67.04
7294,Student_7294,19,CSE,86,84.77
7295,Student_7295,22,ECE,42,89.39
7296,Student_7296,21,EEE,69,97.84
7297,Student_7297,19,CIVIL,60,72.23
7298,Student_7298,19,IT,86,83.5
7299,Student_7299,20,EEE,62,89.57
7300,Student_7300,23,CIVIL,58,91.65
7301,Student_7301,23,EEE,57,80.54
7302,Student_7302,22,IT,63,73.37
7303,Student_7303,19,ECE,100,63.94
7304,Student_7304,19,ECE,37,97.37
7305,Student_7305,19,EEE,78,69.94
7306,Student_7306,24,IT,61,62.02
7307,Student_7307,19,MECH,74,64.06
7308,Student_7308,19,ECE,72,90.33
7309,Student_7309,20,CSE,82,67.64
7310,Student_7310,24,MECH,55,62.2
7311,Student_7311,19,EEE,40,72.97
7312,Student_7312,18,MECH,41,65.02
7313,Student_7313,24,ECE,76,63.83
7314,Student_7314,18,MECH,46,74.63
7315,Student_7315,20,EEE,98,62.17
7316,Student_7316,22,EEE,41,70.94
7317,Student_7317,19,IT,73,97.85
7318,Student_7318,21,EEE,44,63.15
7319,Student_7319,22,ECE,82,92.52
7320,Student_7320,24,CSE,51,72.83
7321,Student_7321,22,CSE,97,90.83
7322,Student_7322,18,CIVIL,46,93.78
7323,Student_7323,24,IT,79,96.14
7324,Student_7324,20,IT,63,89.17
7325,Student_7325,20,CIVIL,67,97.26
7326,Student_7326,18,CIVIL,95,64.4
7327,Student_7327,23,MECH,75,74.32
7328,Student_7328,18,MECH,90,91.9
7329,Student_7329,19,CIVIL,51,99.23
7330,Student_7330,21,ECE,37,93.6
7331,Student_7331,21,CSE,87,65.37
7332,Student_7332,24,CSE,81,95.67
7333,Student_7333,23,MECH,65,72.64
7334,Student_7334,18,CSE,93,77.43
7335,Student_7335,18,EEE,40,71.57
7336,Student_7336,18,EEE,84,80.04
7337,Student_7337,20,IT,88,83.83
7338,Student_7338,21,CSE,74,67.59
7339,Student_7339,19,IT,89,60.96
7340,Student_7340,22,CSE,39,64.37
7341,Student_7341,18,EEE,88,89.31
7342,Student_7342,24,CSE,62,84.0
7343,Student_7343,21,CIVIL,99,82.29
7344,Student_7344,22,CIVIL,61,61.53
7345,Student_7345,24,MECH,49,75.43
7346,Student_7346,19,CIVIL,49,76.31
7347,Student_7347,22,MECH,80,63.54
7348,Student_7348,24,IT,80,97.3
7349,Student_7349,22,CSE,79,85.11
7350,Student_7350,23,CIVIL,83,73.36
7351,Student_7351,21,CIVIL,55,75.21
7352,Student_7352,19,CIVIL,39,60.48
7353,Student_7353,19,IT,97,66.26
7354,Student_7354,18,IT,49,86.93
7355,Student_7355,24,EEE,92,66.17
7356,Student_7356,19,MECH,61,74.07
7357,Student_7357,20,CSE,94,80.63
7358,Student_7358,23,IT,38,98.38
7359,Student_7359,19,CSE,86,84.15
7360,Student_7360,22,CIVIL,82,64.13
7361,Student_7361,20,EEE,71,84.3
7362,Student_7362,19,MECH,94,95.67
7363,Student_7363,20,MECH,96,70.54
7364,Student_7364,18,MECH,83,81.07
7365,Student_7365,23,MECH,92,74.9
7366,Student_7366,24,CIVIL,78,90.51
7367,Student_7367,18,CSE,89,72.17
7368,Student_7368,21,CSE,79,86.75
7369,Student_7369,24,EEE,86,68.29
7370,Student_7370,20,ECE,46,80.15
7371,Student_7371,23,IT,91,68.38
7372,Student_7372,19,CSE,39,65.39
7373,Student_7373,22,EEE,89,73.25
7374,Student_7374,24,ECE,65,90.82
7375,Student_7375,23,MECH,96,91.78
7376,Student_7376,18,IT,60,63.98
7377,Student_7377,21,IT,96,64.33
7378,Student_7378,24,ECE,88,64.31
7379,Student_7379,20,CIVIL,96,86.93
7380,Student_7380,18,CSE,53,70.5
7381,Student_7381,18,ECE,82,98.21
7382,Student_7382,20,EEE,76,60.95
7383,Student_7383,18,EEE,72,83.59
7384,Student_7384,18,CIVIL,39,86.63
7385,Student_7385,22,CIVIL,61,82.72
7386,Student_7386,21,MECH,93,69.48
7387,Student_7387,22,MECH,52,72.39
7388,Student_7388,18,MECH,62,60.53
7389,Student_7389,24,EEE,66,81.05
7390,Student_7390,24,IT,42,61.1
7391,Student_7391,22,CSE,72,68.94
7392,Student_7392,19,CIVIL,74,84.74
7393,Student_7393,19,CSE,97,87.67
7394,Student_7394,23,EEE,48,77.51
7395,Student_7395,22,CIVIL,87,72.56
7396,Student_7396,20,MECH,84,66.1
7397,Student_7397,22,MECH,59,74.37
7398,Student_7398,22,CIVIL,83,66.27
7399,Student_7399,20,ECE,92,91.12
7400,Student_7400,23,MECH,42,60.17
7401,Student_7401,19,ECE,39,65.19
7402,Student_7402,20,CSE,82,75.29
7403,Student_7403,21,MECH,48,67.38
7404,Student_7404,18,IT,82,80.75
7405,Student_7405,23,CSE,68,64.09
7406,Student_7406,22,IT,56,90.89
7407,Student_7407,22,CSE,78,62.78
7408,Student_7408,21,MECH,40,88.39
7409,Student_7409,24,CSE,58,68.7
7410,Student_7410,19,MECH,72,90.85
7411,Student_7411,21,IT,39,83.35
7412,Student_7412,21,ECE,88,63.32
7413,Student_7413,19,MECH,85,84.46
7414,Student_7414,24,CIVIL,71,72.11
7415,Student_7415,19,CSE,53,66.4
7416,Student_7416,20,IT,54,70.04
7417,Student_7417,22,MECH,59,88.97
7418,Student_7418,19,MECH,65,78.48
7419,Student_7419,20,EEE,40,69.05
7420,Student_7420,18,CSE,39,87.82
7421,Student_7421,21,IT,83,85.25
7422,Student_7422,24,CSE,68,91.52
7423,Student_7423,22,ECE,87,60.26
7424,Student_7424,18,CSE,68,78.17
7425,Student_7425,24,CSE,99,82.71
7426,Student_7426,23,CSE,48,92.58
7427,Student_7427,24,CIVIL,51,89.35
7428,Student_7428,24,MECH,53,95.54
7429,Student_7429,23,MECH,87,82.41
7430,Student_7430,23,ECE,72,62.54
7431,Student_7431,18,ECE,68,63.14
7432,Student_7432,18,ECE,43,80.63
7433,Student_7433,18,CIVIL,48,72.48
7434,Student_7434,20,CSE,64,66.26
7435,Student_7435,23,CSE,91,94.95
7436,Student_7436,23,CSE,74,72.47
7437,Student_7437,18,CIVIL,81,76.56
7438,Student_7438,22,IT,70,91.7
7439,Student_7439,24,MECH,93,64.0
7440,Student_7440,23,CIVIL,93,81.06
7441,Student_7441,18,CSE,60,64.18
7442,Student_7442,24,EEE,84,70.87
7443,Student_7443,21,ECE,54,78.31
7444,Student_7444,23,MECH,69,91.62
7445,Student_7445,21,IT,69,61.09
7446,Student_7446,19,MECH,68,70.33
7447,Student_7447,23,CIVIL,92,60.15
7448,Student_7448,19,ECE,48,88.32
7449,Student_7449,21,IT,71,63.56
7450,Student_7450,24,IT,86,98.54
7451,Student_7451,18,CSE,84,60.68
7452,Student_7452,19,MECH,92,74.02
7453,Student_7453,18,IT,40,73.91
7454,Student_7454,21,ECE,46,87.42
7455,Student_7455,18,CSE,38,99.86
7456,Student_7456,22,MECH,77,71.81
7457,Student_7457,24,CSE,56,72.88
7458,Student_7458,21,CSE,84,97.24
7459,Student_7459,18,CSE,70,77.63
7460,Student_7460,22,MECH,94,83.98
7461,Student_7461,22,MECH,69,80.35
7462,Student_7462,22,CSE,94,60.48
7463,Student_7463,23,ECE,86,92.32
7464,Student_7464,18,CSE,93,91.92
7465,Student_7465,18,CSE,91,79.45
7466,Student_7466,24,ECE,96,72.53
7467,Student_7467,20,CIVIL,60,92.36
7468,Student_7468,24,CSE,91,81.11
7469,Student_7469,18,CSE,91,64.26
7470,Student_7470,23,MECH,41,99.71
7471,Student_7471,20,CIVIL,38,66.81
7472,Student_7472,18,EEE,71,71.75
7473,Student_7473,24,EEE,77,93.97
7474,Student_7474,21,MECH,70,69.1
7475,Student_7475,19,IT,73,86.54
7476,Student_7476,23,MECH,78,74.96
7477,Student_7477,19,ECE,48,79.2
7478,Student_7478,23,CSE,62,89.08
7479,Student_7479,20,ECE,35,95.06
7480,Student_7480,24,CSE,74,84.69
7481,Student_7481,24,CIVIL,58,75.39
7482,Student_7482,21,EEE,62,88.77
7483,Student_7483,23,CSE,96,85.9
7484,Student_7484,21,ECE,48,99.78
7485,Student_7485,19,CIVIL,73,90.53
7486,Student_7486,23,ECE,69,80.26
7487,Student_7487,23,IT,54,97.16
7488,Student_7488,19,IT,79,93.83
7489,Student_7489,21,EEE,66,93.42
7490,Student_7490,19,MECH,84,82.14
7491,Student_7491,23,CSE,68,88.05
7492,Student_7492,19,EEE,60,91.64
7493,Student_7493,24,MECH,84,77.61
7494,Student_7494,18,MECH,35,74.61
7495,Student_7495,22,IT,47,79.11
7496,Student_7496,19,EEE,94,84.3
7497,Student_7497,18,IT,50,75.54
7498,Student_7498,20,CSE,85,87.9
7499,Student_7499,22,CIVIL,59,97.38
7500,Student_7500,20,EEE,85,72.09
7501,Student_7501,19,CIVIL,92,60.62
7502,Student_7502,20,IT,76,74.42
7503,Student_7503,18,ECE,65,70.02
7504,Student_7504,19,MECH,47,88.97
7505,Student_7505,21,MECH,54,74.48
7506,Student_7506,19,CIVIL,42,73.17
7507,Student_7507,22,ECE,84,99.4
7508,Student_7508,18,CSE,45,91.35
7509,Student_7509,24,CSE,42,63.33
7510,Student_7510,20,MECH,44,76.61
7511,Student_7511,24,CIVIL,93,67.7
7512,Student_7512,20,EEE,100,63.28
7513,Student_7513,18,ECE,35,61.88
7514,Student_7514,23,CIVIL,100,65.6
7515,Student_7515,24,ECE,73,86.64
7516,Student_7516,21,CIVIL,41,90.57
7517,Student_7517,23,IT,86,79.12
7518,Student_7518,19,IT,62,62.94
7519,Student_7519,20,IT,68,81.17
7520,Student_7520,21,IT,94,97.95
7521,Student_7521,19,IT,87,94.24
7522,Student_7522,20,EEE,88,62.81
7523,Student_7523,19,ECE,44,90.88
7524,Student_7524,22,CIVIL,52,95.15
7525,Student_7525,18,MECH,62,90.03
7526,Student_7526,22,IT,85,92.88
7527,Student_7527,18,MECH,84,62.53
7528,Student_7528,23,IT,63,93.14
7529,Student_7529,19,ECE,87,70.47
7530,Student_7530,18,IT,90,84.3
7531,Student_7531,21,CIVIL,59,72.67
7532,Student_7532,23,CIVIL,43,76.55
7533,Student_7533,21,MECH,70,60.6
7534,Student_7534,19,ECE,63,91.26
7535,Student_7535,23,CSE,64,86.34
7536,Student_7536,20,ECE,54,95.42
7537,Student_7537,23,MECH,93,96.46
7538,Student_7538,19,MECH,65,78.44
7539,Student_7539,20,CIVIL,76,93.83
7540,Student_7540,19,ECE,75,67.4
7541,Student_7541,22,MECH,67,70.33
7542,Student_7542,23,CIVIL,70,90.4
7543,Student_7543,19,IT,89,90.67
7544,Student_7544,23,CIVIL,90,80.29
7545,Student_7545,24,CSE,44,72.36
7546,Student_7546,19,ECE,40,77.04
7547,Student_7547,18,CIVIL,38,72.82
7548,Student_7548,21,MECH,45,93.64
7549,Student_7549,20,IT,79,83.75
7550,Student_7550,23,IT,42,90.84
7551,Student_7551,21,IT,56,91.2
7552,Student_7552,22,MECH,41,66.87
7553,Student_7553,20,CIVIL,47,87.52
7554,Student_7554,18,IT,69,98.18
7555,Student_7555,19,MECH,56,64.65
7556,Student_7556,19,IT,85,75.81
7557,Student_7557,18,ECE,53,67.61
7558,Student_7558,22,EEE,44,81.41
7559,Student_7559,18,ECE,75,73.79
7560,Student_7560,22,CIVIL,97,78.74
7561,Student_7561,19,IT,93,98.81
7562,Student_7562,24,CIVIL,60,84.07
7563,Student_7563,20,MECH,75,90.55
7564,Student_7564,18,CIVIL,53,70.19
7565,Student_7565,21,EEE,45,62.94
7566,Student_7566,21,IT,62,99.51
7567,Student_7567,21,CSE,62,88.42
7568,Student_7568,21,ECE,80,75.72
7569,Student_7569,23,MECH,90,64.16
7570,Student_7570,19,EEE,72,89.21
7571,Student_7571,19,ECE,61,61.23
7572,Student_7572,18,CIVIL,40,74.46
7573,Student_7573,19,CSE,100,87.98
7574,Student_7574,22,ECE,67,99.77
7575,Student_7575,22,ECE,100,78.65
7576,Student_7576,24,ECE,49,61.57
7577,Student_7577,21,IT,60,63.33
7578,Student_7578,23,MECH,64,88.65
7579,Student_7579,20,EEE,79,65.97
7580,Student_7580,18,MECH,52,60.26
7581,Student_7581,22,MECH,37,82.02
7582,Student_7582,19,CIVIL,95,70.14
7583,Student_7583,23,CSE,90,87.28
7584,Student_7584,19,MECH,90,90.48
7585,Student_7585,19,IT,85,73.05
7586,Student_7586,19,CIVIL,76,74.14
7587,Student_7587,18,IT,37,60.73
7588,Student_7588,20,CSE,39,80.53
7589,Student_7589,22,EEE,67,88.4
7590,Student_7590,19,MECH,57,68.32
7591,Student_7591,18,CSE,61,76.73
7592,Student_7592,21,ECE,51,69.63
7593,Student_7593,18,ECE,64,60.11
7594,Student_7594,19,IT,69,87.31
7595,Student_7595,24,IT,70,67.9
7596,Student_7596,21,EEE,61,82.97
7597,Student_7597,21,CIVIL,53,93.98
7598,Student_7598,22,CSE,49,94.85
7599,Student_7599,23,MECH,63,64.96
7600,Student_7600,24,MECH,84,93.45
7601,Student_7601,21,IT,74,60.37
7602,Student_7602,19,CSE,67,74.95
7603,Student_7603,20,CSE,37,75.58
7604,Student_7604,21,MECH,68,83.21
7605,Student_7605,18,CSE,71,71.61
7606,Student_7606,23,EEE,38,63.99
7607,Student_7607,23,IT,47,79.59
7608,Student_7608,20,ECE,87,93.21
7609,Student_7609,19,CIVIL,35,83.45
7610,Student_7610,20,CSE,50,74.35
7611,Student_7611,20,CSE,87,84.61
7612,Student_7612,23,MECH,47,89.23
7613,Student_7613,24,ECE,50,73.2
7614,Student_7614,19,IT,77,74.9
7615,Student_7615,23,ECE,55,65.33
7616,Student_7616,24,CIVIL,41,72.98
7617,Student_7617,24,CIVIL,59,99.36
7618,Student_7618,23,MECH,73,69.4
7619,Student_7619,20,IT,42,98.19
7620,Student_7620,24,IT,74,79.88
7621,Student_7621,21,ECE,78,89.85
7622,Student_7622,23,ECE,81,61.87
7623,Student_7623,18,CSE,49,96.59
7624,Student_7624,24,ECE,76,72.77
7625,Student_7625,23,MECH,58,78.52
7626,Student_7626,23,CIVIL,57,76.07
7627,Student_7627,19,CSE,91,71.05
7628,Student_7628,22,CSE,65,60.79
7629,Student_7629,20,CIVIL,99,60.28
7630,Student_7630,24,CIVIL,95,64.71
7631,Student_7631,22,MECH,43,91.97
7632,Student_7632,24,EEE,51,67.12
7633,Student_7633,19,EEE,77,98.38
7634,Student_7634,24,EEE,81,83.85
7635,Student_7635,19,CSE,76,89.46
7636,Student_7636,20,CIVIL,87,77.72
7637,Student_7637,21,MECH,46,64.28
7638,Student_7638,19,MECH,63,60.73
7639,Student_7639,20,EEE,94,76.47
7640,Student_7640,19,MECH,67,73.01
7641,Student_7641,24,IT,48,63.51
7642,Student_7642,21,CSE,80,98.72
7643,Student_7643,22,MECH,39,91.92
7644,Student_7644,18,EEE,56,67.26
7645,Student_7645,24,ECE,60,75.16
7646,Student_7646,22,CIVIL,83,62.43
7647,Student_7647,22,ECE,69,78.34
7648,Student_7648,23,IT,44,65.2
7649,Student_7649,22,IT,64,60.28
7650,Student_7650,21,EEE,84,96.1
7651,Student_7651,23,CSE,66,89.22
7652,Student_7652,22,CIVIL,96,83.09
7653,Student_7653,24,CIVIL,51,78.66
7654,Student_7654,23,EEE,85,97.4
7655,Student_7655,24,ECE,62,80.83
7656,Student_7656,21,IT,80,95.3
7657,Student_7657,19,CIVIL,81,89.36
7658,Student_7658,22,CIVIL,100,75.86
7659,Student_7659,23,CSE,68,91.04
7660,Student_7660,22,MECH,85,87.87
7661,Student_7661,18,IT,36,85.8
7662,Student_7662,21,ECE,98,83.5
7663,Student_7663,22,CIVIL,73,91.27
7664,Student_7664,20,MECH,67,94.78
7665,Student_7665,20,EEE,49,94.0
7666,Student_7666,18,MECH,86,83.26
7667,Student_7667,24,ECE,89,65.42
7668,Student_7668,23,EEE,71,86.17
7669,Student_7669,20,MECH,80,99.74
7670,Student_7670,18,IT,85,61.24
7671,Student_7671,24,IT,68,69.98
7672,Student_7672,22,IT,100,68.37
7673,Student_7673,22,CIVIL,77,98.19
7674,Student_7674,23,IT,41,78.48
7675,Student_7675,22,IT,89,74.55
7676,Student_7676,24,EEE,92,80.3
7677,Student_7677,19,IT,98,73.19
7678,Student_7678,23,CIVIL,44,75.14
7679,Student_7679,22,EEE,62,99.64
7680,Student_7680,23,CSE,97,93.64
7681,Student_7681,23,ECE,42,99.84
7682,Student_7682,23,IT,47,92.25
7683,Student_7683,24,MECH,94,98.29
7684,Student_7684,18,IT,59,72.65
7685,Student_7685,18,IT,35,79.68
7686,Student_7686,22,ECE,84,83.35
7687,Student_7687,19,ECE,60,88.62
7688,Student_7688,22,EEE,71,60.55
7689,Student_7689,19,MECH,78,65.2
7690,Student_7690,22,EEE,40,89.12
7691,Student_7691,19,CSE,52,97.19
7692,Student_7692,23,MECH,75,67.82
7693,Student_7693,21,ECE,75,87.77
7694,Student_7694,23,EEE,50,71.39
7695,Student_7695,21,ECE,68,83.77
7696,Student_7696,18,ECE,52,98.74
7697,Student_7697,19,EEE,96,79.49
7698,Student_7698,20,MECH,77,95.45
7699,Student_7699,22,ECE,80,72.56
7700,Student_7700,20,IT,92,99.47
7701,Student_7701,18,ECE,39,61.64
7702,Student_7702,18,MECH,67,62.95
7703,Student_7703,21,EEE,68,97.48
7704,Student_7704,24,EEE,70,91.97
7705,Student_7705,24,MECH,49,90.64
7706,Student_7706,18,CIVIL,66,97.09
7707,Student_7707,22,CSE,53,79.1
7708,Student_7708,23,CSE,88,73.0
7709,Student_7709,21,IT,86,64.13
7710,Student_7710,19,ECE,54,96.25
7711,Student_7711,22,IT,65,86.25
7712,Student_7712,23,CSE,81,75.45
7713,Student_7713,20,MECH,80,69.93
7714,Student_7714,18,EEE,82,74.79
7715,Student_7715,24,EEE,77,62.04
7716,Student_7716,21,ECE,77,77.15
7717,Student_7717,21,MECH,97,90.73
7718,Student_7718,22,IT,74,96.92
7719,Student_7719,19,ECE,52,79.53
7720,Student_7720,24,ECE,42,70.51
7721,Student_7721,24,MECH,39,61.17
7722,Student_7722,19,IT,66,76.01
7723,Student_7723,21,IT,53,97.92
7724,Student_7724,21,CIVIL,37,67.35
7725,Student_7725,23,ECE,54,62.48
7726,Student_7726,21,EEE,78,87.06
7727,Student_7727,21,CSE,93,90.93
7728,Student_7728,18,MECH,94,60.95
7729,Student_7729,23,CSE,78,87.13
7730,Student_7730,19,CSE,42,68.29
7731,Student_7731,24,ECE,67,72.37
7732,Student_7732,18,MECH,90,83.97
7733,Student_7733,19,CSE,83,67.29
7734,Student_7734,18,CIVIL,59,87.43
7735,Student_7735,24,IT,64,83.53
7736,Student_7736,23,CSE,55,83.12
7737,Student_7737,21,IT,53,64.5
7738,Student_7738,24,EEE,63,61.0
7739,Student_7739,18,ECE,57,96.79
7740,Student_7740,18,CSE,51,95.38
7741,Student_7741,22,ECE,94,77.78
7742,Student_7742,20,ECE,93,91.18
7743,Student_7743,20,EEE,76,79.64
7744,Student_7744,22,CIVIL,91,91.57
7745,Student_7745,22,ECE,42,76.01
7746,Student_7746,19,ECE,38,98.4
7747,Student_7747,19,MECH,41,96.06
7748,Student_7748,20,MECH,88,74.63
7749,Student_7749,22,EEE,52,89.63
7750,Student_7750,20,MECH,87,60.53
7751,Student_7751,22,MECH,37,85.87
7752,Student_7752,24,EEE,91,66.23
7753,Student_7753,23,EEE,78,67.08
7754,Student_7754,21,ECE,92,82.0
7755,Student_7755,23,EEE,95,79.79
7756,Student_7756,22,EEE,36,77.66
7757,Student_7757,24,IT,69,76.66
7758,Student_7758,21,MECH,93,91.02
7759,Student_7759,18,MECH,46,65.69
7760,Student_7760,22,CIVIL,99,84.27
7761,Student_7761,19,CIVIL,74,66.2
7762,Student_7762,22,CSE,52,80.51
7763,Student_7763,19,MECH,44,88.3
7764,Student_7764,24,MECH,67,64.78
7765,Student_7765,18,CSE,78,67.84
7766,Student_7766,21,CSE,89,61.33
7767,Student_7767,21,IT,85,81.71
7768,Student_7768,18,ECE,44,87.6
7769,Student_7769,23,MECH,83,72.22
7770,Student_7770,21,CIVIL,82,85.44
7771,Student_7771,19,MECH,59,95.9
7772,Student_7772,19,EEE,52,82.27
7773,Student_7773,20,ECE,82,86.89
7774,Student_7774,20,CSE,86,91.67
7775,Student_7775,18,CIVIL,45,99.08
7776,Student_7776,22,IT,68,82.25
7777,Student_7777,22,MECH,35,97.24
7778,Student_7778,18,MECH,35,87.69
7779,Student_7779,24,IT,86,79.44
7780,Student_7780,18,EEE,56,61.58
7781,Student_7781,21,IT,48,88.98
7782,Student_7782,18,MECH,71,62.33
7783,Student_7783,19,ECE,89,99.0
7784,Student_7784,22,EEE,91,83.88
7785,Student_7785,21,IT,54,85.92
7786,Student_7786,20,MECH,45,86.79
7787,Student_7787,20,CSE,46,61.4
7788,Student_7788,24,CIVIL,35,62.05
7789,Student_7789,21,CSE,48,79.85
7790,Student_7790,23,EEE,38,89.06
7791,Student_7791,18,EEE,41,65.94
7792,Student_7792,23,EEE,95,66.54
7793,Student_7793,24,IT,64,88.13
7794,Student_7794,22,ECE,39,63.28
7795,Student_7795,23,ECE,95,74.58
7796,Student_7796,22,CIVIL,95,70.76
7797,Student_7797,21,IT,77,85.6
7798,Student_7798,24,CIVIL,89,72.85
7799,Student_7799,24,IT,92,89.93
7800,Student_7800,20,ECE,79,66.05
7801,Student_7801,23,IT,68,86.76
7802,Student_7802,19,CSE,71,63.34
7803,Student_7803,20,CSE,79,91.14
7804,Student_7804,19,MECH,72,61.57
7805,Student_7805,24,IT,81,63.72
7806,Student_7806,19,ECE,93,97.5
7807,Student_7807,22,ECE,91,91.58
7808,Student_7808,24,MECH,92,75.17
7809,Student_7809,18,IT,83,90.68
7810,Student_7810,18,CIVIL,75,73.74
7811,Student_7811,24,CSE,93,72.05
7812,Student_7812,23,CSE,81,80.84
7813,Student_7813,22,IT,85,80.65
7814,Student_7814,18,EEE,69,83.53
7815,Student_7815,18,CIVIL,42,68.46
7816,Student_7816,24,EEE,99,76.03
7817,Student_7817,20,IT,40,86.95
7818,Student_7818,21,EEE,68,73.23
7819,Student_7819,22,CIVIL,90,68.36
7820,Student_7820,20,EEE,66,72.69
7821,Student_7821,21,IT,48,63.89
7822,Student_7822,18,CSE,42,96.44
7823,Student_7823,22,EEE,44,98.49
7824,Student_7824,20,MECH,89,95.88
7825,Student_7825,22,CIVIL,76,83.86
7826,Student_7826,24,ECE,44,69.71
7827,Student_7827,24,CIVIL,87,64.71
7828,Student_7828,23,ECE,41,92.75
7829,Student_7829,21,IT,60,86.03
7830,Student_7830,23,CIVIL,36,95.1
7831,Student_7831,18,ECE,53,86.27
7832,Student_7832,21,EEE,54,73.85
7833,Student_7833,21,IT,52,60.35
7834,Student_7834,24,EEE,72,81.87
7835,Student_7835,19,CIVIL,96,96.86
7836,Student_7836,22,CSE,53,98.74
7837,Student_7837,24,EEE,95,98.87
7838,Student_7838,20,CIVIL,70,77.87
7839,Student_7839,21,CSE,72,66.98
7840,Student_7840,19,MECH,48,79.27
7841,Student_7841,22,EEE,95,99.47
7842,Student_7842,19,CSE,68,77.19
7843,Student_7843,21,ECE,98,73.44
7844,Student_7844,18,EEE,79,92.02
7845,Student_7845,22,ECE,89,77.84
7846,Student_7846,24,MECH,99,80.74
7847,Student_7847,22,MECH,94,97.63
7848,Student_7848,20,EEE,70,73.18
7849,Student_7849,20,MECH,72,98.66
7850,Student_7850,19,EEE,35,64.62
7851,Student_7851,22,ECE,62,76.64
7852,Student_7852,18,IT,77,98.5
7853,Student_7853,21,ECE,93,73.31
7854,Student_7854,18,IT,61,70.05
7855,Student_7855,19,CIVIL,38,64.44
7856,Student_7856,24,EEE,71,91.51
7857,Student_7857,21,CIVIL,66,76.88
7858,Student_7858,24,IT,79,76.28
7859,Student_7859,18,EEE,87,82.18
7860,Student_7860,21,ECE,51,88.05
7861,Student_7861,19,CSE,94,61.13
7862,Student_7862,21,EEE,67,80.74
7863,Student_7863,24,EEE,64,64.09
7864,Student_7864,18,ECE,51,77.98
7865,Student_7865,20,ECE,66,62.11
7866,Student_7866,24,MECH,57,92.34
7867,Student_7867,23,IT,97,62.7
7868,Student_7868,21,IT,55,71.37
7869,Student_7869,21,EEE,88,67.52
7870,Student_7870,18,CSE,51,85.02
7871,Student_7871,19,CIVIL,36,79.66
7872,Student_7872,24,ECE,97,81.58
7873,Student_7873,24,CSE,85,76.65
7874,Student_7874,20,IT,73,73.87
7875,Student_7875,24,CIVIL,77,80.54
7876,Student_7876,21,ECE,80,77.32
7877,Student_7877,23,EEE,45,80.92
7878,Student_7878,18,ECE,57,73.54
7879,Student_7879,18,ECE,83,77.31
7880,Student_7880,18,EEE,69,75.6
7881,Student_7881,23,CIVIL,74,67.02
7882,Student_7882,22,ECE,71,77.96
7883,Student_7883,18,EEE,54,61.78
7884,Student_7884,18,IT,63,93.59
7885,Student_7885,19,CIVIL,93,63.65
7886,Student_7886,23,ECE,61,89.83
7887,Student_7887,18,ECE,90,97.79
7888,Student_7888,22,MECH,72,65.07
7889,Student_7889,21,IT,96,81.81
7890,Student_7890,19,MECH,78,67.45
7891,Student_7891,19,CIVIL,94,89.55
7892,Student_7892,18,IT,66,65.98
7893,Student_7893,22,MECH,92,82.44
7894,Student_7894,24,EEE,91,98.8
7895,Student_7895,23,CSE,87,67.28
7896,Student_7896,22,ECE,63,70.64
7897,Student_7897,23,EEE,82,79.21
7898,Student_7898,20,MECH,57,67.72
7899,Student_7899,23,ECE,92,79.99
7900,Student_7900,23,CSE,42,70.19
7901,Student_7901,19,EEE,80,88.23
7902,Student_7902,21,ECE,42,97.66
7903,Student_7903,24,MECH,63,89.82
7904,Student_7904,23,ECE,56,82.03
7905,Student_7905,24,MECH,37,72.49
7906,Student_7906,19,EEE,40,90.53
7907,Student_7907,19,EEE,78,73.51
7908,Student_7908,21,CIVIL,63,99.24
7909,Student_7909,24,MECH,93,85.97
7910,Student_7910,20,CSE,48,76.62
7911,Student_7911,22,CIVIL,43,74.39
7912,Student_7912,22,MECH,71,75.99
7913,Student_7913,23,MECH,64,81.11
7914,Student_7914,24,EEE,83,84.35
7915,Student_7915,20,EEE,100,86.85
7916,Student_7916,20,IT,90,79.98
7917,Student_7917,19,ECE,58,88.47
7918,Student_7918,22,CSE,55,71.34
7919,Student_7919,22,EEE,80,81.39
7920,Student_7920,23,MECH,38,60.42
7921,Student_7921,24,MECH,55,69.57
7922,Student_7922,22,EEE,75,83.31
7923,Student_7923,22,IT,70,98.36
7924,Student_7924,21,EEE,39,79.53
7925,Student_7925,18,IT,76,68.25
7926,Student_7926,18,ECE,41,69.02
7927,Student_7927,19,CIVIL,100,61.16
7928,Student_7928,18,ECE,99,79.95
7929,Student_7929,24,MECH,53,81.77
7930,Student_7930,19,EEE,89,81.99
7931,Student_7931,18,EEE,44,61.53
7932,Student_7932,23,CSE,49,74.64
7933,Student_7933,19,ECE,93,71.21
7934,Student_7934,24,ECE,76,76.15
7935,Student_7935,18,ECE,92,79.64
7936,Student_7936,22,MECH,44,99.92
7937,Student_7937,21,EEE,90,86.4
7938,Student_7938,20,MECH,72,74.14
7939,Student_7939,21,EEE,78,84.46
7940,Student_7940,20,EEE,38,95.64
7941,Student_7941,20,IT,65,87.53
7942,Student_7942,21,ECE,45,77.72
7943,Student_7943,20,CIVIL,81,95.01
7944,Student_7944,24,EEE,44,82.37
7945,Student_7945,22,EEE,55,87.59
7946,Student_7946,19,IT,81,65.74
7947,Student_7947,18,MECH,99,66.56
7948,Student_7948,24,CSE,85,86.0
7949,Student_7949,18,CSE,58,63.7
7950,Student_7950,24,EEE,97,71.82
7951,Student_7951,20,EEE,54,62.4
7952,Student_7952,19,CSE,52,78.94
7953,Student_7953,21,CIVIL,68,78.53
7954,Student_7954,18,CIVIL,53,72.01
7955,Student_7955,18,ECE,81,87.33
7956,Student_7956,19,ECE,46,91.43
7957,Student_7957,23,EEE,71,60.38
7958,Student_7958,23,ECE,60,99.95
7959,Student_7959,21,ECE,72,85.76
7960,Student_7960,24,CSE,67,63.61
7961,Student_7961,24,IT,46,92.91
7962,Student_7962,18,EEE,56,74.14
7963,Student_7963,22,EEE,42,88.3
7964,Student_7964,20,MECH,67,63.54
7965,Student_7965,24,IT,65,96.17
7966,Student_7966,20,EEE,87,60.33
7967,Student_7967,22,CIVIL,46,98.19
7968,Student_7968,24,CSE,61,92.0
7969,Student_7969,23,IT,64,70.48
7970,Student_7970,22,IT,81,78.92
7971,Student_7971,19,ECE,90,87.68
7972,Student_7972,21,MECH,88,63.49
7973,Student_7973,21,ECE,72,92.78
7974,Student_7974,18,CSE,54,61.04
7975,Student_7975,19,CIVIL,46,95.31
7976,Student_7976,23,ECE,99,63.34
7977,Student_7977,19,CSE,46,71.6
7978,Student_7978,24,EEE,39,66.51
7979,Student_7979,22,CIVIL,41,82.24
7980,Student_7980,23,CIVIL,43,83.14
7981,Student_7981,23,MECH,73,92.38
7982,Student_7982,19,ECE,49,92.98
7983,Student_7983,18,IT,39,80.53
7984,Student_7984,18,IT,62,67.69
7985,Student_7985,21,CIVIL,61,63.76
7986,Student_7986,19,ECE,90,95.24
7987,Student_7987,23,MECH,97,62.15
7988,Student_7988,20,IT,43,96.45
7989,Student_7989,18,CSE,62,87.63
7990,Student_7990,22,CSE,49,95.51
7991,Student_7991,24,MECH,72,61.43
7992,Student_7992,24,CSE,49,69.57
7993,Student_7993,19,ECE,37,90.54
7994,Student_7994,19,EEE,68,83.7
7995,Student_7995,21,CSE,98,63.06
7996,Student_7996,22,MECH,85,73.8
7997,Student_7997,24,IT,98,78.15
7998,Student_7998,24,IT,54,74.32
7999,Student_7999,24,IT,93,66.08
8000,Student_8000,18,MECH,61,64.71
8001,Student_8001,18,ECE,98,98.39
8002,Student_8002,22,IT,44,63.71
8003,Student_8003,24,IT,42,72.62
8004,Student_8004,23,MECH,38,98.16
8005,Student_8005,24,CIVIL,83,94.39
8006,Student_8006,19,CSE,89,75.96
8007,Student_8007,21,CSE,36,73.81
8008,Student_8008,22,EEE,86,96.56
8009,Student_8009,24,MECH,85,87.46
8010,Student_8010,19,IT,52,99.47
8011,Student_8011,19,ECE,94,62.37
8012,Student_8012,21,CSE,75,80.92
8013,Student_8013,18,CSE,98,94.67
8014,Student_8014,18,EEE,41,82.38
8015,Student_8015,19,ECE,58,68.65
8016,Student_8016,19,CSE,86,73.51
8017,Student_8017,22,MECH,72,71.41
8018,Student_8018,23,CIVIL,59,84.92
8019,Student_8019,23,ECE,66,78.72
8020,Student_8020,22,IT,35,93.63
8021,Student_8021,21,ECE,53,80.98
8022,Student_8022,20,CIVIL,53,87.44
8023,Student_8023,22,EEE,70,74.24
8024,Student_8024,24,CSE,62,84.81
8025,Student_8025,18,CIVIL,88,91.27
8026,Student_8026,19,EEE,56,91.13
8027,Student_8027,19,MECH,98,81.71
8028,Student_8028,19,CIVIL,97,67.82
8029,Student_8029,22,IT,59,65.81
8030,Student_8030,19,CIVIL,37,61.3
8031,Student_8031,23,ECE,87,70.21
8032,Student_8032,20,CIVIL,74,76.53
8033,Student_8033,24,EEE,90,89.52
8034,Student_8034,23,EEE,47,75.72
8035,Student_8035,21,CSE,51,61.54
8036,Student_8036,19,CSE,93,73.32
8037,Student_8037,19,CIVIL,91,79.23
8038,Student_8038,18,CSE,68,74.33
8039,Student_8039,20,CSE,100,64.14
8040,Student_8040,23,EEE,67,91.97
8041,Student_8041,20,MECH,57,81.76
8042,Student_8042,23,EEE,62,88.12
8043,Student_8043,18,CSE,88,81.56
8044,Student_8044,18,CSE,74,75.47
8045,Student_8045,18,ECE,83,63.05
8046,Student_8046,22,CIVIL,56,75.99
8047,Student_8047,23,CSE,77,73.67
8048,Student_8048,23,IT,69,75.16
8049,Student_8049,20,EEE,57,89.66
8050,Student_8050,22,ECE,83,80.26
8051,Student_8051,20,ECE,98,78.08
8052,Student_8052,20,CSE,60,71.6
8053,Student_8053,24,IT,69,85.28
8054,Student_8054,20,EEE,78,93.9
8055,Student_8055,20,IT,87,91.52
8056,Student_8056,18,CSE,64,99.7
8057,Student_8057,24,CSE,46,84.04
8058,Student_8058,21,IT,52,66.09
8059,Student_8059,24,ECE,63,98.75
8060,Student_8060,21,CIVIL,95,96.28
8061,Student_8061,23,ECE,47,86.07
8062,Student_8062,23,MECH,61,75.62
8063,Student_8063,22,ECE,82,86.32
8064,Student_8064,24,CSE,76,93.51
8065,Student_8065,23,MECH,37,99.19
8066,Student_8066,22,ECE,68,61.18
8067,Student_8067,23,CIVIL,45,76.26
8068,Student_8068,20,CSE,49,62.79
8069,Student_8069,21,IT,68,94.25
8070,Student_8070,24,CSE,65,71.0
8071,Student_8071,22,IT,67,82.48
8072,Student_8072,19,IT,95,92.52
8073,Student_8073,18,CSE,88,66.91
8074,Student_8074,21,CIVIL,77,88.5
8075,Student_8075,22,EEE,50,72.2
8076,Student_8076,19,CIVIL,80,70.2
8077,Student_8077,22,IT,84,77.11
8078,Student_8078,20,EEE,52,93.41
8079,Student_8079,23,IT,95,93.7
8080,Student_8080,23,EEE,90,65.22
8081,Student_8081,20,ECE,99,60.31
8082,Student_8082,18,CSE,88,98.67
8083,Student_8083,23,IT,43,85.93
8084,Student_8084,21,ECE,69,72.24
8085,Student_8085,22,IT,71,87.88
8086,Student_8086,20,CIVIL,58,69.37
8087,Student_8087,23,CSE,87,88.46
8088,Student_8088,22,ECE,55,76.9
8089,Student_8089,23,CIVIL,97,88.74
8090,Student_8090,23,IT,40,62.12
8091,Student_8091,21,CSE,94,82.25
8092,Student_8092,18,ECE,71,85.45
8093,Student_8093,20,MECH,86,98.08
8094,Student_8094,23,IT,65,61.64
8095,Student_8095,20,CIVIL,73,82.38
8096,Student_8096,18,IT,71,66.95
8097,Student_8097,23,IT,66,72.54
8098,Student_8098,20,ECE,60,85.6
8099,Student_8099,21,ECE,95,88.52
8100,Student_8100,24,MECH,97,82.95
8101,Student_8101,22,CSE,61,61.93
8102,Student_8102,19,MECH,76,75.13
8103,Student_8103,23,MECH,95,63.83
8104,Student_8104,18,EEE,51,95.34
8105,Student_8105,23,CSE,94,98.39
8106,Student_8106,23,CIVIL,70,62.92
8107,Student_8107,23,CSE,97,89.11
8108,Student_8108,18,CSE,88,64.77
8109,Student_8109,20,MECH,67,70.18
8110,Student_8110,23,IT,45,98.71
8111,Student_8111,22,CIVIL,65,62.41
8112,Student_8112,22,MECH,81,92.01
8113,Student_8113,19,IT,73,94.93
8114,Student_8114,21,ECE,78,98.8
8115,Student_8115,19,ECE,98,100.0
8116,Student_8116,23,MECH,72,82.38
8117,Student_8117,24,IT,98,78.34
8118,Student_8118,18,MECH,50,85.3
8119,Student_8119,20,ECE,57,73.37
8120,Student_8120,18,ECE,46,90.04
8121,Student_8121,23,CIVIL,38,82.02
8122,Student_8122,19,ECE,86,79.32
8123,Student_8123,22,CSE,87,86.63
8124,Student_8124,21,IT,37,65.94
8125,Student_8125,21,EEE,61,81.97
8126,Student_8126,19,CIVIL,81,78.37
8127,Student_8127,21,EEE,86,90.32
8128,Student_8128,23,CIVIL,52,99.0
8129,Student_8129,24,IT,35,93.16
8130,Student_8130,19,IT,95,60.39
8131,Student_8131,24,IT,37,77.88
8132,Student_8132,24,ECE,97,80.81
8133,Student_8133,18,CIVIL,100,90.07
8134,Student_8134,21,IT,90,90.06
8135,Student_8135,22,ECE,56,61.46
8136,Student_8136,24,IT,39,82.83
8137,Student_8137,22,ECE,69,80.18
8138,Student_8138,22,ECE,90,79.67
8139,Student_8139,20,CIVIL,91,94.61
8140,Student_8140,23,ECE,87,73.9
8141,Student_8141,24,MECH,71,86.93
8142,Student_8142,20,EEE,85,72.67
8143,Student_8143,19,MECH,95,75.81
8144,Student_8144,23,EEE,46,90.94
8145,Student_8145,22,ECE,99,64.12
8146,Student_8146,22,EEE,98,79.07
8147,Student_8147,20,CSE,40,67.75
8148,Student_8148,20,ECE,54,62.44
8149,Student_8149,21,ECE,85,84.46
8150,Student_8150,19,CSE,62,65.0
8151,Student_8151,23,MECH,67,73.81
8152,Student_8152,20,MECH,63,69.66
8153,Student_8153,22,IT,39,99.96
8154,Student_8154,21,EEE,40,89.3
8155,Student_8155,19,EEE,46,77.31
8156,Student_8156,20,ECE,54,70.87
8157,Student_8157,21,IT,96,74.72
8158,Student_8158,19,EEE,60,79.29
8159,Student_8159,23,CIVIL,38,62.47
8160,Student_8160,24,EEE,61,75.98
8161,Student_8161,24,MECH,61,67.76
8162,Student_8162,21,MECH,64,68.68
8163,Student_8163,20,ECE,54,81.31
8164,Student_8164,20,IT,86,66.37
8165,Student_8165,24,CIVIL,64,78.61
8166,Student_8166,24,ECE,98,86.97
8167,Student_8167,19,EEE,61,64.08
8168,Student_8168,19,ECE,95,92.98
8169,Student_8169,23,IT,41,60.28
8170,Student_8170,23,CIVIL,74,65.7
8171,Student_8171,19,EEE,39,68.18
8172,Student_8172,21,CSE,69,67.9
8173,Student_8173,19,ECE,50,85.29
8174,Student_8174,22,CIVIL,61,81.34
8175,Student_8175,20,MECH,45,65.12
8176,Student_8176,23,MECH,36,70.78
8177,Student_8177,19,MECH,47,83.7
8178,Student_8178,24,IT,82,90.11
8179,Student_8179,23,IT,49,79.1
8180,Student_8180,21,CIVIL,84,81.61
8181,Student_8181,23,IT,84,71.83
8182,Student_8182,24,IT,80,72.29
8183,Student_8183,23,IT,53,63.83
8184,Student_8184,21,IT,63,78.54
8185,Student_8185,23,ECE,90,71.57
8186,Student_8186,20,ECE,53,85.17
8187,Student_8187,21,ECE,89,80.9
8188,Student_8188,20,CIVIL,61,70.52
8189,Student_8189,19,CIVIL,62,85.43
8190,Student_8190,22,CSE,63,84.13
8191,Student_8191,22,CIVIL,94,96.55
8192,Student_8192,23,IT,62,87.11
8193,Student_8193,18,IT,82,60.91
8194,Student_8194,19,CSE,100,74.97
8195,Student_8195,22,IT,88,98.56
8196,Student_8196,24,EEE,45,87.24
8197,Student_8197,23,CSE,51,73.26
8198,Student_8198,21,MECH,90,95.08
8199,Student_8199,23,IT,86,85.52
8200,Student_8200,24,CSE,86,85.85
8201,Student_8201,19,EEE,98,76.7
8202,Student_8202,18,EEE,89,69.86
8203,Student_8203,22,CIVIL,80,88.97
8204,Student_8204,18,IT,35,69.24
8205,Student_8205,20,ECE,74,65.87
8206,Student_8206,21,MECH,56,66.11
8207,Student_8207,20,EEE,86,69.68
8208,Student_8208,23,MECH,72,68.24
8209,Student_8209,23,MECH,64,83.86
8210,Student_8210,20,CIVIL,78,96.68
8211,Student_8211,20,CSE,60,82.25
8212,Student_8212,20,EEE,71,76.59
8213,Student_8213,21,IT,82,67.94
8214,Student_8214,21,CSE,100,79.62
8215,Student_8215,18,CSE,54,89.53
8216,Student_8216,18,CSE,53,89.45
8217,Student_8217,21,ECE,83,86.86
8218,Student_8218,19,IT,56,74.04
8219,Student_8219,21,IT,94,68.2
8220,Student_8220,23,ECE,56,97.88
8221,Student_8221,19,EEE,99,78.08
8222,Student_8222,22,ECE,43,77.04
8223,Student_8223,21,CSE,47,83.21
8224,Student_8224,18,CIVIL,36,72.09
8225,Student_8225,22,MECH,85,88.8
8226,Student_8226,23,CSE,91,68.31
8227,Student_8227,24,IT,54,76.53
8228,Student_8228,20,MECH,60,86.58
8229,Student_8229,22,EEE,81,85.2
8230,Student_8230,20,CSE,96,99.67
8231,Student_8231,24,CSE,37,83.98
8232,Student_8232,21,CSE,88,71.71
8233,Student_8233,24,IT,81,85.54
8234,Student_8234,22,CSE,36,71.42
8235,Student_8235,24,MECH,66,88.63
8236,Student_8236,21,MECH,73,70.2
8237,Student_8237,21,ECE,64,81.58
8238,Student_8238,24,CIVIL,42,89.77
8239,Student_8239,24,IT,76,65.23
8240,Student_8240,22,CSE,77,75.56
8241,Student_8241,20,CSE,59,77.7
8242,Student_8242,24,EEE,92,77.7
8243,Student_8243,22,CIVIL,99,69.46
8244,Student_8244,21,EEE,66,92.61
8245,Student_8245,20,CSE,86,80.32
8246,Student_8246,22,ECE,99,61.62
8247,Student_8247,19,IT,76,62.31
8248,Student_8248,19,CSE,100,94.42
8249,Student_8249,23,CIVIL,84,71.22
8250,Student_8250,24,CIVIL,56,70.61
8251,Student_8251,19,EEE,64,74.33
8252,Student_8252,22,MECH,77,67.07
8253,Student_8253,18,ECE,48,87.44
8254,Student_8254,21,CSE,65,80.18
8255,Student_8255,18,CSE,40,68.38
8256,Student_8256,24,EEE,88,84.88
8257,Student_8257,21,MECH,35,96.19
8258,Student_8258,22,CSE,62,79.08
8259,Student_8259,20,MECH,70,78.38
8260,Student_8260,23,CIVIL,50,86.28
8261,Student_8261,18,MECH,45,67.45
8262,Student_8262,18,EEE,40,99.4
8263,Student_8263,19,IT,86,87.95
8264,Student_8264,20,CIVIL,87,88.41
8265,Student_8265,23,IT,43,85.54
8266,Student_8266,23,CSE,40,91.51
8267,Student_8267,20,CSE,75,80.85
8268,Student_8268,19,ECE,62,74.91
8269,Student_8269,24,CIVIL,88,88.59
8270,Student_8270,23,MECH,35,64.02
8271,Student_8271,19,CIVIL,75,72.63
8272,Student_8272,18,CSE,56,83.44
8273,Student_8273,24,MECH,59,91.59
8274,Student_8274,18,CSE,38,62.74
8275,Student_8275,24,EEE,80,94.25
8276,Student_8276,18,CIVIL,46,96.45
8277,Student_8277,22,CSE,84,89.91
8278,Student_8278,23,CSE,72,84.3
8279,Student_8279,24,CIVIL,49,67.59
8280,Student_8280,21,IT,82,61.45
8281,Student_8281,20,EEE,50,83.02
8282,Student_8282,23,IT,63,93.33
8283,Student_8283,22,MECH,91,63.26
8284,Student_8284,21,IT,98,63.07
8285,Student_8285,18,CIVIL,36,85.68
8286,Student_8286,22,ECE,61,88.29
8287,Student_8287,24,CIVIL,81,60.69
8288,Student_8288,23,CSE,89,63.35
8289,Student_8289,22,ECE,61,92.51
8290,Student_8290,18,ECE,70,83.06
8291,Student_8291,19,ECE,40,82.5
8292,Student_8292,24,EEE,40,86.63
8293,Student_8293,24,ECE,96,94.91
8294,Student_8294,18,MECH,98,74.53
8295,Student_8295,22,EEE,84,66.18
8296,Student_8296,21,EEE,35,75.55
8297,Student_8297,18,CSE,58,96.2
8298,Student_8298,24,IT,51,88.83
8299,Student_8299,23,ECE,42,99.79
8300,Student_8300,22,EEE,44,77.17
8301,Student_8301,21,IT,46,66.72
8302,Student_8302,18,CIVIL,90,61.92
8303,Student_8303,23,CSE,45,95.97
8304,Student_8304,23,IT,51,94.54
8305,Student_8305,23,IT,64,94.99
8306,Student_8306,22,CIVIL,63,67.83
8307,Student_8307,19,EEE,80,83.35
8308,Student_8308,23,CIVIL,98,83.23
8309,Student_8309,19,CSE,89,91.52
8310,Student_8310,19,CSE,71,92.64
8311,Student_8311,20,CIVIL,90,82.2
8312,Student_8312,23,CIVIL,48,93.83
8313,Student_8313,22,IT,84,85.33
8314,Student_8314,22,MECH,41,98.68
8315,Student_8315,20,CSE,79,66.53
8316,Student_8316,18,ECE,41,93.7
8317,Student_8317,24,MECH,35,80.75
8318,Student_8318,21,EEE,48,97.66
8319,Student_8319,22,CSE,67,70.2
8320,Student_8320,24,MECH,40,95.06
8321,Student_8321,23,CSE,98,96.28
8322,Student_8322,20,CSE,65,70.93
8323,Student_8323,22,EEE,68,71.22
8324,Student_8324,20,CSE,86,60.46
8325,Student_8325,23,IT,77,93.15
8326,Student_8326,22,CSE,87,93.11
8327,Student_8327,23,MECH,68,73.62
8328,Student_8328,21,CIVIL,63,87.37
8329,Student_8329,23,CIVIL,79,82.86
8330,Student_8330,18,MECH,68,65.67
8331,Student_8331,20,CSE,74,65.72
8332,Student_8332,22,IT,37,71.61
8333,Student_8333,20,MECH,91,96.31
8334,Student_8334,19,EEE,59,86.98
8335,Student_8335,23,CIVIL,71,78.17
8336,Student_8336,24,MECH,45,95.13
8337,Student_8337,24,EEE,59,61.8
8338,Student_8338,21,EEE,98,65.56
8339,Student_8339,23,MECH,50,78.78
8340,Student_8340,20,IT,83,95.61
8341,Student_8341,20,CIVIL,36,65.39
8342,Student_8342,24,IT,84,65.18
8343,Student_8343,24,MECH,84,63.39
8344,Student_8344,24,MECH,84,65.48
8345,Student_8345,23,CIVIL,86,77.42
8346,Student_8346,24,ECE,74,83.87
8347,Student_8347,19,EEE,86,95.05
8348,Student_8348,22,IT,87,79.32
8349,Student_8349,18,CSE,85,74.78
8350,Student_8350,19,MECH,97,92.86
8351,Student_8351,20,CSE,55,62.52
8352,Student_8352,20,MECH,51,68.25
8353,Student_8353,23,ECE,76,65.92
8354,Student_8354,19,ECE,78,66.05
8355,Student_8355,24,IT,84,93.25
8356,Student_8356,18,CIVIL,76,89.8
8357,Student_8357,22,CIVIL,74,84.01
8358,Student_8358,18,MECH,58,64.32
8359,Student_8359,24,CSE,78,90.91
8360,Student_8360,18,IT,81,96.33
8361,Student_8361,19,EEE,60,90.7
8362,Student_8362,19,IT,50,80.6
8363,Student_8363,20,MECH,37,73.18
8364,Student_8364,24,CIVIL,64,71.53
8365,Student_8365,19,ECE,54,65.08
8366,Student_8366,23,IT,50,60.27
8367,Student_8367,18,ECE,69,96.66
8368,Student_8368,23,ECE,48,91.71
8369,Student_8369,20,IT,44,71.24
8370,Student_8370,18,CIVIL,97,80.48
8371,Student_8371,20,IT,60,87.24
8372,Student_8372,23,MECH,96,83.67
8373,Student_8373,22,ECE,73,61.81
8374,Student_8374,19,CSE,49,77.08
8375,Student_8375,22,ECE,64,63.71
8376,Student_8376,21,CIVIL,45,80.09
8377,Student_8377,23,CSE,40,92.16
8378,Student_8378,22,MECH,54,94.46
8379,Student_8379,19,MECH,79,99.74
8380,Student_8380,22,CIVIL,90,92.43
8381,Student_8381,23,EEE,81,80.16
8382,Student_8382,21,EEE,79,94.67
8383,Student_8383,21,ECE,73,80.09
8384,Student_8384,22,ECE,60,89.96
8385,Student_8385,21,IT,54,72.58
8386,Student_8386,20,IT,58,65.13
8387,Student_8387,20,ECE,76,64.67
8388,Student_8388,21,CIVIL,58,82.14
8389,Student_8389,20,CSE,66,70.07
8390,Student_8390,20,ECE,58,80.43
8391,Student_8391,21,ECE,35,99.48
8392,Student_8392,21,MECH,95,77.41
8393,Student_8393,21,IT,40,81.29
8394,Student_8394,22,CIVIL,98,71.97
8395,Student_8395,23,IT,99,77.87
8396,Student_8396,23,IT,51,62.22
8397,Student_8397,21,EEE,61,62.89
8398,Student_8398,24,ECE,84,82.22
8399,Student_8399,22,ECE,48,74.86
8400,Student_8400,24,IT,52,75.85
8401,Student_8401,18,IT,39,79.23
8402,Student_8402,20,IT,45,70.28
8403,Student_8403,20,ECE,35,85.42
8404,Student_8404,18,CSE,84,63.26
8405,Student_8405,20,EEE,53,83.64
8406,Student_8406,24,CIVIL,83,97.25
8407,Student_8407,20,IT,94,72.48
8408,Student_8408,19,ECE,43,83.81
8409,Student_8409,22,MECH,47,92.43
8410,Student_8410,23,EEE,64,69.08
8411,Student_8411,19,EEE,92,66.59
8412,Student_8412,21,CIVIL,94,61.14
8413,Student_8413,18,CSE,61,91.67
8414,Student_8414,20,ECE,72,72.06
8415,Student_8415,22,MECH,81,89.56
8416,Student_8416,22,IT,80,92.55
8417,Student_8417,23,MECH,43,89.35
8418,Student_8418,22,CIVIL,46,93.51
8419,Student_8419,21,CIVIL,86,62.15
8420,Student_8420,23,ECE,49,74.65
8421,Student_8421,22,ECE,98,84.28
8422,Student_8422,19,MECH,90,99.11
8423,Student_8423,19,CIVIL,51,79.64
8424,Student_8424,20,CIVIL,40,98.1
8425,Student_8425,19,ECE,50,66.41
8426,Student_8426,19,ECE,76,70.56
8427,Student_8427,18,MECH,36,71.59
8428,Student_8428,19,IT,50,99.22
8429,Student_8429,23,IT,62,91.9
8430,Student_8430,22,MECH,74,78.39
8431,Student_8431,23,MECH,67,60.26
8432,Student_8432,18,ECE,86,75.4
8433,Student_8433,24,EEE,86,60.5
8434,Student_8434,23,MECH,83,98.49
8435,Student_8435,19,ECE,54,64.81
8436,Student_8436,19,IT,51,64.84
8437,Student_8437,24,ECE,99,76.61
8438,Student_8438,22,ECE,96,82.22
8439,Student_8439,20,MECH,52,77.07
8440,Student_8440,23,ECE,61,67.9
8441,Student_8441,18,EEE,81,85.75
8442,Student_8442,24,MECH,56,86.49
8443,Student_8443,18,MECH,86,86.41
8444,Student_8444,21,CSE,69,81.72
8445,Student_8445,19,CSE,58,68.1
8446,Student_8446,23,EEE,61,99.94
8447,Student_8447,22,IT,70,83.13
8448,Student_8448,22,CSE,49,98.66
8449,Student_8449,23,EEE,90,74.06
8450,Student_8450,19,EEE,58,64.73
8451,Student_8451,24,MECH,65,78.71
8452,Student_8452,23,CSE,95,90.29
8453,Student_8453,18,EEE,63,91.57
8454,Student_8454,20,IT,47,63.33
8455,Student_8455,21,IT,78,83.18
8456,Student_8456,20,IT,82,82.91
8457,Student_8457,20,ECE,44,84.91
8458,Student_8458,21,CIVIL,60,96.86
8459,Student_8459,19,MECH,59,96.38
8460,Student_8460,21,EEE,98,67.09
8461,Student_8461,21,MECH,89,80.79
8462,Student_8462,21,MECH,81,82.72
8463,Student_8463,20,CIVIL,89,62.88
8464,Student_8464,24,EEE,46,79.42
8465,Student_8465,22,CSE,79,68.8
8466,Student_8466,24,CIVIL,38,98.4
8467,Student_8467,23,CIVIL,73,67.17
8468,Student_8468,24,MECH,51,67.68
8469,Student_8469,22,CIVIL,36,87.18
8470,Student_8470,21,MECH,49,74.53
8471,Student_8471,18,CSE,47,63.0
8472,Student_8472,19,CIVIL,48,73.37
8473,Student_8473,22,CSE,74,71.32
8474,Student_8474,23,ECE,87,98.87
8475,Student_8475,21,CIVIL,55,90.33
8476,Student_8476,20,CIVIL,36,63.48
8477,Student_8477,24,IT,85,63.89
8478,Student_8478,21,EEE,93,88.16
8479,Student_8479,18,EEE,46,73.71
8480,Student_8480,21,ECE,38,75.26
8481,Student_8481,22,CIVIL,83,78.47
8482,Student_8482,19,MECH,92,67.26
8483,Student_8483,18,CIVIL,85,64.73
8484,Student_8484,24,ECE,59,78.32
8485,Student_8485,21,EEE,63,86.99
8486,Student_8486,18,EEE,100,91.94
8487,Student_8487,22,CIVIL,91,99.24
8488,Student_8488,20,EEE,95,64.14
8489,Student_8489,24,IT,81,74.48
8490,Student_8490,23,MECH,60,66.28
8491,Student_8491,21,MECH,35,64.74
8492,Student_8492,23,EEE,74,87.11
8493,Student_8493,18,MECH,98,68.22
8494,Student_8494,24,ECE,87,60.18
8495,Student_8495,22,MECH,100,73.61
8496,Student_8496,22,CIVIL,88,90.17
8497,Student_8497,18,CIVIL,78,86.94
8498,Student_8498,21,ECE,79,80.04
8499,Student_8499,21,CIVIL,72,93.17
8500,Student_8500,23,ECE,87,70.95
8501,Student_8501,21,CSE,56,75.31
8502,Student_8502,19,MECH,85,93.59
8503,Student_8503,23,MECH,79,83.78
8504,Student_8504,24,EEE,77,80.73
8505,Student_8505,23,IT,84,75.4
8506,Student_8506,20,CIVIL,68,98.9
8507,Student_8507,23,CSE,79,74.14
8508,Student_8508,23,IT,65,71.0
8509,Student_8509,21,EEE,75,85.91
8510,Student_8510,23,IT,51,70.13
8511,Student_8511,24,EEE,65,77.71
8512,Student_8512,19,CIVIL,35,82.37
8513,Student_8513,20,IT,85,72.59
8514,Student_8514,19,IT,68,73.31
8515,Student_8515,18,ECE,91,92.19
8516,Student_8516,20,EEE,39,90.91
8517,Student_8517,21,CIVIL,35,74.98
8518,Student_8518,22,ECE,60,89.18
8519,Student_8519,20,MECH,59,67.46
8520,Student_8520,22,CSE,66,76.28
8521,Student_8521,21,EEE,40,87.87
8522,Student_8522,20,CSE,95,68.86
8523,Student_8523,19,CSE,70,63.49
8524,Student_8524,18,IT,84,68.74
8525,Student_8525,24,IT,67,93.54
8526,Student_8526,20,CSE,40,92.09
8527,Student_8527,19,MECH,81,80.66
8528,Student_8528,24,CIVIL,92,85.27
8529,Student_8529,21,ECE,60,95.63
8530,Student_8530,21,MECH,70,85.91
8531,Student_8531,20,IT,85,94.55
8532,Student_8532,23,CSE,66,68.74
8533,Student_8533,24,ECE,97,67.86
8534,Student_8534,24,CIVIL,95,70.58
8535,Student_8535,20,CIVIL,53,91.3
8536,Student_8536,23,CIVIL,71,92.73
8537,Student_8537,18,CSE,46,60.85
8538,Student_8538,23,MECH,90,61.8
8539,Student_8539,24,CIVIL,49,87.28
8540,Student_8540,22,EEE,49,75.67
8541,Student_8541,22,EEE,94,79.03
8542,Student_8542,23,MECH,60,80.73
8543,Student_8543,19,CSE,89,63.49
8544,Student_8544,20,ECE,76,77.89
8545,Student_8545,23,EEE,69,88.23
8546,Student_8546,21,CIVIL,61,94.2
8547,Student_8547,18,EEE,58,76.4
8548,Student_8548,19,MECH,38,89.05
8549,Student_8549,24,CIVIL,95,73.36
8550,Student_8550,24,MECH,42,79.24
8551,Student_8551,23,IT,50,97.66
8552,Student_8552,22,ECE,65,95.32
8553,Student_8553,21,CSE,62,82.8
8554,Student_8554,19,ECE,97,78.47
8555,Student_8555,20,CIVIL,73,98.4
8556,Student_8556,18,IT,61,96.37
8557,Student_8557,19,MECH,87,97.41
8558,Student_8558,21,CSE,77,96.67
8559,Student_8559,22,CSE,97,83.15
8560,Student_8560,24,CSE,86,93.8
8561,Student_8561,20,CSE,38,92.75
8562,Student_8562,20,CSE,98,61.43
8563,Student_8563,21,CIVIL,61,90.45
8564,Student_8564,23,IT,73,77.65
8565,Student_8565,23,EEE,100,98.76
8566,Student_8566,24,CSE,64,70.17
8567,Student_8567,24,EEE,94,68.52
8568,Student_8568,24,EEE,71,87.6
8569,Student_8569,18,EEE,68,84.81
8570,Student_8570,21,ECE,100,62.31
8571,Student_8571,18,ECE,50,94.67
8572,Student_8572,22,CIVIL,66,91.67
8573,Student_8573,24,MECH,67,69.83
8574,Student_8574,18,MECH,98,89.77
8575,Student_8575,20,IT,99,93.15
8576,Student_8576,20,EEE,40,82.03
8577,Student_8577,23,CIVIL,75,99.86
8578,Student_8578,22,ECE,38,68.0
8579,Student_8579,19,IT,39,78.45
8580,Student_8580,20,MECH,35,93.79
8581,Student_8581,24,EEE,54,76.93
8582,Student_8582,22,CSE,50,89.73
8583,Student_8583,19,ECE,39,95.96
8584,Student_8584,22,CIVIL,86,75.24
8585,Student_8585,19,CSE,56,96.41
8586,Student_8586,20,MECH,80,70.59
8587,Student_8587,18,ECE,38,77.61
8588,Student_8588,23,CIVIL,50,92.13
8589,Student_8589,20,CSE,58,87.3
8590,Student_8590,19,ECE,38,64.7
8591,Student_8591,24,IT,80,68.6
8592,Student_8592,22,EEE,35,60.88
8593,Student_8593,19,ECE,45,86.57
8594,Student_8594,22,ECE,39,90.32
8595,Student_8595,23,MECH,51,92.31
8596,Student_8596,18,EEE,50,91.27
8597,Student_8597,18,CIVIL,65,96.4
8598,Student_8598,18,EEE,73,81.23
8599,Student_8599,23,MECH,62,96.61
8600,Student_8600,20,MECH,97,84.0
8601,Student_8601,19,CIVIL,54,70.84
8602,Student_8602,23,EEE,76,69.47
8603,Student_8603,24,CSE,82,94.32
8604,Student_8604,22,ECE,97,65.81
8605,Student_8605,23,ECE,100,94.81
8606,Student_8606,21,EEE,51,83.48
8607,Student_8607,24,CSE,99,73.73
8608,Student_8608,24,EEE,81,85.86
8609,Student_8609,23,MECH,45,73.46
8610,Student_8610,20,CIVIL,40,69.75
8611,Student_8611,22,CSE,89,89.12
8612,Student_8612,24,CIVIL,77,93.8
8613,Student_8613,20,IT,99,78.14
8614,Student_8614,18,IT,78,60.6
8615,Student_8615,23,EEE,100,82.18
8616,Student_8616,22,IT,49,95.39
8617,Student_8617,24,EEE,38,80.42
8618,Student_8618,19,IT,67,71.52
8619,Student_8619,23,EEE,40,69.49
8620,Student_8620,20,CSE,91,97.31
8621,Student_8621,21,CIVIL,81,73.87
8622,Student_8622,20,CIVIL,61,74.73
8623,Student_8623,20,CIVIL,100,63.11
8624,Student_8624,18,CIVIL,52,86.56
8625,Student_8625,21,MECH,77,72.0
8626,Student_8626,24,MECH,98,97.35
8627,Student_8627,20,EEE,58,74.8
8628,Student_8628,23,CSE,51,68.67
8629,Student_8629,21,ECE,71,89.47
8630,Student_8630,24,ECE,96,83.85
8631,Student_8631,22,CSE,37,79.74
8632,Student_8632,23,EEE,77,95.71
8633,Student_8633,22,EEE,74,82.77
8634,Student_8634,23,MECH,94,95.86
8635,Student_8635,23,CSE,90,77.05
8636,Student_8636,19,IT,78,91.52
8637,Student_8637,23,MECH,50,66.16
8638,Student_8638,20,CIVIL,63,73.74
8639,Student_8639,18,ECE,92,77.24
8640,Student_8640,20,CIVIL,37,75.02
8641,Student_8641,18,ECE,54,79.63
8642,Student_8642,23,MECH,85,74.42
8643,Student_8643,24,CSE,71,92.68
8644,Student_8644,18,IT,60,71.05
8645,Student_8645,21,IT,41,62.24
8646,Student_8646,20,EEE,78,82.23
8647,Student_8647,24,EEE,80,74.23
8648,Student_8648,20,EEE,90,92.06
8649,Student_8649,18,MECH,62,68.14
8650,Student_8650,24,IT,96,87.97
8651,Student_8651,24,MECH,88,80.36
8652,Student_8652,22,CIVIL,80,90.35
8653,Student_8653,20,IT,46,61.2
8654,Student_8654,21,IT,41,71.75
8655,Student_8655,18,MECH,46,74.82
8656,Student_8656,20,IT,95,82.37
8657,Student_8657,24,ECE,46,85.03
8658,Student_8658,22,MECH,64,68.92
8659,Student_8659,22,MECH,40,91.14
8660,Student_8660,22,IT,66,94.81
8661,Student_8661,23,IT,88,61.44
8662,Student_8662,22,CIVIL,99,81.85
8663,Student_8663,23,IT,38,99.18
8664,Student_8664,18,EEE,82,91.6
8665,Student_8665,22,ECE,45,63.71
8666,Student_8666,20,ECE,57,61.75
8667,Student_8667,21,EEE,41,61.32
8668,Student_8668,23,ECE,65,88.3
8669,Student_8669,22,MECH,66,79.99
8670,Student_8670,18,ECE,35,86.63
8671,Student_8671,19,CIVIL,92,80.75
8672,Student_8672,23,CSE,62,81.13
8673,Student_8673,20,MECH,47,90.11
8674,Student_8674,21,MECH,90,76.17
8675,Student_8675,23,EEE,52,89.57
8676,Student_8676,22,ECE,73,80.5
8677,Student_8677,18,ECE,72,67.45
8678,Student_8678,24,MECH,90,71.68
8679,Student_8679,20,ECE,87,72.28
8680,Student_8680,24,CSE,67,78.52
8681,Student_8681,22,ECE,56,90.47
8682,Student_8682,22,MECH,87,69.58
8683,Student_8683,22,IT,76,80.73
8684,Student_8684,23,IT,95,77.75
8685,Student_8685,24,EEE,69,84.38
8686,Student_8686,19,EEE,84,81.06
8687,Student_8687,23,CSE,74,97.29
8688,Student_8688,20,MECH,62,99.31
8689,Student_8689,22,CIVIL,77,69.97
8690,Student_8690,24,EEE,77,92.32
8691,Student_8691,21,EEE,53,67.84
8692,Student_8692,20,CSE,54,85.06
8693,Student_8693,24,CIVIL,36,93.88
8694,Student_8694,22,MECH,69,90.63
8695,Student_8695,22,MECH,84,76.73
8696,Student_8696,24,CIVIL,43,98.35
8697,Student_8697,18,IT,58,93.59
8698,Student_8698,22,ECE,66,86.6
8699,Student_8699,23,IT,52,70.65
8700,Student_8700,22,MECH,52,67.43
8701,Student_8701,18,ECE,94,68.31
8702,Student_8702,21,IT,69,62.13
8703,Student_8703,21,IT,43,68.15
8704,Student_8704,21,MECH,73,88.27
8705,Student_8705,22,EEE,98,80.06
8706,Student_8706,18,EEE,77,73.11
8707,Student_8707,21,IT,76,87.03
8708,Student_8708,21,IT,86,86.07
8709,Student_8709,23,EEE,93,80.1
8710,Student_8710,22,IT,35,62.16
8711,Student_8711,20,EEE,43,93.99
8712,Student_8712,19,MECH,96,86.07
8713,Student_8713,20,IT,67,97.63
8714,Student_8714,20,ECE,88,96.62
8715,Student_8715,19,MECH,39,74.71
8716,Student_8716,18,EEE,90,74.21
8717,Student_8717,20,EEE,57,61.69
8718,Student_8718,20,ECE,46,99.23
8719,Student_8719,22,MECH,91,70.0
8720,Student_8720,23,CSE,82,65.49
8721,Student_8721,19,EEE,45,85.26
8722,Student_8722,18,CIVIL,79,86.83
8723,Student_8723,23,CSE,78,76.35
8724,Student_8724,23,CSE,65,68.95
8725,Student_8725,24,CIVIL,75,61.99
8726,Student_8726,18,IT,68,99.56
8727,Student_8727,19,ECE,99,94.72
8728,Student_8728,21,MECH,87,88.41
8729,Student_8729,19,ECE,97,86.86
8730,Student_8730,23,IT,41,91.18
8731,Student_8731,19,ECE,61,81.92
8732,Student_8732,18,MECH,40,96.8
8733,Student_8733,23,CIVIL,44,89.47
8734,Student_8734,21,CSE,39,74.55
8735,Student_8735,19,CIVIL,45,81.15
8736,Student_8736,20,MECH,72,83.22
8737,Student_8737,24,MECH,81,84.73
8738,Student_8738,18,EEE,51,78.92
8739,Student_8739,23,ECE,79,84.66
8740,Student_8740,21,CSE,49,92.07
8741,Student_8741,19,EEE,99,92.87
8742,Student_8742,18,EEE,35,85.1
8743,Student_8743,21,IT,81,64.94
8744,Student_8744,18,MECH,44,60.43
8745,Student_8745,24,ECE,52,64.35
8746,Student_8746,22,CIVIL,93,71.5
8747,Student_8747,24,ECE,93,64.41
8748,Student_8748,21,ECE,54,61.75
8749,Student_8749,19,CSE,51,77.74
8750,Student_8750,19,CSE,57,76.55
8751,Student_8751,21,EEE,85,94.24
8752,Student_8752,19,ECE,60,76.07
8753,Student_8753,21,EEE,78,80.41
8754,Student_8754,21,ECE,67,78.15
8755,Student_8755,20,EEE,54,76.84
8756,Student_8756,19,CSE,65,76.21
8757,Student_8757,21,IT,42,65.76
8758,Student_8758,23,EEE,49,60.31
8759,Student_8759,20,IT,90,81.99
8760,Student_8760,18,MECH,35,72.77
8761,Student_8761,18,CSE,57,63.33
8762,Student_8762,22,CSE,84,78.15
8763,Student_8763,23,CIVIL,60,92.41
8764,Student_8764,19,EEE,59,82.97
8765,Student_8765,19,IT,64,60.67
8766,Student_8766,24,EEE,69,81.19
8767,Student_8767,23,CIVIL,75,98.73
8768,Student_8768,24,MECH,77,78.92
8769,Student_8769,18,MECH,72,67.53
8770,Student_8770,24,CSE,64,61.28
8771,Student_8771,20,ECE,85,87.34
8772,Student_8772,21,IT,77,85.12
8773,Student_8773,23,EEE,49,82.94
8774,Student_8774,19,IT,39,72.18
8775,Student_8775,24,IT,43,72.92
8776,Student_8776,20,CIVIL,99,61.31
8777,Student_8777,20,CSE,41,84.27
8778,Student_8778,19,EEE,85,90.99
8779,Student_8779,23,ECE,63,99.22
8780,Student_8780,19,ECE,35,72.63
8781,Student_8781,23,EEE,73,67.74
8782,Student_8782,23,CSE,35,83.11
8783,Student_8783,22,EEE,50,76.22
8784,Student_8784,20,ECE,92,97.16
8785,Student_8785,18,IT,53,63.84
8786,Student_8786,21,CSE,69,77.63
8787,Student_8787,18,ECE,78,88.15
8788,Student_8788,24,CIVIL,56,82.07
8789,Student_8789,23,ECE,62,96.82
8790,Student_8790,23,CIVIL,95,63.7
8791,Student_8791,23,CIVIL,82,75.23
8792,Student_8792,18,MECH,83,84.21
8793,Student_8793,20,CSE,80,84.17
8794,Student_8794,21,IT,65,98.71
8795,Student_8795,24,CIVIL,65,61.22
8796,Student_8796,23,CSE,42,87.43
8797,Student_8797,23,EEE,45,90.98
8798,Student_8798,22,CIVIL,59,69.89
8799,Student_8799,23,CSE,97,83.55
8800,Student_8800,21,EEE,98,61.12
8801,Student_8801,22,IT,67,88.91
8802,Student_8802,18,MECH,79,88.17
8803,Student_8803,24,IT,72,97.12
8804,Student_8804,24,EEE,54,99.16
8805,Student_8805,20,CIVIL,60,97.26
8806,Student_8806,20,MECH,37,86.56
8807,Student_8807,24,MECH,82,60.27
8808,Student_8808,20,MECH,58,94.77
8809,Student_8809,21,CIVIL,76,77.02
8810,Student_8810,23,IT,58,78.01
8811,Student_8811,22,IT,55,76.43
8812,Student_8812,24,ECE,84,91.51
8813,Student_8813,24,CSE,50,82.44
8814,Student_8814,22,CSE,50,61.06
8815,Student_8815,22,ECE,90,93.54
8816,Student_8816,22,IT,43,83.58
8817,Student_8817,24,CIVIL,35,92.58
8818,Student_8818,18,IT,94,61.96
8819,Student_8819,24,ECE,52,79.98
8820,Student_8820,21,IT,56,81.1
8821,Student_8821,20,IT,94,78.6
8822,Student_8822,21,MECH,41,63.39
8823,Student_8823,23,CIVIL,94,65.37
8824,Student_8824,21,CIVIL,51,95.24
8825,Student_8825,18,CSE,77,77.07
8826,Student_8826,23,IT,86,72.24
8827,Student_8827,18,MECH,92,68.09
8828,Student_8828,20,CIVIL,81,75.61
8829,Student_8829,24,CIVIL,49,99.62
8830,Student_8830,24,ECE,54,61.48
8831,Student_8831,24,CSE,61,74.74
8832,Student_8832,19,IT,93,91.88
8833,Student_8833,23,CIVIL,57,74.07
8834,Student_8834,18,MECH,80,64.23
8835,Student_8835,21,IT,69,95.17
8836,Student_8836,23,CIVIL,88,85.56
8837,Student_8837,19,EEE,50,82.04
8838,Student_8838,23,CSE,97,89.08
8839,Student_8839,20,CIVIL,92,97.75
8840,Student_8840,20,MECH,92,84.29
8841,Student_8841,20,CIVIL,77,86.18
8842,Student_8842,20,ECE,65,74.91
8843,Student_8843,22,CIVIL,95,90.07
8844,Student_8844,19,EEE,53,90.92
8845,Student_8845,24,CSE,60,62.46
8846,Student_8846,21,EEE,89,85.62
8847,Student_8847,18,ECE,83,92.39
8848,Student_8848,18,CIVIL,46,82.74
8849,Student_8849,22,CIVIL,59,68.43
8850,Student_8850,19,IT,39,68.52
8851,Student_8851,18,ECE,96,82.27
8852,Student_8852,18,EEE,85,81.21
8853,Student_8853,22,IT,96,74.96
8854,Student_8854,19,EEE,77,67.12
8855,Student_8855,23,ECE,41,65.43
8856,Student_8856,23,EEE,97,70.14
8857,Student_8857,22,CSE,49,67.45
8858,Student_8858,19,MECH,60,71.62
8859,Student_8859,20,CSE,92,69.23
8860,Student_8860,19,ECE,52,83.16
8861,Student_8861,18,MECH,93,80.43
8862,Student_8862,20,CSE,66,82.71
8863,Student_8863,20,IT,91,74.94
8864,Student_8864,24,IT,42,72.65
8865,Student_8865,21,IT,98,88.99
8866,Student_8866,24,CIVIL,45,78.35
8867,Student_8867,19,CSE,51,86.77
8868,Student_8868,19,EEE,75,68.26
8869,Student_8869,19,CIVIL,44,62.75
8870,Student_8870,20,MECH,80,61.27
8871,Student_8871,22,ECE,93,66.32
8872,Student_8872,22,EEE,100,61.39
8873,Student_8873,24,ECE,83,83.66
8874,Student_8874,24,EEE,92,85.75
8875,Student_8875,21,ECE,67,67.88
8876,Student_8876,22,CSE,87,81.43
8877,Student_8877,24,MECH,35,92.26
8878,Student_8878,22,EEE,76,60.66
8879,Student_8879,22,EEE,64,90.96
8880,Student_8880,22,IT,69,70.64
8881,Student_8881,18,CSE,43,60.63
8882,Student_8882,19,MECH,95,70.42
8883,Student_8883,19,EEE,70,93.66
8884,Student_8884,19,CSE,35,64.27
8885,Student_8885,22,CSE,99,81.83
8886,Student_8886,23,CIVIL,88,84.45
8887,Student_8887,22,IT,49,68.57
8888,Student_8888,19,IT,66,74.79
8889,Student_8889,20,ECE,74,91.86
8890,Student_8890,23,CSE,47,63.57
8891,Student_8891,23,MECH,39,94.2
8892,Student_8892,20,MECH,82,75.82
8893,Student_8893,23,CSE,87,71.45
8894,Student_8894,23,ECE,84,67.5
8895,Student_8895,24,EEE,76,71.35
8896,Student_8896,19,CSE,57,98.46
8897,Student_8897,24,ECE,78,88.36
8898,Student_8898,24,MECH,56,65.76
8899,Student_8899,19,CIVIL,71,60.16
8900,Student_8900,24,CSE,91,69.84
8901,Student_8901,20,ECE,70,75.4
8902,Student_8902,18,CIVIL,78,93.33
8903,Student_8903,20,MECH,41,88.83
8904,Student_8904,18,MECH,41,91.84
8905,Student_8905,19,CIVIL,44,62.06
8906,Student_8906,22,EEE,48,75.65
8907,Student_8907,20,ECE,44,70.39
8908,Student_8908,24,IT,45,89.61
8909,Student_8909,18,ECE,56,71.64
8910,Student_8910,18,MECH,78,75.97
8911,Student_8911,21,CIVIL,40,96.22
8912,Student_8912,20,MECH,67,86.58
8913,Student_8913,18,CIVIL,77,70.79
8914,Student_8914,19,ECE,60,77.39
8915,Student_8915,20,IT,36,65.62
8916,Student_8916,20,CIVIL,43,73.15
8917,Student_8917,21,IT,75,82.08
8918,Student_8918,21,IT,47,86.68
8919,Student_8919,23,MECH,56,82.63
8920,Student_8920,23,EEE,57,89.51
8921,Student_8921,20,CIVIL,57,66.81
8922,Student_8922,24,CIVIL,49,85.73
8923,Student_8923,18,IT,71,66.4
8924,Student_8924,22,CIVIL,69,80.15
8925,Student_8925,20,CSE,71,60.27
8926,Student_8926,18,ECE,100,98.46
8927,Student_8927,23,IT,85,96.05
8928,Student_8928,22,ECE,50,71.38
8929,Student_8929,19,MECH,76,66.15
8930,Student_8930,18,ECE,38,64.32
8931,Student_8931,20,CSE,54,62.07
8932,Student_8932,22,IT,73,88.07
8933,Student_8933,21,CIVIL,99,80.54
8934,Student_8934,22,MECH,86,74.56
8935,Student_8935,20,CIVIL,44,87.64
8936,Student_8936,19,MECH,58,97.58
8937,Student_8937,22,CSE,66,86.48
8938,Student_8938,21,IT,76,97.98
8939,Student_8939,18,MECH,74,98.26
8940,Student_8940,23,IT,50,99.85
8941,Student_8941,20,ECE,54,88.77
8942,Student_8942,22,IT,38,95.7
8943,Student_8943,18,ECE,42,80.7
8944,Student_8944,19,ECE,48,74.37
8945,Student_8945,24,CIVIL,56,95.49
8946,Student_8946,19,EEE,58,81.73
8947,Student_8947,23,CSE,51,65.9
8948,Student_8948,23,IT,67,75.78
8949,Student_8949,21,MECH,45,85.19
8950,Student_8950,24,ECE,36,99.8
8951,Student_8951,20,ECE,67,66.36
8952,Student_8952,22,MECH,91,91.99
8953,Student_8953,24,MECH,95,75.39
8954,Student_8954,20,ECE,60,86.07
8955,Student_8955,23,IT,98,85.59
8956,Student_8956,21,IT,85,96.4
8957,Student_8957,20,CSE,98,79.47
8958,Student_8958,19,CSE,40,77.95
8959,Student_8959,20,ECE,72,93.71
8960,Student_8960,18,CSE,65,93.3
8961,Student_8961,23,CSE,82,94.18
8962,Student_8962,18,IT,98,98.66
8963,Student_8963,19,EEE,94,92.17
8964,Student_8964,19,EEE,70,67.31
8965,Student_8965,20,EEE,43,77.47
8966,Student_8966,24,IT,61,83.74
8967,Student_8967,21,MECH,64,83.24
8968,Student_8968,20,IT,58,68.78
8969,Student_8969,23,CSE,56,91.8
8970,Student_8970,22,CIVIL,59,96.31
8971,Student_8971,23,ECE,56,91.08
8972,Student_8972,21,CIVIL,89,80.64
8973,Student_8973,21,IT,40,70.97
8974,Student_8974,23,ECE,80,96.15
8975,Student_8975,21,IT,64,63.16
8976,Student_8976,22,CIVIL,82,83.15
8977,Student_8977,18,CSE,89,87.27
8978,Student_8978,22,ECE,45,86.03
8979,Student_8979,20,ECE,74,88.28
8980,Student_8980,23,CSE,79,60.27
8981,Student_8981,21,IT,35,79.82
8982,Student_8982,20,CSE,73,82.65
8983,Student_8983,23,CIVIL,86,67.91
8984,Student_8984,20,MECH,83,80.18
8985,Student_8985,23,MECH,51,90.75
8986,Student_8986,19,CIVIL,36,92.47
8987,Student_8987,22,EEE,44,84.44
8988,Student_8988,24,EEE,70,89.59
8989,Student_8989,20,IT,56,66.52
8990,Student_8990,20,CIVIL,77,73.47
8991,Student_8991,19,ECE,39,89.7
8992,Student_8992,22,CSE,79,71.77
8993,Student_8993,22,MECH,61,86.38
8994,Student_8994,20,CSE,47,61.04
8995,Student_8995,21,MECH,74,73.7
8996,Student_8996,23,ECE,89,69.18
8997,Student_8997,24,EEE,36,97.71
8998,Student_8998,20,IT,38,70.07
8999,Student_8999,21,ECE,98,95.32
9000,Student_9000,19,ECE,65,70.43
9001,Student_9001,21,IT,97,93.73
9002,Student_9002,24,MECH,40,99.72
9003,Student_9003,19,IT,57,68.66
9004,Student_9004,24,CIVIL,49,65.6
9005,Student_9005,18,MECH,43,95.47
9006,Student_9006,24,CIVIL,64,74.13
9007,Student_9007,24,EEE,91,89.67
9008,Student_9008,24,IT,75,95.09
9009,Student_9009,24,CSE,44,96.13
9010,Student_9010,21,IT,75,97.92
9011,Student_9011,21,ECE,98,95.65
9012,Student_9012,19,CSE,46,72.23
9013,Student_9013,24,ECE,65,99.62
9014,Student_9014,18,CSE,99,76.11
9015,Student_9015,19,CSE,90,89.28
9016,Student_9016,20,CIVIL,68,86.93
9017,Student_9017,18,CSE,65,92.56
9018,Student_9018,22,CSE,100,92.05
9019,Student_9019,19,IT,88,71.91
9020,Student_9020,20,IT,46,87.1
9021,Student_9021,18,ECE,43,80.03
9022,Student_9022,20,CSE,67,60.95
9023,Student_9023,18,MECH,40,65.39
9024,Student_9024,20,MECH,43,76.98
9025,Student_9025,22,MECH,92,85.66
9026,Student_9026,23,ECE,58,90.38
9027,Student_9027,20,CIVIL,96,94.48
9028,Student_9028,24,CSE,61,86.59
9029,Student_9029,18,EEE,59,85.77
9030,Student_9030,23,MECH,67,68.52
9031,Student_9031,19,EEE,74,65.19
9032,Student_9032,18,MECH,81,62.65
9033,Student_9033,18,CSE,72,93.74
9034,Student_9034,18,CSE,36,85.16
9035,Student_9035,18,ECE,50,69.38
9036,Student_9036,20,EEE,93,82.85
9037,Student_9037,19,CSE,95,90.39
9038,Student_9038,19,IT,51,87.16
9039,Student_9039,22,EEE,89,90.2
9040,Student_9040,23,MECH,51,86.28
9041,Student_9041,21,MECH,44,88.43
9042,Student_9042,24,CIVIL,98,88.61
9043,Student_9043,24,MECH,97,76.94
9044,Student_9044,23,MECH,82,94.59
9045,Student_9045,19,CIVIL,96,78.59
9046,Student_9046,18,ECE,62,84.26
9047,Student_9047,18,CIVIL,63,84.59
9048,Student_9048,23,IT,55,61.67
9049,Student_9049,22,MECH,63,61.55
9050,Student_9050,20,CSE,67,72.76
9051,Student_9051,23,CIVIL,87,97.18
9052,Student_9052,24,CSE,93,93.13
9053,Student_9053,19,EEE,49,81.54
9054,Student_9054,23,CSE,98,98.47
9055,Student_9055,22,IT,86,91.15
9056,Student_9056,23,IT,40,69.92
9057,Student_9057,23,CSE,79,95.05
9058,Student_9058,24,EEE,100,73.26
9059,Student_9059,19,CIVIL,48,90.69
9060,Student_9060,22,IT,76,69.54
9061,Student_9061,21,IT,52,61.32
9062,Student_9062,20,EEE,59,90.69
9063,Student_9063,22,ECE,92,63.25
9064,Student_9064,22,EEE,67,61.24
9065,Student_9065,21,ECE,75,93.9
9066,Student_9066,21,CSE,52,99.08
9067,Student_9067,23,MECH,44,90.71
9068,Student_9068,19,MECH,70,67.44
9069,Student_9069,23,EEE,80,87.3
9070,Student_9070,20,IT,78,90.23
9071,Student_9071,23,EEE,69,71.3
9072,Student_9072,24,CSE,92,90.35
9073,Student_9073,22,IT,87,78.24
9074,Student_9074,23,CIVIL,56,85.77
9075,Student_9075,23,ECE,48,90.49
9076,Student_9076,18,IT,39,78.22
9077,Student_9077,19,IT,36,97.02
9078,Student_9078,18,CIVIL,74,79.78
9079,Student_9079,18,CSE,57,71.8
9080,Student_9080,18,IT,91,74.68
9081,Student_9081,21,CIVIL,36,95.7
9082,Student_9082,20,CSE,37,98.1
9083,Student_9083,20,CIVIL,89,76.35
9084,Student_9084,18,CIVIL,88,70.28
9085,Student_9085,20,ECE,90,65.04
9086,Student_9086,20,EEE,98,62.37
9087,Student_9087,20,CIVIL,88,78.8
9088,Student_9088,18,CSE,50,80.08
9089,Student_9089,21,CSE,64,69.69
9090,Student_9090,20,MECH,41,87.72
9091,Student_9091,23,EEE,63,91.43
9092,Student_9092,18,MECH,66,65.38
9093,Student_9093,24,MECH,89,90.91
9094,Student_9094,22,CIVIL,96,86.29
9095,Student_9095,20,CIVIL,42,90.19
9096,Student_9096,23,CSE,68,91.92
9097,Student_9097,19,CIVIL,47,92.11
9098,Student_9098,21,CIVIL,99,97.34
9099,Student_9099,22,ECE,68,76.16
9100,Student_9100,22,ECE,71,78.68
9101,Student_9101,20,CIVIL,50,64.21
9102,Student_9102,23,ECE,42,63.73
9103,Student_9103,21,EEE,66,65.44
9104,Student_9104,18,EEE,80,87.57
9105,Student_9105,24,EEE,47,80.4
9106,Student_9106,18,ECE,94,74.69
9107,Student_9107,18,MECH,42,60.86
9108,Student_9108,20,ECE,93,70.83
9109,Student_9109,23,ECE,80,95.53
9110,Student_9110,24,IT,95,71.84
9111,Student_9111,24,IT,77,68.4
9112,Student_9112,19,EEE,46,95.01
9113,Student_9113,23,ECE,61,64.94
9114,Student_9114,24,EEE,68,64.37
9115,Student_9115,18,CSE,38,85.6
9116,Student_9116,18,MECH,36,79.55
9117,Student_9117,19,IT,86,85.98
9118,Student_9118,19,CSE,39,74.42
9119,Student_9119,19,ECE,44,99.11
9120,Student_9120,20,EEE,55,85.87
9121,Student_9121,21,MECH,66,89.93
9122,Student_9122,20,ECE,68,86.79
9123,Student_9123,20,MECH,50,64.95
9124,Student_9124,21,CSE,75,86.72
9125,Student_9125,22,CIVIL,74,70.81
9126,Student_9126,19,MECH,45,81.36
9127,Student_9127,24,EEE,75,68.39
9128,Student_9128,24,EEE,54,76.06
9129,Student_9129,19,IT,82,62.4
9130,Student_9130,18,EEE,74,98.7
9131,Student_9131,19,ECE,52,67.79
9132,Student_9132,22,EEE,64,93.02
9133,Student_9133,22,CSE,61,97.96
9134,Student_9134,23,IT,77,95.04
9135,Student_9135,19,CIVIL,38,73.44
9136,Student_9136,24,MECH,75,61.82
9137,Student_9137,21,IT,100,63.52
9138,Student_9138,23,IT,92,92.33
9139,Student_9139,20,EEE,72,96.48
9140,Student_9140,20,ECE,70,88.15
9141,Student_9141,21,MECH,97,79.3
9142,Student_9142,20,EEE,84,70.58
9143,Student_9143,22,ECE,39,72.24
9144,Student_9144,20,CSE,41,77.39
9145,Student_9145,21,CIVIL,100,96.96
9146,Student_9146,21,EEE,90,65.04
9147,Student_9147,23,IT,93,74.57
9148,Student_9148,20,ECE,98,78.51
9149,Student_9149,19,CIVIL,80,96.13
9150,Student_9150,24,EEE,83,60.83
9151,Student_9151,18,ECE,50,60.89
9152,Student_9152,24,EEE,38,78.71
9153,Student_9153,24,EEE,67,92.39
9154,Student_9154,20,IT,60,84.12
9155,Student_9155,18,CSE,90,62.42
9156,Student_9156,24,CIVIL,63,65.65
9157,Student_9157,23,IT,67,78.75
9158,Student_9158,21,CIVIL,53,75.89
9159,Student_9159,19,EEE,48,88.27
9160,Student_9160,20,ECE,50,87.43
9161,Student_9161,24,CSE,62,65.27
9162,Student_9162,18,IT,64,89.98
9163,Student_9163,23,CIVIL,73,69.86
9164,Student_9164,23,CIVIL,100,97.38
9165,Student_9165,20,EEE,54,78.4
9166,Student_9166,22,EEE,54,87.43
9167,Student_9167,19,MECH,46,91.45
9168,Student_9168,21,CIVIL,68,82.8
9169,Student_9169,23,EEE,78,97.06
9170,Student_9170,20,CIVIL,80,88.45
9171,Student_9171,20,MECH,99,95.03
9172,Student_9172,19,MECH,59,89.03
9173,Student_9173,21,IT,71,87.24
9174,Student_9174,24,IT,53,77.58
9175,Student_9175,18,CIVIL,64,65.31
9176,Student_9176,19,IT,70,96.09
9177,Student_9177,19,ECE,61,75.77
9178,Student_9178,23,ECE,95,75.5
9179,Student_9179,21,MECH,69,88.42
9180,Student_9180,24,IT,70,99.14
9181,Student_9181,20,IT,84,73.45
9182,Student_9182,20,CSE,45,66.53
9183,Student_9183,21,ECE,99,63.18
9184,Student_9184,18,CSE,79,60.26
9185,Student_9185,19,IT,51,81.28
9186,Student_9186,22,ECE,39,79.07
9187,Student_9187,23,EEE,78,83.51
9188,Student_9188,19,CIVIL,52,77.69
9189,Student_9189,21,MECH,96,91.78
9190,Student_9190,19,ECE,61,72.73
9191,Student_9191,20,ECE,64,92.8
9192,Student_9192,21,ECE,52,88.62
9193,Student_9193,22,ECE,88,90.79
9194,Student_9194,22,ECE,45,92.99
9195,Student_9195,20,CSE,40,60.48
9196,Student_9196,21,CSE,97,77.64
9197,Student_9197,19,CSE,67,67.75
9198,Student_9198,23,IT,67,98.15
9199,Student_9199,23,CIVIL,84,98.26
9200,Student_9200,22,IT,83,98.85
9201,Student_9201,24,EEE,62,94.98
9202,Student_9202,18,EEE,80,79.06
9203,Student_9203,18,CSE,80,67.26
9204,Student_9204,22,CIVIL,59,62.62
9205,Student_9205,21,ECE,38,86.61
9206,Student_9206,22,EEE,41,79.05
9207,Student_9207,19,ECE,94,77.97
9208,Student_9208,24,ECE,48,99.3
9209,Student_9209,22,MECH,59,95.56
9210,Student_9210,20,CSE,74,80.69
9211,Student_9211,18,ECE,93,86.79
9212,Student_9212,20,CIVIL,38,81.02
9213,Student_9213,21,CIVIL,37,60.01
9214,Student_9214,18,MECH,54,66.91
9215,Student_9215,22,IT,96,63.42
9216,Student_9216,19,CSE,70,73.89
9217,Student_9217,19,CIVIL,76,82.81
9218,Student_9218,24,CSE,51,69.38
9219,Student_9219,18,EEE,94,97.84
9220,Student_9220,18,MECH,81,77.82
9221,Student_9221,22,CSE,60,66.69
9222,Student_9222,18,CIVIL,42,91.77
9223,Student_9223,24,CSE,71,97.56
9224,Student_9224,21,EEE,36,66.77
9225,Student_9225,24,IT,70,64.87
9226,Student_9226,19,CSE,41,77.75
9227,Student_9227,23,CIVIL,89,79.74
9228,Student_9228,20,CIVIL,97,72.98
9229,Student_9229,23,CIVIL,78,97.98
9230,Student_9230,18,CIVIL,78,83.0
9231,Student_9231,18,EEE,77,61.72
9232,Student_9232,22,MECH,57,96.05
9233,Student_9233,21,MECH,72,87.09
9234,Student_9234,19,MECH,57,80.07
9235,Student_9235,20,CSE,50,71.52
9236,Student_9236,23,ECE,40,72.34
9237,Student_9237,19,IT,69,90.62
9238,Student_9238,20,CSE,68,96.27
9239,Student_9239,19,CSE,97,95.07
9240,Student_9240,20,IT,59,97.16
9241,Student_9241,22,ECE,71,64.26
9242,Student_9242,24,IT,83,77.97
9243,Student_9243,18,MECH,88,82.55
9244,Student_9244,23,IT,81,81.32
9245,Student_9245,21,EEE,44,98.31
9246,Student_9246,18,CSE,85,85.83
9247,Student_9247,21,MECH,54,99.13
9248,Student_9248,20,CSE,99,77.9
9249,Student_9249,19,IT,92,81.52
9250,Student_9250,20,ECE,93,78.91
9251,Student_9251,18,ECE,70,83.0
9252,Student_9252,24,CSE,90,89.62
9253,Student_9253,20,IT,53,97.05
9254,Student_9254,20,ECE,91,81.86
9255,Student_9255,20,MECH,35,71.71
9256,Student_9256,21,IT,60,75.56
9257,Student_9257,18,CIVIL,92,74.93
9258,Student_9258,24,CIVIL,57,99.43
9259,Student_9259,23,CIVIL,52,90.27
9260,Student_9260,24,ECE,55,78.78
9261,Student_9261,19,EEE,98,64.71
9262,Student_9262,20,MECH,96,99.61
9263,Student_9263,18,ECE,66,60.19
9264,Student_9264,22,EEE,93,86.39
9265,Student_9265,24,CIVIL,79,91.51
9266,Student_9266,18,EEE,64,65.67
9267,Student_9267,20,ECE,78,91.02
9268,Student_9268,21,CSE,35,83.21
9269,Student_9269,24,IT,35,95.02
9270,Student_9270,20,MECH,62,76.29
9271,Student_9271,22,CSE,61,61.23
9272,Student_9272,20,CSE,66,92.87
9273,Student_9273,21,EEE,59,65.0
9274,Student_9274,22,EEE,90,89.29
9275,Student_9275,22,EEE,91,94.63
9276,Student_9276,24,MECH,38,89.45
9277,Student_9277,24,CSE,89,61.76
9278,Student_9278,21,EEE,83,63.97
9279,Student_9279,20,ECE,66,94.88
9280,Student_9280,18,CSE,70,89.33
9281,Student_9281,18,IT,97,99.67
9282,Student_9282,20,ECE,84,82.39
9283,Student_9283,18,IT,83,69.53
9284,Student_9284,23,MECH,90,67.46
9285,Student_9285,18,EEE,96,88.31
9286,Student_9286,24,EEE,35,89.56
9287,Student_9287,20,EEE,99,77.49
9288,Student_9288,18,CIVIL,54,71.62
9289,Student_9289,22,IT,98,72.3
9290,Student_9290,20,ECE,97,80.24
9291,Student_9291,19,IT,43,70.03
9292,Student_9292,23,IT,99,80.02
9293,Student_9293,19,MECH,61,88.35
9294,Student_9294,23,CIVIL,57,63.29
9295,Student_9295,19,ECE,61,88.55
9296,Student_9296,22,CIVIL,55,64.91
9297,Student_9297,22,CSE,36,78.44
9298,Student_9298,24,CSE,62,94.45
9299,Student_9299,19,IT,35,71.58
9300,Student_9300,20,CIVIL,68,96.92
9301,Student_9301,20,MECH,93,96.95
9302,Student_9302,21,CSE,81,93.2
9303,Student_9303,23,EEE,49,89.36
9304,Student_9304,21,IT,83,75.62
9305,Student_9305,20,EEE,88,81.92
9306,Student_9306,24,ECE,45,95.68
9307,Student_9307,21,IT,74,74.82
9308,Student_9308,23,MECH,97,96.83
9309,Student_9309,24,IT,92,90.07
9310,Student_9310,21,EEE,95,88.78
9311,Student_9311,21,MECH,67,79.23
9312,Student_9312,21,CSE,80,65.03
9313,Student_9313,22,IT,78,93.99
9314,Student_9314,19,CIVIL,90,72.43
9315,Student_9315,20,ECE,44,79.64
9316,Student_9316,18,EEE,98,81.17
9317,Student_9317,22,CIVIL,99,79.51
9318,Student_9318,19,MECH,81,71.96
9319,Student_9319,20,ECE,56,60.2
9320,Student_9320,18,IT,81,87.69
9321,Student_9321,21,CIVIL,56,83.8
9322,Student_9322,22,MECH,64,85.81
9323,Student_9323,21,IT,70,61.39
9324,Student_9324,21,MECH,52,72.21
9325,Student_9325,24,MECH,60,83.37
9326,Student_9326,19,ECE,46,70.28
9327,Student_9327,18,ECE,46,81.76
9328,Student_9328,19,CIVIL,65,69.67
9329,Student_9329,18,CSE,48,96.87
9330,Student_9330,24,CIVIL,68,86.74
9331,Student_9331,21,EEE,67,80.07
9332,Student_9332,20,EEE,98,72.79
9333,Student_9333,19,IT,72,74.22
9334,Student_9334,22,MECH,48,73.74
9335,Student_9335,20,ECE,87,84.34
9336,Student_9336,20,EEE,93,88.3
9337,Student_9337,22,ECE,75,62.91
9338,Student_9338,21,CIVIL,60,86.01
9339,Student_9339,21,IT,46,86.27
9340,Student_9340,20,EEE,85,98.21
9341,Student_9341,22,MECH,66,86.28
9342,Student_9342,19,CIVIL,80,88.42
9343,Student_9343,23,CIVIL,90,86.57
9344,Student_9344,18,MECH,53,73.08
9345,Student_9345,23,MECH,40,87.7
9346,Student_9346,22,CIVIL,49,91.0
9347,Student_9347,23,MECH,51,70.55
9348,Student_9348,21,CIVIL,74,85.35
9349,Student_9349,21,IT,56,83.68
9350,Student_9350,21,IT,71,65.5
9351,Student_9351,22,EEE,49,79.41
9352,Student_9352,22,MECH,59,77.36
9353,Student_9353,22,IT,41,63.62
9354,Student_9354,18,ECE,98,92.53
9355,Student_9355,22,CSE,75,94.24
9356,Student_9356,23,IT,51,93.47
9357,Student_9357,19,CIVIL,93,66.35
9358,Student_9358,19,CSE,81,85.48
9359,Student_9359,22,CSE,70,95.96
9360,Student_9360,23,MECH,56,93.05
9361,Student_9361,24,IT,69,76.68
9362,Student_9362,19,ECE,39,63.75
9363,Student_9363,20,MECH,87,68.68
9364,Student_9364,24,ECE,62,99.42
9365,Student_9365,20,CSE,54,71.52
9366,Student_9366,23,ECE,84,65.13
9367,Student_9367,19,IT,46,98.18
9368,Student_9368,18,ECE,41,85.73
9369,Student_9369,20,EEE,71,62.62
9370,Student_9370,20,ECE,42,65.65
9371,Student_9371,20,CIVIL,73,67.59
9372,Student_9372,20,CSE,97,71.2
9373,Student_9373,18,IT,62,89.5
9374,Student_9374,19,ECE,100,62.16
9375,Student_9375,22,IT,94,60.98
9376,Student_9376,20,EEE,35,72.09
9377,Student_9377,24,ECE,46,60.96
9378,Student_9378,22,CSE,94,79.37
9379,Student_9379,23,CIVIL,57,69.42
9380,Student_9380,20,IT,65,97.55
9381,Student_9381,19,MECH,95,85.18
9382,Student_9382,19,MECH,90,74.18
9383,Student_9383,20,MECH,85,62.59
9384,Student_9384,19,MECH,80,79.03
9385,Student_9385,19,EEE,76,72.4
9386,Student_9386,18,EEE,94,97.5
9387,Student_9387,19,MECH,87,77.12
9388,Student_9388,20,IT,66,83.2
9389,Student_9389,24,CIVIL,51,84.29
9390,Student_9390,19,MECH,41,93.29
9391,Student_9391,18,EEE,42,97.35
9392,Student_9392,18,ECE,67,93.22
9393,Student_9393,19,IT,66,82.78
9394,Student_9394,21,ECE,95,84.75
9395,Student_9395,23,CIVIL,77,80.17
9396,Student_9396,20,MECH,95,67.56
9397,Student_9397,23,CIVIL,43,93.25
9398,Student_9398,22,CIVIL,40,68.84
9399,Student_9399,18,IT,49,65.92
9400,Student_9400,21,EEE,66,82.69
9401,Student_9401,24,EEE,75,78.48
9402,Student_9402,18,EEE,58,63.37
9403,Student_9403,23,CSE,88,97.62
9404,Student_9404,19,ECE,39,93.33
9405,Student_9405,23,MECH,76,83.92
9406,Student_9406,18,CSE,70,93.37
9407,Student_9407,19,MECH,67,95.06
9408,Student_9408,21,EEE,72,70.04
9409,Student_9409,24,ECE,88,83.53
9410,Student_9410,20,ECE,55,87.6
9411,Student_9411,23,CSE,42,78.54
9412,Student_9412,19,ECE,91,75.92
9413,Student_9413,22,ECE,75,66.29
9414,Student_9414,22,CSE,99,96.1
9415,Student_9415,21,CIVIL,75,86.75
9416,Student_9416,18,CSE,62,67.53
9417,Student_9417,24,EEE,62,61.58
9418,Student_9418,18,CIVIL,40,95.98
9419,Student_9419,23,MECH,62,85.37
9420,Student_9420,19,EEE,100,89.24
9421,Student_9421,21,IT,95,97.27
9422,Student_9422,20,EEE,86,74.79
9423,Student_9423,21,CSE,96,66.63
9424,Student_9424,23,EEE,94,86.17
9425,Student_9425,19,EEE,70,92.14
9426,Student_9426,23,ECE,63,67.35
9427,Student_9427,20,MECH,80,85.94
9428,Student_9428,24,IT,87,94.23
9429,Student_9429,22,EEE,43,73.37
9430,Student_9430,23,MECH,60,73.32
9431,Student_9431,21,EEE,98,68.16
9432,Student_9432,24,CSE,100,74.66
9433,Student_9433,24,IT,98,75.84
9434,Student_9434,23,MECH,80,88.15
9435,Student_9435,22,EEE,87,73.09
9436,Student_9436,21,CSE,40,91.43
9437,Student_9437,23,ECE,63,77.91
9438,Student_9438,20,ECE,58,82.77
9439,Student_9439,21,IT,69,80.63
9440,Student_9440,23,ECE,46,60.35
9441,Student_9441,19,ECE,51,73.04
9442,Student_9442,23,EEE,78,74.13
9443,Student_9443,22,IT,82,93.57
9444,Student_9444,19,MECH,51,69.19
9445,Student_9445,21,MECH,40,70.92
9446,Student_9446,20,ECE,89,72.28
9447,Student_9447,18,ECE,95,61.85
9448,Student_9448,18,ECE,97,66.21
9449,Student_9449,22,CIVIL,53,64.87
9450,Student_9450,22,ECE,81,85.53
9451,Student_9451,19,EEE,59,84.24
9452,Student_9452,19,CIVIL,82,61.32
9453,Student_9453,23,IT,74,82.71
9454,Student_9454,19,CIVIL,68,61.02
9455,Student_9455,24,MECH,77,67.93
9456,Student_9456,18,CIVIL,94,81.54
9457,Student_9457,19,IT,72,90.06
9458,Student_9458,21,MECH,38,62.01
9459,Student_9459,21,CIVIL,54,72.43
9460,Student_9460,21,MECH,85,75.09
9461,Student_9461,20,IT,63,77.26
9462,Student_9462,23,CSE,74,68.41
9463,Student_9463,21,CIVIL,55,95.15
9464,Student_9464,23,EEE,37,81.18
9465,Student_9465,20,CIVIL,58,73.37
9466,Student_9466,23,MECH,56,82.83
9467,Student_9467,24,ECE,83,75.21
9468,Student_9468,24,ECE,61,92.29
9469,Student_9469,24,ECE,76,77.92
9470,Student_9470,24,ECE,97,69.8
9471,Student_9471,20,IT,87,96.87
9472,Student_9472,24,IT,56,78.94
9473,Student_9473,18,IT,69,78.7
9474,Student_9474,19,IT,65,70.13
9475,Student_9475,20,MECH,88,75.91
9476,Student_9476,18,EEE,47,97.49
9477,Student_9477,20,CIVIL,84,63.48
9478,Student_9478,18,MECH,100,75.83
9479,Student_9479,22,CIVIL,84,90.31
9480,Student_9480,23,CIVIL,95,97.71
9481,Student_9481,22,ECE,69,98.87
9482,Student_9482,22,EEE,37,90.16
9483,Student_9483,23,IT,81,63.34
9484,Student_9484,21,CIVIL,76,76.68
9485,Student_9485,18,ECE,73,70.92
9486,Student_9486,24,CIVIL,64,87.82
9487,Student_9487,19,CSE,66,81.78
9488,Student_9488,18,MECH,59,70.71
9489,Student_9489,21,CIVIL,43,92.18
9490,Student_9490,23,ECE,98,98.62
9491,Student_9491,22,ECE,35,63.64
9492,Student_9492,23,ECE,55,97.22
9493,Student_9493,18,CSE,84,68.6
9494,Student_9494,22,EEE,58,61.24
9495,Student_9495,23,ECE,65,83.2
9496,Student_9496,20,ECE,62,62.93
9497,Student_9497,19,ECE,85,85.49
9498,Student_9498,23,ECE,43,71.64
9499,Student_9499,18,CIVIL,57,63.18
9500,Student_9500,21,CSE,58,69.78
9501,Student_9501,22,CIVIL,89,79.36
9502,Student_9502,18,CSE,58,84.9
9503,Student_9503,22,CSE,66,63.91
9504,Student_9504,24,MECH,97,85.42
9505,Student_9505,21,CIVIL,36,60.31
9506,Student_9506,18,IT,48,86.25
9507,Student_9507,23,IT,45,98.05
9508,Student_9508,21,EEE,62,92.83
9509,Student_9509,19,EEE,74,81.18
9510,Student_9510,20,ECE,100,96.39
9511,Student_9511,21,CSE,82,96.53
9512,Student_9512,20,EEE,98,72.18
9513,Student_9513,22,CSE,49,78.61
9514,Student_9514,23,CSE,92,60.43
9515,Student_9515,21,ECE,58,96.24
9516,Student_9516,24,EEE,41,61.86
9517,Student_9517,19,IT,36,94.44
9518,Student_9518,22,IT,60,71.32
9519,Student_9519,23,CIVIL,49,67.15
9520,Student_9520,19,ECE,49,75.22
9521,Student_9521,23,CSE,38,74.99
9522,Student_9522,22,IT,62,67.12
9523,Student_9523,23,CSE,64,65.55
9524,Student_9524,23,EEE,58,88.46
9525,Student_9525,21,ECE,81,65.9
9526,Student_9526,24,CSE,55,63.53
9527,Student_9527,18,CSE,90,78.69
9528,Student_9528,20,IT,72,66.62
9529,Student_9529,23,ECE,56,95.62
9530,Student_9530,21,IT,38,64.06
9531,Student_9531,24,CSE,86,77.84
9532,Student_9532,18,CSE,90,99.49
9533,Student_9533,21,IT,87,89.47
9534,Student_9534,22,CSE,57,72.79
9535,Student_9535,20,ECE,99,75.88
9536,Student_9536,20,ECE,90,77.7
9537,Student_9537,24,CSE,56,66.84
9538,Student_9538,22,CIVIL,73,63.35
9539,Student_9539,23,EEE,61,85.63
9540,Student_9540,18,EEE,36,74.44
9541,Student_9541,19,CSE,70,91.17
9542,Student_9542,18,IT,78,61.1
9543,Student_9543,20,EEE,35,81.1
9544,Student_9544,22,EEE,55,81.91
9545,Student_9545,21,MECH,92,62.49
9546,Student_9546,24,MECH,99,70.02
9547,Student_9547,21,CIVIL,97,61.98
9548,Student_9548,18,CIVIL,64,99.85
9549,Student_9549,23,MECH,85,70.9
9550,Student_9550,20,CSE,78,97.35
9551,Student_9551,19,EEE,76,88.72
9552,Student_9552,18,CSE,98,96.11
9553,Student_9553,21,ECE,93,85.65
9554,Student_9554,21,ECE,52,81.94
9555,Student_9555,22,CSE,50,93.87
9556,Student_9556,22,ECE,51,60.44
9557,Student_9557,18,CSE,55,62.53
9558,Student_9558,19,EEE,38,77.09
9559,Student_9559,19,MECH,38,62.92
9560,Student_9560,22,CIVIL,40,74.56
9561,Student_9561,19,EEE,40,76.05
9562,Student_9562,18,CSE,95,85.52
9563,Student_9563,24,EEE,95,92.08
9564,Student_9564,23,CSE,93,61.96
9565,Student_9565,21,EEE,80,97.57
9566,Student_9566,24,MECH,90,96.49
9567,Student_9567,22,MECH,59,85.23
9568,Student_9568,18,ECE,67,93.18
9569,Student_9569,21,IT,38,72.32
9570,Student_9570,20,CIVIL,45,97.6
9571,Student_9571,22,IT,50,83.1
9572,Student_9572,18,CSE,70,92.84
9573,Student_9573,20,IT,87,79.99
9574,Student_9574,23,MECH,94,77.56
9575,Student_9575,18,CIVIL,78,65.17
9576,Student_9576,22,MECH,38,63.86
9577,Student_9577,18,CIVIL,54,91.61
9578,Student_9578,21,MECH,74,73.24
9579,Student_9579,21,MECH,40,65.16
9580,Student_9580,19,IT,61,82.2
9581,Student_9581,20,IT,79,98.29
9582,Student_9582,20,MECH,99,94.96
9583,Student_9583,21,MECH,52,72.9
9584,Student_9584,19,IT,54,62.37
9585,Student_9585,20,IT,58,81.28
9586,Student_9586,22,CIVIL,95,91.35
9587,Student_9587,20,IT,99,79.95
9588,Student_9588,21,ECE,59,68.6
9589,Student_9589,23,EEE,95,95.67
9590,Student_9590,23,CSE,55,88.0
9591,Student_9591,20,CSE,66,83.01
9592,Student_9592,21,IT,89,67.82
9593,Student_9593,22,CIVIL,74,90.63
9594,Student_9594,20,CIVIL,71,70.66
9595,Student_9595,23,MECH,66,83.42
9596,Student_9596,19,EEE,85,91.84
9597,Student_9597,20,ECE,65,84.11
9598,Student_9598,22,IT,88,86.46
9599,Student_9599,21,ECE,54,78.93
9600,Student_9600,20,ECE,65,94.28
9601,Student_9601,18,MECH,55,62.26
9602,Student_9602,18,MECH,89,67.78
9603,Student_9603,20,CSE,49,70.47
9604,Student_9604,19,CSE,82,75.93
9605,Student_9605,19,EEE,78,67.08
9606,Student_9606,24,MECH,62,76.05
9607,Student_9607,24,CIVIL,88,67.28
9608,Student_9608,19,ECE,81,78.37
9609,Student_9609,20,EEE,69,74.55
9610,Student_9610,24,IT,50,89.61
9611,Student_9611,23,EEE,61,70.84
9612,Student_9612,20,ECE,45,63.1
9613,Student_9613,21,EEE,68,95.58
9614,Student_9614,20,EEE,77,79.12
9615,Student_9615,20,ECE,45,85.27
9616,Student_9616,22,IT,73,67.19
9617,Student_9617,23,EEE,83,69.51
9618,Student_9618,18,EEE,44,66.46
9619,Student_9619,18,CSE,87,70.92
9620,Student_9620,21,IT,57,96.08
9621,Student_9621,23,MECH,71,67.12
9622,Student_9622,22,CIVIL,91,66.94
9623,Student_9623,21,IT,61,72.93
9624,Student_9624,23,CIVIL,98,74.99
9625,Student_9625,23,CIVIL,50,74.41
9626,Student_9626,24,CSE,42,78.59
9627,Student_9627,24,CSE,68,74.74
9628,Student_9628,23,CSE,63,94.27
9629,Student_9629,21,CIVIL,57,96.7
9630,Student_9630,19,CSE,78,98.31
9631,Student_9631,24,CIVIL,56,70.4
9632,Student_9632,23,ECE,44,61.03
9633,Student_9633,22,CSE,52,70.04
9634,Student_9634,20,ECE,96,81.4
9635,Student_9635,23,MECH,56,72.34
9636,Student_9636,23,CSE,44,96.84
9637,Student_9637,23,MECH,36,77.03
9638,Student_9638,23,IT,84,64.57
9639,Student_9639,18,MECH,87,69.69
9640,Student_9640,21,EEE,48,95.24
9641,Student_9641,19,CSE,97,83.91
9642,Student_9642,23,IT,39,75.43
9643,Student_9643,18,MECH,44,93.98
9644,Student_9644,20,MECH,45,74.0
9645,Student_9645,18,CSE,48,96.02
9646,Student_9646,20,CSE,52,89.09
9647,Student_9647,19,CSE,88,61.76
9648,Student_9648,20,CSE,58,96.41
9649,Student_9649,21,ECE,88,91.57
9650,Student_9650,24,CIVIL,64,85.55
9651,Student_9651,18,ECE,42,82.17
9652,Student_9652,18,EEE,72,65.64
9653,Student_9653,18,MECH,85,90.51
9654,Student_9654,22,CIVIL,92,80.21
9655,Student_9655,20,ECE,39,97.26
9656,Student_9656,23,CSE,71,63.39
9657,Student_9657,24,EEE,52,70.3
9658,Student_9658,18,IT,95,68.91
9659,Student_9659,21,ECE,66,88.22
9660,Student_9660,22,MECH,43,88.74
9661,Student_9661,20,CIVIL,82,66.79
9662,Student_9662,23,EEE,69,78.28
9663,Student_9663,20,IT,95,87.9
9664,Student_9664,19,MECH,99,66.82
9665,Student_9665,19,CSE,78,72.58
9666,Student_9666,21,CIVIL,95,86.4
9667,Student_9667,22,IT,61,75.6
9668,Student_9668,21,CSE,95,72.48
9669,Student_9669,23,CSE,40,74.76
9670,Student_9670,19,CIVIL,69,89.19
9671,Student_9671,22,CSE,75,60.18
9672,Student_9672,20,ECE,42,99.01
9673,Student_9673,20,MECH,38,94.98
9674,Student_9674,22,EEE,87,84.76
9675,Student_9675,21,MECH,36,94.18
9676,Student_9676,21,ECE,80,72.29
9677,Student_9677,21,MECH,37,96.27
9678,Student_9678,20,CSE,56,63.48
9679,Student_9679,18,CIVIL,72,65.18
9680,Student_9680,19,IT,52,75.19
9681,Student_9681,24,IT,71,96.6
9682,Student_9682,22,CSE,51,94.18
9683,Student_9683,20,CIVIL,72,62.44
9684,Student_9684,20,CIVIL,64,72.87
9685,Student_9685,20,ECE,78,66.3
9686,Student_9686,20,IT,66,78.83
9687,Student_9687,21,IT,77,61.52
9688,Student_9688,21,IT,88,96.85
9689,Student_9689,20,EEE,93,95.84
9690,Student_9690,21,EEE,80,89.1
9691,Student_9691,23,ECE,77,63.04
9692,Student_9692,19,EEE,72,76.77
9693,Student_9693,24,CIVIL,41,63.29
9694,Student_9694,21,EEE,56,94.08
9695,Student_9695,24,MECH,57,84.85
9696,Student_9696,22,IT,89,73.11
9697,Student_9697,19,ECE,85,79.85
9698,Student_9698,23,CIVIL,41,65.69
9699,Student_9699,24,ECE,78,70.77
9700,Student_9700,21,CSE,42,82.41
9701,Student_9701,24,CSE,78,82.81
9702,Student_9702,18,ECE,71,65.74
9703,Student_9703,22,IT,75,78.79
9704,Student_9704,20,ECE,78,62.77
9705,Student_9705,19,IT,96,75.0
9706,Student_9706,19,EEE,55,84.6
9707,Student_9707,21,CSE,74,65.23
9708,Student_9708,21,IT,56,60.87
9709,Student_9709,18,CIVIL,80,65.63
9710,Student_9710,21,ECE,61,70.54
9711,Student_9711,21,CSE,43,81.09
9712,Student_9712,21,CIVIL,98,67.55
9713,Student_9713,19,CIVIL,57,86.03
9714,Student_9714,20,CIVIL,59,86.36
9715,Student_9715,23,CIVIL,40,71.47
9716,Student_9716,23,CIVIL,43,79.24
9717,Student_9717,24,MECH,41,99.7
9718,Student_9718,19,IT,64,62.45
9719,Student_9719,24,EEE,72,71.25
9720,Student_9720,22,IT,73,69.99
9721,Student_9721,23,MECH,41,86.6
9722,Student_9722,23,CSE,60,63.49
9723,Student_9723,21,CIVIL,41,89.25
9724,Student_9724,23,CSE,39,83.21
9725,Student_9725,21,MECH,87,79.95
9726,Student_9726,21,MECH,93,69.61
9727,Student_9727,21,EEE,93,75.1
9728,Student_9728,20,EEE,73,73.23
9729,Student_9729,18,ECE,67,95.98
9730,Student_9730,22,CSE,77,92.24
9731,Student_9731,23,EEE,60,74.33
9732,Student_9732,23,IT,49,64.32
9733,Student_9733,18,ECE,83,84.97
9734,Student_9734,22,EEE,82,68.22
9735,Student_9735,24,CSE,52,67.69
9736,Student_9736,19,ECE,45,68.23
9737,Student_9737,23,IT,43,72.45
9738,Student_9738,23,CIVIL,75,73.45
9739,Student_9739,24,CSE,94,60.91
9740,Student_9740,21,EEE,37,77.29
9741,Student_9741,24,MECH,36,75.42
9742,Student_9742,20,IT,48,72.79
9743,Student_9743,18,IT,73,72.23
9744,Student_9744,22,MECH,90,66.29
9745,Student_9745,21,EEE,66,89.39
9746,Student_9746,20,IT,52,78.13
9747,Student_9747,24,CIVIL,93,69.97
9748,Student_9748,19,CIVIL,71,62.15
9749,Student_9749,22,EEE,96,96.73
9750,Student_9750,20,ECE,39,66.31
9751,Student_9751,23,EEE,99,84.8
9752,Student_9752,21,MECH,49,66.43
9753,Student_9753,22,ECE,68,81.23
9754,Student_9754,24,CIVIL,45,83.67
9755,Student_9755,24,IT,73,93.21
9756,Student_9756,20,CSE,84,87.15
9757,Student_9757,20,CIVIL,43,89.97
9758,Student_9758,23,CIVIL,70,72.54
9759,Student_9759,24,MECH,72,99.94
9760,Student_9760,21,EEE,76,65.78
9761,Student_9761,24,CIVIL,35,61.21
9762,Student_9762,18,EEE,56,72.13
9763,Student_9763,19,IT,83,79.82
9764,Student_9764,20,EEE,67,79.75
9765,Student_9765,18,CSE,99,83.52
9766,Student_9766,24,MECH,79,90.58
9767,Student_9767,18,IT,73,75.03
9768,Student_9768,18,IT,64,76.94
9769,Student_9769,19,IT,78,96.15
9770,Student_9770,23,ECE,99,87.91
9771,Student_9771,18,IT,74,86.64
9772,Student_9772,21,MECH,39,93.15
9773,Student_9773,21,ECE,69,88.04
9774,Student_9774,21,CSE,66,64.23
9775,Student_9775,18,ECE,73,60.5
9776,Student_9776,21,CIVIL,51,92.08
9777,Student_9777,23,CSE,84,95.41
9778,Student_9778,20,MECH,76,93.72
9779,Student_9779,21,EEE,71,85.9
9780,Student_9780,23,CIVIL,60,94.77
9781,Student_9781,24,CIVIL,86,79.6
9782,Student_9782,22,EEE,46,98.38
9783,Student_9783,23,CSE,89,96.29
9784,Student_9784,21,CIVIL,100,62.81
9785,Student_9785,20,IT,94,64.39
9786,Student_9786,20,EEE,88,87.09
9787,Student_9787,18,MECH,88,82.39
9788,Student_9788,22,EEE,40,82.63
9789,Student_9789,21,IT,65,75.52
9790,Student_9790,21,IT,36,73.67
9791,Student_9791,20,EEE,50,87.82
9792,Student_9792,18,CSE,63,68.28
9793,Student_9793,20,MECH,59,67.49
9794,Student_9794,20,EEE,44,80.43
9795,Student_9795,20,MECH,86,62.7
9796,Student_9796,19,CSE,53,85.65
9797,Student_9797,21,CIVIL,92,93.83
9798,Student_9798,20,CIVIL,84,83.19
9799,Student_9799,22,EEE,96,82.84
9800,Student_9800,24,CIVIL,87,89.58
9801,Student_9801,18,CIVIL,89,97.19
9802,Student_9802,18,EEE,55,79.79
9803,Student_9803,18,EEE,61,75.55
9804,Student_9804,24,ECE,58,90.48
9805,Student_9805,24,CIVIL,45,76.88
9806,Student_9806,19,ECE,35,97.65
9807,Student_9807,19,MECH,71,76.21
9808,Student_9808,23,CSE,49,79.51
9809,Student_9809,19,CSE,46,82.83
9810,Student_9810,22,MECH,66,78.67
9811,Student_9811,23,IT,37,93.47
9812,Student_9812,20,IT,79,69.05
9813,Student_9813,21,CSE,88,91.52
9814,Student_9814,19,ECE,36,76.53
9815,Student_9815,20,MECH,95,68.24
9816,Student_9816,23,EEE,97,78.19
9817,Student_9817,21,CIVIL,72,66.65
9818,Student_9818,22,CIVIL,74,92.02
9819,Student_9819,18,EEE,36,93.52
9820,Student_9820,23,CSE,62,94.21
9821,Student_9821,19,MECH,61,60.74
9822,Student_9822,24,ECE,74,90.68
9823,Student_9823,19,IT,91,72.18
9824,Student_9824,23,MECH,61,89.93
9825,Student_9825,20,ECE,64,91.48
9826,Student_9826,24,MECH,45,64.64
9827,Student_9827,22,IT,54,60.51
9828,Student_9828,19,CIVIL,35,87.47
9829,Student_9829,21,IT,77,80.22
9830,Student_9830,21,ECE,43,82.49
9831,Student_9831,19,IT,43,88.41
9832,Student_9832,18,IT,55,80.1
9833,Student_9833,18,MECH,97,91.81
9834,Student_9834,18,ECE,85,76.96
9835,Student_9835,21,ECE,85,86.04
9836,Student_9836,22,EEE,96,67.01
9837,Student_9837,18,IT,66,66.33
9838,Student_9838,24,EEE,100,71.2
9839,Student_9839,18,ECE,60,99.09
9840,Student_9840,21,CIVIL,41,88.69
9841,Student_9841,23,IT,70,99.52
9842,Student_9842,18,ECE,97,74.45
9843,Student_9843,20,IT,60,86.65
9844,Student_9844,18,IT,60,66.21
9845,Student_9845,20,IT,78,65.05
9846,Student_9846,23,MECH,77,76.58
9847,Student_9847,24,CSE,78,61.9
9848,Student_9848,24,IT,66,62.18
9849,Student_9849,21,CIVIL,93,82.22
9850,Student_9850,21,CSE,51,88.04
9851,Student_9851,24,MECH,77,66.07
9852,Student_9852,24,CIVIL,72,91.82
9853,Student_9853,22,CSE,99,74.22
9854,Student_9854,24,IT,99,69.52
9855,Student_9855,22,ECE,35,96.28
9856,Student_9856,18,EEE,50,71.06
9857,Student_9857,21,MECH,98,76.55
9858,Student_9858,22,CSE,66,76.0
9859,Student_9859,18,MECH,80,77.62
9860,Student_9860,24,EEE,52,80.33
9861,Student_9861,19,ECE,84,64.34
9862,Student_9862,22,IT,76,86.26
9863,Student_9863,23,CIVIL,38,95.57
9864,Student_9864,19,CIVIL,74,82.48
9865,Student_9865,20,CIVIL,72,67.59
9866,Student_9866,24,IT,67,89.61
9867,Student_9867,20,MECH,96,93.35
9868,Student_9868,21,MECH,44,88.87
9869,Student_9869,19,CIVIL,90,73.73
9870,Student_9870,20,CSE,39,88.28
9871,Student_9871,22,CSE,82,83.77
9872,Student_9872,23,MECH,91,80.62
9873,Student_9873,19,ECE,81,98.37
9874,Student_9874,24,CIVIL,59,75.34
9875,Student_9875,18,CSE,71,63.48
9876,Student_9876,23,MECH,38,76.6
9877,Student_9877,18,CIVIL,76,86.85
9878,Student_9878,21,CSE,98,81.4
9879,Student_9879,21,ECE,35,86.76
9880,Student_9880,18,ECE,62,82.02
9881,Student_9881,22,CSE,43,66.32
9882,Student_9882,24,CIVIL,89,75.84
9883,Student_9883,21,MECH,63,77.72
9884,Student_9884,18,ECE,91,68.94
9885,Student_9885,24,EEE,99,68.95
9886,Student_9886,21,EEE,88,79.32
9887,Student_9887,21,IT,47,83.17
9888,Student_9888,23,CSE,79,76.23
9889,Student_9889,24,EEE,97,92.22
9890,Student_9890,24,ECE,87,79.56
9891,Student_9891,18,EEE,68,75.64
9892,Student_9892,21,ECE,66,63.04
9893,Student_9893,20,IT,35,83.61
9894,Student_9894,23,EEE,69,99.51
9895,Student_9895,22,IT,98,89.85
9896,Student_9896,19,IT,41,90.2
9897,Student_9897,22,CIVIL,89,81.35
9898,Student_9898,18,ECE,77,68.49
9899,Student_9899,18,ECE,57,76.9
9900,Student_9900,21,ECE,75,70.88
9901,Student_9901,21,CIVIL,41,87.46
9902,Student_9902,22,EEE,41,72.23
9903,Student_9903,24,CSE,72,75.44
9904,Student_9904,24,EEE,94,90.74
9905,Student_9905,18,CSE,38,62.81
9906,Student_9906,22,IT,42,98.65
9907,Student_9907,18,MECH,61,80.76
9908,Student_9908,20,EEE,85,77.64
9909,Student_9909,24,IT,64,85.23
9910,Student_9910,23,MECH,71,69.76
9911,Student_9911,21,CIVIL,64,92.81
9912,Student_9912,23,CSE,70,64.19
9913,Student_9913,18,CIVIL,75,97.85
9914,Student_9914,21,MECH,43,80.95
9915,Student_9915,19,CSE,60,98.36
9916,Student_9916,20,EEE,51,97.3
9917,Student_9917,22,IT,67,86.19
9918,Student_9918,23,ECE,80,85.21
9919,Student_9919,18,CSE,40,67.85
9920,Student_9920,20,CIVIL,73,94.39
9921,Student_9921,18,CIVIL,72,66.64
9922,Student_9922,22,EEE,43,93.03
9923,Student_9923,20,CIVIL,92,84.86
9924,Student_9924,23,CIVIL,39,89.15
9925,Student_9925,19,ECE,66,82.31
9926,Student_9926,23,MECH,88,99.49
9927,Student_9927,21,MECH,39,99.75
9928,Student_9928,21,ECE,75,95.85
9929,Student_9929,24,CSE,60,91.24
9930,Student_9930,24,EEE,37,85.91
9931,Student_9931,22,CIVIL,95,82.0
9932,Student_9932,22,MECH,71,71.61
9933,Student_9933,23,IT,59,60.85
9934,Student_9934,18,CIVIL,60,76.3
9935,Student_9935,19,IT,61,85.35
9936,Student_9936,24,IT,92,88.23
9937,Student_9937,19,MECH,83,69.69
9938,Student_9938,19,CSE,95,64.9
9939,Student_9939,20,CIVIL,45,82.04
9940,Student_9940,18,ECE,63,93.0
9941,Student_9941,18,CSE,95,80.37
9942,Student_9942,18,EEE,91,93.17
9943,Student_9943,21,MECH,98,62.86
9944,Student_9944,19,IT,52,90.53
9945,Student_9945,24,ECE,42,96.87
9946,Student_9946,22,MECH,75,92.15
9947,Student_9947,20,CSE,80,80.14
9948,Student_9948,24,ECE,65,87.18
9949,Student_9949,18,ECE,88,60.52
9950,Student_9950,21,MECH,96,64.43
9951,Student_9951,24,IT,56,70.65
9952,Student_9952,22,MECH,57,75.12
9953,Student_9953,20,MECH,43,67.57
9954,Student_9954,21,EEE,88,79.06
9955,Student_9955,20,IT,81,63.79
9956,Student_9956,23,EEE,75,69.16
9957,Student_9957,20,ECE,80,77.74
9958,Student_9958,20,EEE,53,99.32
9959,Student_9959,20,ECE,88,86.19
9960,Student_9960,22,CIVIL,41,88.29
9961,Student_9961,24,CIVIL,81,97.93
9962,Student_9962,24,CSE,49,72.59
9963,Student_9963,21,MECH,66,91.49
9964,Student_9964,22,EEE,44,72.79
9965,Student_9965,21,EEE,88,79.78
9966,Student_9966,18,IT,82,62.41
9967,Student_9967,21,CIVIL,36,98.82
9968,Student_9968,22,ECE,99,89.41
9969,Student_9969,18,CIVIL,63,70.37
9970,Student_9970,20,IT,42,67.1
9971,Student_9971,21,EEE,100,98.12
9972,Student_9972,18,ECE,73,89.86
9973,Student_9973,20,MECH,60,87.53
9974,Student_9974,24,ECE,54,69.77
9975,Student_9975,22,EEE,52,71.16
9976,Student_9976,20,MECH,41,73.56
9977,Student_9977,20,EEE,95,94.13
9978,Student_9978,23,ECE,86,67.7
9979,Student_9979,22,CSE,60,92.16
9980,Student_9980,20,IT,53,78.56
9981,Student_9981,21,CSE,84,90.92
9982,Student_9982,23,IT,100,96.37
9983,Student_9983,21,CIVIL,94,98.34
9984,Student_9984,20,MECH,88,88.93
9985,Student_9985,19,ECE,95,60.98
9986,Student_9986,23,CIVIL,79,86.06
9987,Student_9987,20,MECH,91,90.08
9988,Student_9988,23,ECE,87,81.06
9989,Student_9989,22,ECE,50,91.86
9990,Student_9990,19,ECE,70,63.61
9991,Student_9991,24,IT,57,97.33
9992,Student_9992,23,ECE,52,80.42
9993,Student_9993,23,CSE,85,67.42
9994,Student_9994,19,IT,67,94.7
9995,Student_9995,18,CIVIL,81,70.98
9996,Student_9996,20,EEE,43,93.73
9997,Student_9997,22,ECE,75,81.55
9998,Student_9998,22,ECE,45,70.45
9999,Student_9999,18,CSE,64,73.89
10000,Student_10000,19,CSE,60,96.18
